CarID,price
89856,17638.97455044552
106581,20991.968172949768
80886,14091.364543791322
100174,18628.16373505781
81376,22809.295677100672
85391,9367.926679832512
82175,13351.772919930983
95250,14941.752148872532
85071,4878.819852191635
96210,18718.95051349225
80317,26301.13133196415
92731,23876.850811820914
107704,10632.442743402979
98302,7410.96753168758
107055,19981.864792425797
94621,35065.622950769466
91709,11851.920374294525
98193,43474.656354772174
76189,18778.641102512775
86871,12963.10689346565
102917,4749.110153879534
90923,26085.23578504687
101603,16910.27162360525
94196,27039.737730367444
85174,15168.434450990957
103370,13501.242524355694
107877,16361.724350278819
79567,16954.911246245698
90091,9299.72321517265
76169,15896.525263533578
98708,10919.921246495054
107347,24474.45816138448
89583,12030.78896702014
101591,15567.202285773063
92160,16819.690660230728
99676,12959.581842679749
85354,16085.973659870942
81900,11909.7934626559
80345,23777.673199681507
78509,29647.55939374435
100872,5489.737421414378
95087,24651.54144904866
86027,16179.358051822259
89135,15550.23576065911
80557,25327.777266687583
108092,11436.946281122611
102672,17342.901630139764
83022,5903.20048399322
78398,20881.917914567923
95889,28176.01491412781
81117,45623.9217481745
93730,20549.88221331287
101380,13196.826383146574
81772,27224.401307845998
85304,11865.875675552757
86107,6764.3825007297855
88696,16193.188394013763
104350,19956.92126889585
87331,12456.84941799735
85206,15059.062685613317
107445,25141.512294276006
106539,27565.302365316515
98712,26568.78068095252
96875,12747.529610438913
108464,22770.574697672535
99890,8357.746089657536
87771,18334.840226554457
79442,21109.707009110774
84170,11108.223235862111
103045,15856.40145599519
101544,-3406.7994255192243
77350,9590.24549663323
89225,13869.290032290854
79565,47542.28739139378
82849,11501.088759625476
94360,23968.42923346741
103040,7380.813345234506
105101,43909.832629950935
97077,12957.39975505363
98674,13780.245016883928
93447,30135.231312150558
84951,20538.820072965755
91953,8898.690490086883
102101,5812.482356014341
92604,27967.992402743097
89010,9576.018829874622
102729,9863.993236877926
88024,5641.056980773661
104367,13033.441586727859
101230,11003.157308295093
82524,19334.980917010645
95279,34944.24740814972
106098,12597.746155877452
89749,10351.309877272666
101277,5168.582141309802
108016,25756.130386494027
81259,31099.492010169968
97434,21863.1657380923
105289,26258.554882597513
103379,9438.662942833616
78317,33419.278177415705
104166,20136.588026684272
106660,25905.693747580022
107490,14325.602444593562
90684,12645.50348667297
90032,7133.658698223124
79481,20602.999482935644
102524,8785.28206664446
100778,17797.66805376488
77810,14523.342122926435
98979,14070.064406204561
76558,23275.99833035632
94550,28814.37468257296
107246,3244.379781347947
77429,24452.2350792589
106105,14226.441096007766
105213,12352.368669275776
102747,13655.737616397731
104958,16574.636672949695
96036,19448.832476067982
92310,25070.224947325783
100837,6774.679858064308
82858,11783.873664287676
90119,9752.024083027034
77304,25058.8547219772
89011,11085.456007773886
84623,16936.112086725945
99665,23691.037717141226
100592,9657.178048213565
82623,10441.128708675504
92035,21273.58838562893
84305,10798.15661097868
92903,12192.168078915565
93398,22549.14278120546
108067,21101.590496812743
85062,7475.800753893403
81727,36762.145524321095
95637,10275.459003731987
89690,8205.913546300028
83240,19999.442551674787
89711,10319.368245742808
96945,10409.522961437353
104924,21982.77939192888
79633,20130.39647706761
89582,2335.244706164027
98080,7135.339903129148
85992,4737.090606237674
86712,15970.676581665495
105767,12945.86320158135
100590,10601.09874635699
104574,15411.623820908251
97246,11112.337735673587
78141,16231.503548356384
91590,27876.13036295348
80767,16160.15122246604
100344,16558.644639807026
88987,22185.147588430846
96479,22122.252262902854
90598,11320.01272674618
83880,10046.910217934303
86802,14360.099027834454
103078,16419.523578763532
84736,9499.75509842101
84196,1626.296003670781
102062,10374.203009186545
90110,6242.942158746853
102907,9434.13244415383
81776,24046.63557444558
102431,4151.311860982823
80442,14581.666501016982
78656,24936.694397718922
78537,33867.326072869095
102511,10306.936896336643
93612,21541.31574758685
99284,9329.922445830802
96315,12851.654568022146
94305,37437.52733520203
100636,11418.487572313112
81816,15797.787442512461
100352,16988.753525527165
101476,11499.452505786612
93392,30935.916284603853
93995,23214.354432692795
94261,26670.13720736059
89117,16021.41409814218
86506,1855.0499946757336
88456,9275.950095724344
84134,11435.321735518854
81088,12236.75664854773
103960,12037.493621514324
84925,12175.631297239204
97306,9485.358657763834
83752,6321.687765046663
100696,2809.3934543720097
76472,13397.695915661316
101128,12689.789308890031
105932,15319.412607216276
86416,3029.2119540704007
79616,28602.665694804964
83395,15175.245453408075
88734,11941.808568174543
106676,18488.057946178073
102442,14006.73225553194
88761,16660.98453041358
79708,26648.74677897789
96808,20101.036422808364
103755,7455.65424922567
86273,16805.04582158316
97635,28313.002153357724
80797,25081.242024988358
108000,18656.62386944561
95126,37794.98162548609
105187,25313.56359974525
81613,20038.130773582903
103906,4714.19269534637
105729,6044.964881667009
100637,18730.9602872252
82861,7512.23849432655
107823,17361.07824369229
85274,15777.383171771464
88926,14053.019479610899
87871,11011.453908749681
97970,6071.474419269332
98044,8725.541294987794
90277,15982.687527017057
85647,13195.23488197272
107447,20487.988417829925
79418,7966.39256987712
80383,28024.285941733397
79894,16726.365546993096
105875,6035.637471453811
86032,2572.1707185375853
104423,15982.809252061998
78437,14179.034397013078
79480,19882.987917782768
89973,6249.020808819594
94007,22008.325218810816
93952,12952.521641936473
84548,342.37452698307607
97885,11218.72577601859
86571,10120.632426816359
77839,35657.93236962476
102201,3616.27627386112
98731,8382.445320194762
82395,22286.443679824515
76816,30543.48497488632
97956,6082.434011892896
86012,11733.433329191816
106393,22293.59129599108
81832,32877.72263692504
82787,20684.669981942425
103974,8411.42494315718
100725,11691.040499399198
86552,4415.756156427931
80174,17434.057086733053
99189,15458.204537665399
102543,15008.416545987347
98518,15966.614076539612
100334,10066.022466957424
92673,18396.10391403851
88008,12180.053411242872
105207,23478.027808370374
106462,29594.466666729466
106106,16662.299312005664
79705,19717.965003788122
108193,18936.938841853436
89668,8031.954194011807
86435,12390.869941918238
101281,10862.694415941805
104753,27038.84194841952
79004,18815.75977107705
89732,-2616.5160024735524
89201,13569.563782090758
87282,13104.032030589791
101589,6658.356981743127
87352,13596.012687042297
103388,8147.349178695382
93619,18586.90326336556
101941,7181.128138041415
106533,14146.083626036227
90018,22939.759268148686
101265,15308.373330952832
104255,22794.1951169503
80093,27232.89397792019
82433,5848.828753386653
77254,17793.28887012163
106400,27789.958338724056
79847,12837.774406704499
95735,26515.005795583595
106733,19242.361242735467
76318,21595.989735658484
95966,30286.06644269651
101690,12616.820883896871
82845,15301.774075437424
96266,23659.970178657895
104175,27579.94639891929
97347,12548.220462568715
92730,36876.18321613119
84738,9322.733947728237
102596,7211.505671481951
78356,27733.604864894238
94062,26427.200694894505
101662,5741.184695672651
81715,29066.30013382458
103046,11119.21390509294
108133,5655.851321096503
96302,13253.744458855916
83859,21653.825734347673
104815,17427.310490393516
95903,26829.19994460496
79683,13591.717183757166
88888,21930.182290767872
80529,25760.43785237032
81898,68718.52175619271
83435,11246.476459408543
80448,15148.93227714159
79241,32813.57779045358
76056,19624.00653969377
76342,17650.434623371024
98238,12043.929271451489
85878,6924.666897962568
102846,5546.955384607223
90215,2764.569121076056
79635,63943.78970426708
77561,15947.786848526157
101151,14169.268862454948
93594,26347.74560432235
78703,34151.857348920894
87596,5539.829087057937
92572,22319.928610546354
90757,8909.983400120938
95881,22607.06367201214
98008,15506.028281520004
84805,8883.025503325945
100888,9811.917616668012
82504,15775.198170665928
82177,15603.938318297354
89472,28990.374158286955
82301,16439.888414832792
106483,8430.480541739846
79808,14735.600824232446
83412,17176.91409489789
89386,18244.81730223175
89889,24353.29608074727
108249,12837.692866350291
98252,9890.017661513179
83525,11728.293310292836
102595,10314.9448406858
94255,13634.76518218004
91259,29164.03207196726
99539,3664.9464987514075
97379,25732.89477691702
104452,24492.91145166426
88479,11351.531825121696
95424,29337.60732120143
94732,45579.92509121097
89025,10146.301123726647
89497,32555.91490981575
92405,21650.350422309057
95346,18019.086623581767
91337,20176.997766386005
97739,14438.727948129264
81087,24920.964586363843
80661,13841.171225180122
105537,14381.489178353397
81073,24551.039777112514
102770,10337.592907514801
99299,11061.861689644778
77528,18093.194313485074
95278,40742.98450907195
106536,16949.951557403518
79421,17912.292916426348
105026,25649.557956679622
97887,10809.443194591731
106163,11665.914905216516
103242,3469.442670458695
103098,8978.845971405273
76195,16031.064752427046
103418,12379.77064967365
102091,13845.865702020004
102341,5897.098638192925
100315,20628.168693211293
100377,5660.078521490825
78857,22363.332188387198
93748,25734.82553204712
107891,7163.350942812453
77063,27424.26631386031
86916,3761.02797767843
108347,10148.31122484547
94475,21430.17504498799
100383,17885.056494542252
80618,27744.96194991299
98926,10084.417053511774
77228,14574.780589847389
106915,15508.92262563546
92594,15047.581009026384
80745,31943.63954179728
78361,8059.171827542654
95725,26584.134280252896
105171,7686.73679504254
87007,12115.809631125216
104121,16836.372793738206
92877,18178.72520716666
108335,35988.633375771766
101357,14768.577681956289
89325,9033.002952122159
103144,7506.281945328141
101413,6429.1881471088855
85182,11107.11247942978
84097,17948.99820170946
101970,2707.487964428554
98315,286.0761704587421
89048,9987.651272527306
106141,9348.905142592936
87105,17122.84130768456
88472,13938.414214290955
93361,13585.364890697994
87040,8010.729001232568
99831,13268.549722544296
95677,16466.111392294522
89770,6034.917293249338
77371,26641.02081596607
107143,20538.217383057345
100271,12685.576819431022
83905,11973.979433883229
101531,16926.927472069015
90617,9384.156573773886
83895,19477.688189848763
89453,16075.531500043086
106012,21686.954813981778
76381,22671.57863518178
106986,16736.349717839636
84143,12541.63493975444
91665,36889.30786820437
81350,14354.172146709345
80422,17124.599170172238
84794,6074.7994641377445
81156,27803.51964457074
77082,34576.32301901627
97356,7833.546467108041
82730,17339.826107820554
99244,12603.805381477723
85538,17261.85192099298
101585,11764.45613081468
90288,11152.787845815983
98799,-4578.506454905539
93547,20248.61378474458
85142,9441.668598093209
82012,32791.025199364856
89654,15446.674205863499
102304,14491.312138512294
79288,40787.39279104666
77400,12296.986419010529
98597,2731.3663002144312
103156,8008.042022040187
95446,29468.882577412194
97036,11770.26468744714
101401,11019.287970472215
80817,11675.147358504953
84078,6764.371256749975
95390,27429.556157267172
79883,23493.085778794644
104059,14572.421074801416
103041,12560.264206416294
81651,14978.951902984292
100432,11667.21556519455
84933,11236.889566270926
81600,20192.698907751706
78379,6639.183593246184
90816,8761.255377028894
107414,8185.418924430589
105633,18372.262747713103
99508,8045.468878743064
100874,8987.854604538355
104208,15541.422289633134
84774,11692.81959448065
96518,5295.702785249101
91543,30316.777243043587
107146,20353.943119497257
94426,14702.337704962905
99059,8449.494779570989
96640,7968.725851674128
81277,10472.575869766137
102409,15351.44490105784
104800,12778.277062782785
107498,19704.230256984418
90942,31972.707056095096
80202,22244.46954212882
76794,15627.627627392183
88973,13996.127864523209
91958,40427.87444226681
80562,22418.39859579617
103486,10909.772867174062
95237,17310.916624741643
105569,17884.443872705946
106560,26153.086280127987
107977,12978.564928128239
90076,18026.057945883484
93050,19314.967811475246
80609,25817.238452728256
88557,15975.593468464998
90894,21801.52259003227
83669,6845.050467988098
78849,18558.57304500803
101275,7517.765736488625
91858,8995.599568867328
96243,16429.68736653558
106227,25684.916818911996
105300,17225.513435150642
93065,28434.570888423114
78002,13609.805981999554
82500,13767.01049443928
78204,11729.75604747844
107851,7533.418442121896
86217,6137.535627967271
82662,6393.972322143149
93324,28858.13825023065
79680,14534.639715894387
104920,20618.983686858643
96735,13174.931408977835
89992,7991.7755662499985
106961,27227.452346071455
80078,18012.949082705716
101429,10105.339255891799
95551,21671.314290020993
79937,39480.53595722075
80680,23093.560410820486
99448,11551.268662980481
93909,30057.952908698804
96888,9203.184488114202
104584,13570.640267759823
107289,21076.255112626037
84126,14480.573785446526
101282,18514.096119614725
92474,24322.218270126978
88871,15028.445871046046
107177,17383.4487803745
106026,16620.053114141047
96937,11049.106060392412
83543,6520.426005424873
81094,18232.99432472697
77503,23006.016066273936
85351,2574.9394119726203
96000,21033.019120569166
87374,15199.26802785095
86394,19665.48306877783
108364,12484.581566161054
91441,36060.581979760216
97039,20822.66222123534
106685,9538.503815406613
95631,17059.18025312107
101883,5903.0869511891215
78238,10550.9986462105
97508,7685.154872990941
98441,13324.41411535989
80066,16181.185126313343
79095,36980.45339667532
80007,22181.629228719437
100219,7716.009920393495
82511,9655.194664581562
89270,14284.984811473201
88713,9306.753991777281
100353,16954.60598484325
102841,-858.3129340476517
90117,12195.608031221826
81549,44978.07833855036
82350,32436.979986119244
76546,33222.13682011889
81013,20744.695608146023
91240,20794.70265654866
91542,23236.914050126245
104518,14088.112224321347
93537,45861.198129091936
94372,23825.132968136313
104419,16703.312038820397
97636,15018.527566064498
96288,25273.91342945496
78717,9598.751427124662
105610,21730.052728061855
97754,19375.87134585991
81458,12713.485710292589
86931,16877.437055003422
90713,23630.841939760794
90909,31106.742316977034
77251,36954.17308122113
95081,10965.83546693562
95560,17315.099064058624
93288,23370.8627387413
105036,15978.951145757514
108490,8527.263638037883
96935,21703.3351730367
89373,14289.765608953458
98010,4565.435289404573
104699,26589.662469356233
86692,8480.750145172613
85024,7532.057072461059
79086,33358.91472466463
89939,14820.35681267269
79098,19578.277740843972
86141,17285.957168630237
105462,25479.10290090686
92870,30233.39456209322
92163,23528.541141466092
87481,16663.685893122194
83276,10340.64261165839
79356,28213.496390986358
103602,9757.004279506946
88460,10409.049102546443
100934,8317.015327773668
96659,6228.371733812528
83204,9857.13758887173
104621,21171.239575354615
84110,13556.21821663095
99265,14939.61896088993
79574,13319.413056361955
78186,14201.412619040813
87005,14559.846800077037
104043,15630.682642945147
81574,27534.657311989416
104091,12145.360572405276
77759,25234.15111280624
78181,10983.183902821242
96169,9372.986089320737
98267,19164.863590817753
97837,15297.200338288138
80133,29460.955936540864
98571,9923.395406331285
88628,20742.026323829603
78622,16500.65731027772
88678,12191.73373065071
87278,16967.600355031915
86963,9198.993397274113
100350,10460.98326084431
78771,15339.702643558849
95935,22765.562148184414
107590,14325.304402369831
84458,12334.06020352937
85656,8989.372471704817
81611,5778.033248538501
92638,21822.86668836219
87478,7265.016567236511
98407,-3966.9281649854747
95581,13783.058412844344
100645,12785.916004718078
97184,5748.737702935643
84473,14359.22209580915
88951,6702.9968622346205
100836,13741.717760703963
91338,43039.93598098542
94112,14988.051972386442
89882,16453.209815304202
97097,8493.750789549056
99151,10728.48947493422
99607,9750.07313704869
78931,20031.79200326829
97805,6553.632315564435
97477,13644.630705615564
87819,18858.317220497425
76361,23917.02040598821
99201,28592.97142679135
103410,10798.152487624728
108436,16193.0999587689
105558,18155.78079955018
88025,5919.835196837928
101944,9224.80466920408
80786,19430.81589027049
84001,15754.24875528118
78304,21524.63451817591
100501,14687.714079629513
99693,6891.863055510432
94557,26457.558776131395
82152,27170.31564758536
92039,32713.790549477373
83177,15101.97061397726
90726,6413.574324765708
82879,16019.17636396995
87378,15889.24548197849
91699,19360.598227836803
85500,18424.414032532135
97050,13689.2015647277
88754,5855.138689384883
79069,33489.53743908726
89329,18365.573547082604
102605,10617.244256357575
93090,22142.87637729234
108403,18296.462874659832
91391,19643.553461706833
80964,24081.0293940618
89444,21022.032021428808
84092,11902.216755459347
100617,8863.768040173629
107962,20456.233998191048
106640,6132.709534091307
95123,13594.984306436352
99114,4155.1998183138785
94461,23219.74473992607
88654,15510.686514446686
80421,13404.023146634063
78113,20232.809837319757
100558,7643.040404799918
78873,27962.215915367924
85480,11308.447882593988
103902,12562.618010744234
104816,21599.816794543556
89039,13310.820241601643
95169,19120.887146715206
93971,21798.816239433567
84450,21895.32968824773
80824,30692.3870847083
92545,15300.743518366653
89226,4499.364786693739
93873,23592.53726198418
85871,17549.816047798493
86343,11580.465064314456
93634,37063.27741109261
106942,8663.093461860146
82535,11180.386689333362
92259,20438.817501859186
88794,13350.732695523679
77385,31702.83258353111
76996,10717.049852926808
102708,9989.144857601146
81359,17206.74810075987
90486,-2134.74927805506
100200,8680.454449286612
87970,7787.2482769880735
107512,10882.868161926686
79078,26908.79867570591
108477,15663.371320126811
80312,31297.825551150963
82208,8413.431548800087
100695,12352.948952623468
99506,8842.864343883382
85773,14966.869615632982
101887,14096.963056141598
90129,11875.887770317786
84730,10287.941788261582
107601,24631.521458264207
89592,3868.2593547945726
84844,13945.815235109156
96938,15121.236255388387
84981,15925.530441204028
100698,12289.802184463333
103306,16655.871090765184
107175,26405.771827887147
95411,30032.201923827553
101169,15930.140182614414
99407,21047.959695717916
78248,15471.06228460076
79031,16559.645583672638
91040,20256.332834090106
76464,13462.852163860603
102813,6755.281023831762
86811,21833.579160714115
81191,25785.080773176393
78202,30762.74755606003
82471,15800.736472447243
103920,15452.522986482421
79904,24150.56561065851
95670,24815.96790621933
89931,12064.727233406069
92605,31133.009638898206
85695,21377.66824326178
98750,10634.88971995993
101284,13142.538029848161
91932,21793.521909005445
98623,13021.617577023833
82499,12251.463204288477
93193,26533.02105504158
106110,16055.977592484836
78500,26446.192100194254
89447,14573.790406078188
103373,13528.425010349689
87872,8111.95219179611
99425,18330.88596003884
96552,5093.379761242948
105787,7199.2463503084
82567,13301.216209980805
102894,8808.345154168448
77641,14472.722119541708
100827,12732.017502523275
97712,14162.454726819182
95197,28365.87258836422
102993,13122.457450370508
94855,29895.500354524018
81534,18929.493873553
95133,18093.176542301357
107468,3509.7427204471896
86402,12732.390696428047
102666,11586.900967734284
92984,27170.328705746302
93891,17521.019834625607
94312,19268.559241462528
91959,34278.45165207297
91802,27961.797167492477
108175,16325.0764531873
78293,28183.11163767187
104991,12673.632743842434
104302,10274.72028483561
79807,20945.102272958684
87167,13917.672302520223
78620,23249.772521864506
81174,23738.389987997143
83125,5320.9690655884915
103123,8092.006578198256
94065,23112.287236054355
78480,17431.871761730057
98280,9030.398091431009
83415,6938.774458672895
92297,36202.3239996007
100221,17278.055232289247
78829,19178.58801469342
93418,24561.97659075391
83424,11522.591114069539
101749,6397.224614454637
103456,11437.41758472359
88503,9790.441732228792
84931,15735.188235256282
107552,18191.943973419024
108037,13536.518447303388
94539,27852.147027641346
83697,6351.964724250109
87455,17662.638639826502
103044,9866.600322929764
104852,28414.316560327323
93437,36981.57018275924
92885,16053.489497157687
80922,19974.73218600874
102886,7174.491388432143
104586,19066.067375091196
81164,14988.671246665195
106074,18828.820949313245
87617,17347.658907190926
84513,14196.090170459676
96743,13009.71556547255
81209,26729.031599797934
95463,13668.585903145766
95457,20227.06462296065
101606,12243.170989307371
97485,28269.059720282356
91916,25746.211112753677
91629,35461.19606133018
84215,13033.535967727512
108190,9359.997919408503
88314,21741.341771214793
104526,18551.463289473308
82467,9684.43395416392
91827,27021.953379084473
77885,49512.79115643643
83459,7937.035209752183
98375,18352.979617948993
101233,11635.397970914113
97186,11284.60619139555
95520,26766.34637157597
95216,38858.272576558214
100878,1945.159440311225
80031,28358.725750488054
106134,24810.367181523412
103526,7070.26085927253
104018,37736.7479969704
83920,9741.756095560864
88245,11024.562664297962
86248,9141.839364511397
86315,15554.640129503256
108157,27668.936508428553
102814,12011.537668783596
84371,19325.52248629657
95270,14717.717541121121
107670,21083.532047029978
78745,16178.670217508014
88772,12554.385178331402
82335,16463.34225728782
100049,9724.574168494903
84953,9313.469840957492
98948,17044.165399267804
95952,33978.277946530216
93638,25006.085448177313
91164,30111.894389850917
87627,18735.54420267316
89209,13838.096079710493
94140,22873.279914260755
86567,8914.035206954664
81451,31015.656961874876
94658,28427.32553839349
103969,6314.332588795267
90158,15074.9647345712
107712,13528.239493453642
102518,10702.342191976757
91367,26561.606942996397
78764,16396.674491107246
87411,12900.029372469013
80790,44504.171677384365
97848,16163.108071647497
97985,3350.6521899664076
99323,3811.8874163243454
96854,12256.497922485782
103917,4976.721784228197
86223,5434.579019913421
101812,12452.90830613044
102098,13599.29477459719
93414,11403.122779416008
86794,13098.022988211014
81508,26853.869526747687
105781,19312.638568532668
103758,7971.010396587284
100877,14748.539551782887
83075,15469.436116730038
100303,12752.435951190215
85269,14841.432741254903
95693,20264.097324262795
85891,16569.948338602844
85991,10732.253866979416
89378,10048.777953641606
79718,10935.261056623189
96415,13168.178225458454
87510,10314.179079863738
95579,14866.765558307292
96453,14600.654253752466
80182,31435.564917489348
103363,11486.280171862338
76430,18969.62976840054
86302,6175.252932318166
78876,11949.42032287069
106740,11091.61091124246
101855,12008.134469318087
78987,26718.75779775437
100155,16723.504393656796
76069,29291.367199709683
79889,21261.80200862566
104035,12382.614789745014
102533,9116.19742797155
85374,12604.073950048434
82210,23114.979167772064
81145,15184.971172756632
99738,15398.722101620806
98201,31663.13922835949
88630,11204.781961793517
94084,17694.72856131727
79771,24549.685910224318
91057,26711.948558149496
92492,20429.824443599515
103600,16154.78176330938
105315,26760.080060481632
106151,20768.440391630822
87426,6249.468516431196
85249,9559.851167462475
77379,5917.1295844378765
76190,13275.518942857918
89820,22466.541147708806
92650,25416.53097443354
82906,17308.22213401254
104766,16698.12490725136
104673,18765.02333527847
103734,3382.6676215505577
87652,11058.557758044713
107399,15640.822993287991
97222,18643.71910484298
100614,8602.046419880353
95807,27069.22760423491
88084,14652.248307353526
97997,14218.127270347439
83321,14267.485313643236
83002,14292.061958821461
103995,9916.699151484412
102305,6121.926850146934
97774,23977.506812378648
87737,12782.50975509052
102191,16731.379758545518
78470,25124.258243290024
81787,24528.624469927745
90975,34236.04561830369
76598,20729.303807446136
88308,10513.975970840314
105997,7975.022705464362
97095,21087.5687789136
100555,11716.685539992352
106628,22656.76810029488
84638,6236.3700477354
106752,23132.351818902942
88072,15110.40204433343
86734,12668.194481559884
105842,23557.66824722114
102037,17161.131021276262
96623,10523.14187879971
80943,15535.144925077911
107882,10614.186188956053
96069,7310.227076005453
86796,19531.623340166218
83234,14762.6868820003
85044,13193.598712322506
76183,27467.082588423233
102124,12679.239777575422
105963,12057.552875561538
108127,13943.883729703608
76435,49297.263250871314
89809,24954.531443576416
98129,14208.281055116327
95632,26005.950009240638
77264,27782.207544608988
102849,2276.0555491379782
106860,15445.693452401378
90177,9262.543550783012
104336,5104.842890703701
91068,27282.0440325511
85416,10806.123791087506
92720,20723.186436236123
105257,11606.178427725099
94524,17302.419905668445
87069,15597.574203571829
79026,16856.27445484388
100533,11394.187858058955
107396,7196.350197713968
77220,11971.787937719462
76863,12360.56085955484
89441,8589.79502940175
86301,16865.365671206586
82808,16451.04470747718
106681,16284.122880046503
100673,10558.40279055378
87115,10627.520063797565
84819,10745.519782860996
99889,15114.629786827252
100435,4346.142274060519
91329,19812.7679939629
105897,12571.839645182452
94788,21796.34724110653
96403,18581.23054434423
105780,25998.907567396207
81290,22339.059282367598
91689,18869.396156164905
93660,39650.625770876664
84018,16114.123726015736
79166,23438.659612717238
99850,14147.038724401675
89900,14340.158632545965
76628,28219.82302396577
99136,14267.480860858064
89388,12284.765061205224
86441,15266.710790529454
100362,6892.601920600893
99493,10510.540934064804
108082,15560.933939120427
94759,22923.723346447427
91954,28431.595328508352
90378,17096.57758153201
86126,20002.807599117048
92990,21319.77280032284
80507,19756.858305436937
105394,19150.3243495824
80679,10897.579499627434
94014,24161.723247985545
78092,25255.466215183318
92725,9892.557298886444
104609,5672.955030348094
89940,19685.4266114926
84337,15614.99782509351
80392,17817.433747461953
90992,35175.90194172629
88342,12960.697840217399
83193,7305.584074322542
83080,24439.312674173998
87197,15523.500494499982
106043,8817.932235993154
81316,10524.24963276877
105197,42588.44838351103
86103,11327.155092401226
107819,36707.01378638504
94911,19897.947367758534
76597,30872.149999203117
96614,7528.936584509516
102197,4120.427064727381
104617,5473.738699614332
101445,11448.361177245213
94521,39378.920076397
107290,15705.048142794185
93099,35880.561855619875
82179,37732.69709810057
96268,25004.169095568664
83202,14846.777393183438
101568,11459.162637137284
89145,6103.592247295164
82718,5293.726882878778
84595,17047.763988610357
86633,13598.327944452962
91925,39770.798270509826
100357,8153.982008956053
93684,20233.564965959595
106465,37653.10383916841
84631,16083.228258223273
97796,10244.358277589316
82836,13480.757240253704
81314,45136.340851854955
96868,19479.81318388396
94329,17203.64297877888
85728,2806.10083441771
78259,12488.187334011891
107084,21141.412736018712
96134,6945.366975227633
81583,26229.098890734836
104264,17918.403354049908
86202,14275.916799045663
102867,7716.79845907414
83461,12474.170892266178
77589,20603.85227504508
94394,17483.72553559691
87588,10626.70377020631
98769,15214.185814032768
76735,22967.247520451172
105592,15272.129265320458
95260,21159.936155066374
82699,6987.085530554643
95827,26755.646887548704
89294,8879.21811903984
90853,13741.563186128245
86522,10002.19639717674
80958,35434.878136361905
94038,27415.26418705305
88512,7290.79599346919
80219,14068.923274902249
86063,-650.7372408395458
87724,6574.920773833612
88835,12601.402047433105
105687,18213.16763268043
83567,13358.683524003107
106584,23850.717129516066
98492,9228.038521542127
94494,21952.597246184145
89061,5385.4779715053155
103125,12788.169555871922
103883,12213.448580948083
80430,12324.265261209744
95544,28687.324452792367
105136,56696.25623643522
105560,5405.378239018988
108397,27074.5809986003
82236,41306.06825750219
89477,12776.408511580332
98106,6162.908460042003
85996,7608.22533977071
103439,15510.84774343064
90831,8619.752875831851
100746,14916.668596969248
81518,12022.851901142218
98610,11683.815508138796
100644,12756.212016031088
105486,15087.898880660068
79765,17827.761778196087
107609,9568.518732625875
85407,13775.191948632943
81527,26634.57910759945
80955,37978.03062874891
79400,25900.683411797057
101238,8781.089490282917
87024,18044.44914242209
88662,9195.524103227071
107983,24867.739886284602
93662,26002.864955758414
81557,23139.09938904598
94520,17648.854744767596
97010,15147.636568098678
77628,27827.329007910128
89561,14975.524304184015
104218,16620.946822220867
99839,8621.891630486381
87279,8233.363558590005
93760,24728.296519852403
89551,9775.62875758679
82714,16377.600221108762
98166,19371.390280376043
83812,10994.598076226277
102617,5490.345416088996
76869,18972.560579528013
103735,17763.504258062923
94201,22458.3437538657
107893,20291.643713345635
78651,12649.13262246226
85246,14008.275372785953
81194,24078.563267011123
81133,31411.29572518327
95611,30226.37481588978
93004,19545.82354749272
81826,32753.41648239059
100157,13658.729124461708
103768,-125.27031693886238
93350,19023.509903146696
76901,22688.81202811892
88742,11942.171948653122
102866,13889.861846552332
76438,30691.638459721595
86105,10452.582135640594
107506,25823.38160777201
108520,7865.67218893391
106613,10926.669513536443
94164,35305.69362022697
100964,11249.518356542889
92769,15662.46249079371
82221,10004.643243468105
98686,25296.8572759144
79762,20017.651053184905
84645,18522.50960662037
107656,22980.300269634725
97538,16719.10283148504
99552,24434.501842196463
102157,8135.900424377527
80935,9628.141710828902
100578,11272.046776078176
94686,25141.13833773193
93268,38453.13636653917
91842,23943.162985879055
95609,27125.167262865958
91576,23670.734069457205
93139,48051.37900697968
101030,5766.058579446981
80172,46769.586199029945
106262,17509.140932933093
101562,12343.566426790087
102273,-5627.80901396941
87102,3816.0414835576958
78491,18368.144016530525
90631,8809.172275472898
94672,22378.951872456324
77261,49592.27140130942
80434,17851.083500818204
86840,8408.58595629214
95011,26782.28234431536
90870,17425.577533259464
97999,10795.79556566404
77016,33802.34662020448
96931,17082.827510625895
85215,9118.256549578102
105268,16243.674085006569
99519,5298.55352243215
104056,18904.36685916083
91117,44794.46091142285
107099,21502.5483728064
80475,13751.027614635881
76216,33516.97680713436
93207,27332.89223159988
105166,9063.951911169162
107209,16884.97297356234
100109,12098.683121847891
87232,14047.513325147098
102624,12576.580483698679
81948,9990.192639463741
93625,31571.96031553067
90334,12069.345739804412
79878,11361.552809605724
105653,16656.05924999682
108014,15066.342100842798
105491,22563.87848843864
87064,12813.695683608297
106773,16266.442414164165
93489,13383.183712625294
89490,22318.120209212604
100771,14830.332914650673
100803,11887.316207495547
92144,19683.924537656974
88632,10404.801255087543
78778,20347.081694748194
99308,9139.391360622278
77161,16305.511802794368
97501,8186.775045414179
100933,11430.991488096217
77489,29754.584994641133
84309,12905.310206706228
108040,9534.317687305243
97159,18005.91961649235
95779,15983.690480143589
89650,17037.26611195586
80999,4911.383285819349
91887,22267.937541655556
79753,46943.74838642878
84669,15073.826974964322
76401,16029.817374485632
90299,21418.18280406254
80820,12703.528705723875
80744,33836.42150956672
96151,14632.104254830541
101368,10765.380206082162
106886,21212.133661787535
90590,13245.62363948283
102988,14340.477088317508
96155,13941.749522058468
98069,22476.23378492809
99349,23267.380098491005
105341,6931.644166904676
97054,11244.083951696317
80210,23149.117131726685
105334,16714.485293422622
88495,19293.10506972125
101578,18139.13827770998
103240,8888.012558620627
84979,11430.387349445664
88799,9694.788279186061
83073,9189.37736309183
107288,13065.34153866733
102097,14300.950287462794
99042,12391.171713065007
87242,12349.831151638238
77310,24220.276169705452
87982,17547.928898648068
95506,15356.546020486392
106574,18129.766641716415
80962,45191.50971960953
102168,5154.159768274287
102528,4567.84982749456
99307,15682.009620239478
89354,11239.5352605269
96717,9017.691037095618
99267,21326.792184176506
84588,8656.722074876452
88920,6183.457290972088
101122,14763.64825978213
100916,9970.63173645406
90206,13690.468418906967
100314,11252.908601432224
91528,35545.027699663406
82508,8378.582401639578
77095,30286.62339304287
105943,10439.69096825007
92610,26055.357793522446
76706,18466.524039781274
101753,9751.394016809587
97020,13149.149342159246
103582,13087.115388770646
89559,16356.197236698921
91293,14678.178861654218
76698,28481.608216540146
105365,25084.40498764746
102755,15055.620934989915
82363,15129.244090538981
94314,25472.90316142903
92463,23126.84095578229
107566,10318.952369565493
99251,14501.777319824818
108140,28263.78876553227
99394,12139.852370261506
107849,21344.97425205505
85021,11059.815065395698
98878,11901.326410183843
80258,7744.701340443891
85751,14230.05619571192
77932,17866.0685721075
92120,15902.281487542292
84462,13751.623922763203
104744,14369.46137008669
78174,13096.729465116994
76239,37097.17833994255
99098,21958.35958295359
78068,17661.23742165431
80129,19620.33178227872
92276,27003.700227888374
84297,25981.979741125077
99082,14889.098654978661
103218,12485.426490357146
100512,7969.14059947466
100481,6819.491726779743
77761,16155.091156761744
90764,6612.505379824986
103431,10825.812634494883
96133,19624.19876449935
80377,25811.280388020474
93811,15126.872012951033
99125,13952.85368711561
92377,23044.211437319493
84221,12956.053018763661
87280,11752.97039755003
91188,23111.73703482469
83645,8507.025779690855
105967,6134.694553193345
89389,10591.966873063851
78866,21639.041238399863
82761,16021.73301008885
95049,24402.009020960846
80729,8748.903076705843
76702,30168.83702026104
93554,15977.386810019787
98932,24731.811379406296
91264,24609.77708498358
86993,13539.247473265801
102784,13675.135875463602
79105,23507.342182625798
102943,11503.624785973341
77065,23325.707405530586
104740,17700.909558783373
95500,18505.08543254483
95345,18049.365787207018
103581,8492.936101737636
86417,16976.359973425104
87299,10410.1278983847
101375,14096.352018750782
97640,30005.55067632909
99560,4291.165911614313
105849,22862.725170932128
95701,39050.53297289314
89124,11403.93372161893
78589,21435.876907392376
86742,10176.093223093834
84620,12523.788887509058
91165,29616.35695026134
88463,7497.8640188064455
87571,7683.624339126807
104773,26127.38608236899
83370,13458.299192536084
105599,11906.757984317635
104275,22101.364329171498
87908,17935.92324247971
92637,6763.714624221437
101747,17895.449352685508
99271,6412.050471203227
77493,29003.61724863341
100122,3380.7759963124554
96424,12961.809360994084
103113,-222.3796095875732
107985,33648.95430700701
103634,8456.71174130452
93302,25303.11538565386
93877,18005.091711857487
98121,8336.372081011825
91191,15136.046988686605
99106,21498.152821233307
83151,16771.014183695806
87913,2751.248770511069
105517,15154.422544968518
99452,23959.302224537518
95017,22762.644203242613
98803,11126.347493998459
95625,27809.637511679874
76846,20364.32409410167
101791,12995.940901767113
79911,18907.55978670594
98545,10260.237953068354
106811,8018.5441768677265
78007,37865.643717125466
97259,16569.26357272701
96999,7428.830727363675
101969,4728.926886272908
107018,28016.01938950253
76246,25883.592977687105
77303,10784.830047086842
103674,5712.085699874879
100794,11875.548789463384
84367,20571.87829408719
101652,16478.648113799223
95111,20287.2550729645
96965,8117.810731678517
76396,16386.13524880477
80269,20167.37794683446
87328,7731.0777117920225
85984,15059.303296731348
80193,23899.026465745075
98525,2811.513743775169
77460,27480.91916482488
85424,21435.162708501448
77271,17531.86871039473
104786,28302.775155900177
103727,10236.87181259229
91819,26251.114643209236
107028,23117.94820824737
94966,22107.58417554434
78126,16638.27423304296
86200,17287.132388326077
100317,7032.825519362377
88403,18584.132071258005
102036,6851.967338814138
78858,25356.709471870447
85122,12638.469733284961
107516,20522.969558689234
103432,7955.301366884203
97354,8469.780824711721
100218,11991.009172968159
92759,15993.647135954525
107648,36031.34537018559
97107,21928.091534389692
90871,5523.666987041142
78611,33195.919099756895
107537,14583.584263545257
84840,12135.084330197511
79802,21185.689635832547
96763,5480.758773793612
93033,22571.4975563911
76969,30154.816239119682
106154,10275.98604844688
105965,9758.11608843843
83644,23007.325601413846
83889,16524.019810840313
88026,10682.960233933787
81652,30558.048521896795
77312,14817.341904046058
102749,13516.847820724142
84444,13994.200054630142
81496,18925.539745709044
107471,14328.86423380929
84265,3588.7623422546894
92346,31355.4385034429
87248,7581.240349516971
94931,15906.136801746849
93712,22697.195291682845
80162,24386.121452118998
79351,24448.421216045943
85734,2252.7407309675473
106372,12629.233091371585
96106,11387.366859228816
96702,23420.448866789622
76823,13617.930447409279
102214,4349.087471884253
81128,7817.3220785342855
88320,13814.08426604513
83531,3796.999077458342
104506,22902.961132506112
84074,4640.003028349922
104709,24562.11430414018
85626,10334.817132919212
98427,12018.017980803954
78699,19811.915342494045
94756,25532.64622675194
101283,8803.714420952805
82397,20896.465005261518
77954,22710.676677763986
81630,23108.05775019704
87025,13341.193153189
81189,16743.092920545227
107048,27542.229799143563
99510,23279.122801882986
85462,22405.474111226707
99442,7793.218045777059
85541,3514.1595294313447
81635,32939.78155575946
83983,14989.247901670708
96161,9344.223864385218
90359,14718.645473420213
86597,13946.192403656547
77633,13578.907655151386
80552,32356.870442373707
87749,19390.87325758621
88246,12317.524015075003
100434,10026.948349225815
102049,14936.836609963328
84649,12687.127345274916
80783,19083.90422574946
102021,7274.704345307386
107760,16410.947822981238
98095,4237.848811200209
103474,10454.138493254271
101486,17067.761806965063
78334,44135.30188743082
97026,12397.32934486089
87049,16004.827233062635
94207,23655.29077873894
90080,3013.947808122117
82025,19892.41522117138
94478,24934.025569202495
90501,7746.552756990524
86699,9147.711632679682
91557,36071.11259285001
105343,10377.987148352142
80034,30470.36437020234
84220,14435.464127061103
79498,22330.82848266572
96294,25790.129720008466
107974,8124.157723979559
80316,14454.484541660553
99928,7359.977580316889
91851,9688.05009594615
87827,8711.447327597678
98130,16431.574006550756
96139,21290.29477471992
93176,28152.83244184591
90903,27077.92382792897
77200,20652.756627107767
95858,22443.994009267903
77764,5567.3047423781245
93978,30972.314556259473
78852,12812.475288238173
82121,17731.033211746384
91653,30092.134453151142
88882,10927.509581513994
107327,5387.190736189426
86583,11720.7009789273
90101,14177.037642013864
90893,19581.535904358927
93813,41744.1095161671
79215,17207.721073929555
96480,10978.468330068077
78841,34103.85054841242
101519,18660.52709123891
77704,27830.736139392495
95308,24536.41573740389
106617,7047.4431121666275
92279,25505.91667976005
77974,28906.214700331417
96897,7291.240732904407
84841,8274.241281564042
80966,14435.0049237177
81646,27127.37196273348
83773,10494.672687261685
80357,27644.743108772425
93576,14832.781590253391
76332,29103.625643436288
100522,11816.325803300453
95723,14153.850253785757
97599,11932.450451959623
83267,16000.320487604215
107086,14387.902700973718
80173,39689.20515358054
90902,40475.418599193
85442,20679.768244255218
82924,3359.7348748668155
106669,23219.36477977001
77358,23236.066943861355
86661,18682.65323815812
101073,13817.845893011574
83897,11735.737346029666
92465,24197.74620723474
105110,18546.51334849914
79370,12071.668213631754
106568,14048.51930384009
106121,2945.926462563715
97194,10055.131324018235
89289,19186.811363477085
77301,23796.2708963865
89051,21018.044208983716
90207,13313.991418962614
95193,21294.88774203483
98653,5922.5462685167295
98934,15425.640207356671
102897,949.4286533645063
90845,11883.224294284126
101868,11640.90790023224
95210,23115.333936346608
106341,11023.321272619185
101091,13281.665448942862
98060,12045.152768408472
90026,7932.273767218445
88157,11038.771174440335
97383,14227.516578232506
87451,10823.402134988282
103381,-1162.6062373841924
93512,15874.884726111952
77414,41414.596113947555
79553,16496.957215286122
96377,6552.650722343358
105001,5801.475216279563
106183,25096.69947604506
95745,25441.3492466982
107011,10848.928699630575
78953,21695.598175577426
85187,9328.456778179621
87941,11340.296060240653
77483,19984.05802207488
101372,9710.483033905359
83730,8315.876473016455
106166,20149.62368054311
83753,9767.271104970627
106514,23991.127787846577
101583,5636.24704698092
105137,-453.29339623759006
105295,25995.444317190486
77657,41873.619169372905
88515,5606.504464276368
93729,23007.99566057195
88280,13750.875217488676
102832,14081.51057437851
97873,11931.835117558745
101671,7493.974489763583
85210,11281.720659800223
80735,31707.94616686323
87811,16853.877367930865
97684,12446.317227876512
99915,11901.868200514946
97502,8545.259295802622
93678,33119.35946227731
78821,17848.657424909587
93898,19090.607542810612
100832,15054.617231433222
104921,12944.092525762535
83890,17863.075090062426
85696,2884.4179961627233
89485,9792.33207460001
87460,15179.468225834076
81080,47310.112695558535
87235,7816.265947989916
87587,8127.324106377433
96329,26453.127637710175
108174,10379.557444941485
106700,14674.600528704323
98539,17808.173689283314
105234,23256.575592956884
104708,12552.97816117476
79081,26789.474318171415
90270,20794.502967177687
106057,1137.140389538341
80928,32896.2606150178
94218,27718.450979261266
107429,5594.40229465047
107776,18679.251765595924
105303,7916.576842801005
107166,27509.51681578721
94379,23911.855021137162
94832,7793.344920859294
83043,13416.983094471245
84114,13013.290724139515
84283,13886.359550915367
107679,4598.665337851184
89280,8985.936168525135
89840,10975.343515025335
89927,8593.131930073403
92218,23111.24320264453
97100,5119.809368149494
79443,13209.095904040238
96551,8972.00911642336
101305,7529.042585149
102576,9497.063188239801
84060,18801.421913443774
92280,25480.36309872543
105210,13745.405858478596
104496,20773.65194119861
104267,10719.916523661464
91491,27831.42059816743
78595,17545.394214137632
100913,6803.21173269453
103028,11222.2139304101
77788,21409.885246841106
89629,7008.122846362094
93781,25093.948251411726
76551,46372.73377120466
84917,14168.361086300123
106009,16727.637917622516
96109,8745.70034693634
78933,19393.286619734077
80386,40854.732813613955
105590,20296.692888745893
87670,13093.871303805063
84443,20813.050547123057
95776,39703.36555318342
96400,16012.145000052784
90834,25914.378404749616
88360,11520.927356068278
106848,28623.092291986846
91981,38885.05098371052
89126,9129.007983336807
104879,20321.1268009879
90449,16250.214307261063
90667,25031.82303017212
78986,10138.844796644102
84945,15114.568154609064
104356,12856.212423099932
105159,24104.42420742057
87755,2599.380510002724
80978,27110.752503767086
87272,19888.278523574118
77291,28573.015654306873
84904,9382.185747046868
99446,18264.38460129063
78688,28556.04924612824
86155,13592.268621672672
79551,26815.81952800798
78281,11402.069242631289
94551,36787.57294821592
103232,9437.575991474529
104767,12463.252363838692
88566,6737.7286831134115
77896,26325.87051344062
96885,17184.93399674374
95778,22857.3175927821
86874,10352.856640476253
91080,25794.761131120744
107737,15419.235622256907
104851,27569.160022283366
85070,23246.090353628577
87362,11259.324749791267
92302,12944.2675973312
93294,20850.42349028999
83422,19637.18291319562
84862,14416.566433474101
84415,11589.288648967165
78737,20651.301570423297
84686,4705.7143503438565
95112,25162.259281833816
86518,13362.474283879012
84839,13138.397407798868
81172,27910.02331999234
89932,21181.9355016865
87300,10296.472373498967
105568,14703.991364216432
76252,16452.78934437185
80951,25830.21078401427
83509,13899.634931183187
108493,26396.070178083944
89976,8706.665653805845
102525,7698.105991620789
88102,2037.3218328134244
89605,15109.808765748981
92381,13753.21806553239
81987,39423.41622751206
91951,26114.18016819273
108167,18650.578240592295
89798,8763.784965255487
97312,14669.867740483736
106458,12445.31190715068
80611,43777.901824797606
83390,9138.736554377101
84346,19241.81959976291
88061,13123.714544531496
91266,17553.10811297709
99611,5438.2704382816155
106366,19468.061452072114
91936,27631.45584222798
82520,12493.227382495039
84865,7684.796312439343
80141,30881.082108134942
91890,20396.834896660293
76251,20302.897607379055
84247,5855.03931694862
91298,32567.595880131455
88015,10293.345622854686
92776,25006.187224824753
76709,11266.570056806086
105728,15165.851947877556
103796,14169.85996992499
81171,19908.39860449976
88413,11610.005827084184
102155,423.10694682135363
81200,16219.473860336439
95674,16914.876113557868
96157,12498.089459721523
79020,22147.857216847537
103587,8531.215559733333
104190,30266.12000121831
80486,16927.88191366897
91177,14405.063980622945
76909,28852.085256252118
97278,8271.88485420325
77170,29677.340843457074
78840,14403.138663735095
107987,15812.807212695421
104444,14672.751057616115
98408,-1673.0595252550193
90629,17249.60820333418
85268,6676.567059283872
98419,-7896.090535557851
90747,18380.25953301802
105907,14691.95039653976
88335,10661.02606965827
104161,25298.40632969349
101427,13506.727735225111
87176,18789.629945906374
94012,28878.604214821025
106937,17260.581346812134
106573,39163.968202641045
96877,10922.209044673305
102568,6985.172030737318
93510,24932.03122992994
78820,33200.273021582994
76763,12883.261646502695
106884,4998.733176967115
81041,14009.205612486665
93827,22927.022975497865
100321,8312.090348968777
81450,10588.106997831157
95107,19382.3963286418
93670,25166.802563469566
103551,13719.390261456516
106715,15228.870653188671
100863,11129.766154820798
79259,14105.25713886277
105336,28891.42765272803
88906,22533.796454384807
93039,26627.648807335485
85639,16555.688209777494
98378,6885.516645332216
93639,16217.7335368426
83518,12802.500342261308
79592,14479.391606499412
95678,21057.81383375342
87400,8806.131056965474
98813,15990.317149184819
79157,6337.563456713338
76223,49294.66000257722
95406,17496.168838173806
83724,6095.018230170739
89739,17243.4750448899
94933,24909.54165878758
82605,12412.642096537573
91566,20607.246945247258
76873,16322.914784099208
96884,17390.440911590238
85901,10383.32822064632
106449,23335.907105940365
90672,12088.71200423724
78513,24262.866764396065
86464,10937.889455385535
82921,9578.015607826062
93886,26643.578482323952
76303,13697.114007191281
98243,17516.931887606508
103497,11789.200685762436
87786,14670.36651748966
87780,15148.169644949754
99339,4051.9788411686313
95351,27031.27481496542
106965,11975.483035661746
87540,14883.220112946816
99854,13834.391836472932
102357,-5520.0804669130375
90737,2413.326398698555
85392,18185.634048463457
96882,6729.211588159698
88268,15783.709199849356
106075,20053.155687421488
88674,15515.711559582473
77623,19450.170254964396
80394,18922.339214070846
94942,27508.631483134683
101237,17333.9794069004
86351,15617.613451065641
87055,9280.571100750007
94851,26180.010462444683
79816,15029.923023567855
97214,16397.4352700233
88900,5977.711265247548
97464,10300.280091196939
76403,17826.1964178482
79786,19022.547229262418
83858,11598.710224874463
83658,12201.426876510479
96456,13893.814418007329
106217,15386.06649687374
88111,12241.73209534277
86581,11607.07977932095
98218,16325.447405071027
93801,24710.024774547404
87206,11085.011799529966
88569,14407.11428107848
104348,16857.58768059191
76478,23384.58017535256
101509,17719.497051758226
100915,7992.979051467235
79676,21904.31659696612
102673,9656.350424325414
98151,6095.383886587311
77583,16002.567901565897
106602,28320.8502534047
90134,11670.987110273156
84228,7883.182722502912
100131,15139.197141803568
92807,24242.681633170927
95025,26529.74475458532
79779,10531.474681668275
77216,26090.25824365663
83476,12761.275055204082
88942,15471.25348336008
87565,17645.39736142673
97055,14195.834772725764
97212,20441.087957167867
97321,18234.58995671173
102240,12250.901971938525
91253,17252.65529530705
90284,17670.296341711655
83582,15537.474907971948
81255,31454.81712741882
93903,35136.11301930234
96241,19269.66345285969
99117,-1686.3485886866401
79874,28671.390969474814
105193,20221.029562745083
98186,-2053.644285305396
103313,11426.395408323006
107714,16436.100101466684
101081,9670.51106908347
79663,4857.314237836079
81108,10520.8101147829
86643,6383.683233837335
90931,23493.67091490398
107518,24869.95891475235
84511,19837.49762545721
80689,9513.541390206286
86547,4001.3133588957717
79670,15795.842234949465
82281,19930.257666879406
102274,1428.831396150228
107948,13427.133692864765
97149,12743.736135516534
95980,19763.45239265845
108047,26112.20468206996
94763,24180.76209362928
106148,17331.929023882374
84164,14153.507065216676
93448,27410.0962736059
103837,20290.357065512668
91861,24211.91491565162
87914,14371.559185550941
85944,7028.867575649958
83795,11018.859216717887
97374,16565.336416838953
80569,11165.304016598864
106331,31021.066240626504
93177,26920.291942993223
85257,15571.026962564443
80094,20002.01808230624
98473,11367.185991317005
98021,23414.06017224137
91714,20675.378880717704
82569,15827.16961786506
96451,9405.370213150047
86310,8925.262496785348
89702,7489.90584113865
87577,15522.820372236354
85221,24506.74588666967
100454,7595.794175168761
96748,799.9264110418444
91472,10203.0936206662
88350,6353.793111512263
84386,16704.64061932385
107993,14037.183534017036
101496,3156.55375149881
96805,15661.15018207414
82084,17944.423262485026
94643,27378.716217994384
83871,17203.600570864422
82327,20640.196349986538
90332,12085.962772632774
84949,26764.61657078509
83111,18497.382769559554
92067,20806.786026308677
106714,20498.31889107995
85531,13134.68443546466
97311,9943.402165022708
78102,27715.169439221776
98348,17478.091057392987
76715,20176.015243752016
77091,17371.019653371914
105854,14493.006865272997
85983,6334.958896029042
80823,13991.612209473911
102612,11576.095818764588
104209,16580.127924650704
97643,9563.458973758883
95340,22524.033707422743
81183,43533.33481953242
87928,2180.04623317784
89448,9793.676013638556
98522,10670.693494135165
94213,10740.552659454392
91583,10360.110105911503
90280,12398.926499250665
93287,34702.70468029873
84510,10524.62358024146
98179,22195.193311080176
88162,17723.510861294082
78449,33662.61465065986
94548,20981.136935722403
95056,25600.425790629306
106725,9560.431019116542
97968,5799.022169031668
104923,9901.265782365299
97276,7396.225803843627
97080,23085.24119963203
90691,29490.132431765596
88033,15859.860743087134
90160,14981.207130639144
81661,11349.526580980513
101260,12448.284587844042
79520,29229.641378533313
78213,14162.371779277455
76187,27224.235400439138
85752,14893.44995435307
90729,18070.891079155903
77637,20584.016011770233
101847,10766.734368447796
86787,16164.356423863588
105758,10333.29380561816
79389,26229.06988478273
98312,4421.166468838608
100222,6049.425153906603
87873,8874.370489477093
92965,21719.157995559115
89168,18555.05159687958
82368,22369.135650352604
76505,14902.57142809336
100946,7671.447893738456
85815,5357.293814972363
87705,23945.85632231788
106931,9427.876003272366
95571,21390.81824452449
80308,19367.241766825115
91824,23379.573831865055
106743,23453.391832607987
101866,14522.623521897069
95817,28359.143870901316
108505,15171.448930538885
88722,14527.312251476658
104371,23334.18431262362
93879,5210.053090004512
96038,18267.848187754993
104690,12641.54007283975
93199,23623.885107594164
85967,13215.299460876646
88714,7448.183605169717
99467,6701.857725728798
85701,9830.439444441465
103450,13576.90348576795
96943,10724.945658781653
88526,15191.998740395458
79326,12673.788890876778
92314,33771.90524160427
106373,20220.686258326677
76953,21097.836323532858
89741,8103.39964236159
100458,8411.15445481571
91895,46188.648771327236
92356,17143.70133322908
80632,24258.9940683624
106959,12387.19984768072
96251,13797.66790951605
97996,24693.426259244035
90021,17431.71291370492
94899,31222.306492429154
93093,18202.36339209997
100175,14441.468155290204
89968,5052.263469719066
102132,-3290.993781407924
99121,12189.51725267277
92662,22254.997820902456
96612,16887.926765153883
77399,17759.500089004214
86443,3680.6715301141376
93198,30059.385668081435
98001,19848.055336184232
97764,12835.91296715915
94983,37434.53852574156
82703,10414.742927286628
94794,26386.71608579911
79793,18922.009408442376
93376,16482.14556772806
76374,22289.841946693676
84045,7534.524995888234
106780,16554.028411065912
93213,16815.911741491465
97870,8958.913153535366
97748,13687.556788077622
97255,11744.208646494357
102668,13611.160988940246
105898,10855.710447867008
101786,14890.699088778929
87690,14328.383884150797
86329,11298.03904068473
77696,30499.386312180388
104321,58319.55613101249
86782,17210.96146335121
97134,28133.33642574388
86684,10917.815462208178
95509,28545.98515486557
82314,18665.82738648045
84124,14640.195093126531
87597,11552.203486073238
81357,25305.589550492165
95055,17444.844029482367
100244,10688.17545459146
79271,10690.597857355358
82043,25119.522270522837
96348,22914.199132073874
76594,16032.277477593336
79552,15912.19219529537
97181,12645.914250553658
99147,12452.463715261052
90786,6491.273898080486
96203,8051.372601656563
100288,11801.874512805909
81529,22072.755102723386
84229,14045.996842740831
94332,24536.88014847295
92714,21621.64557294562
107716,14783.542281756032
107685,27169.512771336755
97836,1431.177035818866
98284,21723.760750498623
83128,20987.370954607642
105500,11378.98145532998
97781,9807.131712994073
99341,11149.528213513433
91793,26213.261281450075
76224,17018.81966255812
80840,24260.19893227436
94587,21049.36578737077
98667,9941.9157615742
78973,12891.472611676916
85175,13079.24806652934
107489,43278.12901423694
95790,14401.872908317091
108044,8194.783601242787
80652,24792.563619957495
76007,16855.260912311
96039,9768.598076171562
102618,16725.863780689542
80863,12812.287198086502
95695,24015.988262744722
78815,26376.11091502497
98063,14063.269970840105
83732,12758.827016850468
83190,16655.52655082816
99504,12577.113793066965
82372,12791.887205846637
77977,39522.62118310487
81688,16231.597860117632
80154,21045.893148299132
108106,23042.33805242146
80724,14677.697829836368
89190,9913.277571392508
102321,17121.402563546813
97375,11378.190162900632
99379,24692.407456951187
84767,10251.28914885872
89470,7310.478475000447
85592,11496.693062425911
80381,26894.7770860367
92149,27789.55518377287
96044,22091.92772442971
79041,13718.899808657909
103108,19038.19253028973
91118,22869.75661399505
96434,9054.169046797178
86875,12952.903400575102
100326,8928.095036834973
106416,26513.363406119577
88074,8211.835373358772
91579,17251.273538432855
96819,28998.711363761366
80373,24521.831578786994
82681,11390.336778007942
88450,12503.62307331257
95040,17875.63991748143
76720,12844.035454359691
94576,6469.439364517486
82502,6942.013223831978
101100,12286.122175518598
104522,18091.124895437693
108039,12959.44813194315
77894,46228.68396614537
80888,12589.177181914798
80366,42149.21881400766
87653,-1213.7704652016328
98083,23150.98457213852
89042,15389.223128763551
102520,7033.40636232603
101620,8478.359759413186
108340,12107.260608584562
98465,-2421.836337074048
82307,24167.442656324652
107499,21414.363232753574
101440,11452.173044218565
82392,25682.807145955347
79371,21878.555637320896
103916,13375.55341341102
81192,9752.478738841135
108185,9415.233649610862
81811,18577.669568580415
97993,7909.926911378876
80214,21081.364746599807
79896,21161.939491361147
86793,17281.27343525256
100548,15401.65271835454
98986,9238.335320152895
82411,11570.126707740652
98467,6309.350452032726
98645,25964.940787915402
84530,5829.881251114653
86479,4013.227521998051
90655,18089.128173448495
97319,10866.830306009419
107749,23551.868932182886
77199,28058.4985782608
79255,16871.16578738083
85072,8130.6903080323245
99421,11620.811660434672
95187,14496.104570620766
103262,15306.099698485283
94589,30029.674359132317
77608,54011.47094887102
89729,5434.587489272613
99171,17550.499480005252
90914,25520.24012527769
83250,13944.88674618394
83275,7843.155525067967
91269,26431.797150811384
83003,10501.654878368892
98988,17977.717056076915
105748,16563.041838585952
77688,17065.297939249183
91090,18462.88752605833
100544,15147.940322489972
96608,7221.451607601382
98784,6361.202639232637
85655,14077.687210939126
104236,8181.669906179712
97437,12486.793108605547
100150,3080.030977118411
96911,22692.091435232476
87126,18338.993409274044
88544,8526.364511373598
97889,12909.047343307146
76768,16151.112870864206
101722,8902.235601218126
96407,14433.665493711509
80640,16925.734296205366
88000,14880.269549015386
103451,14832.276273822878
80542,39707.22495788419
82212,12822.12444795412
102407,8844.266857405455
79895,11964.439891033675
95909,20434.349603792158
79646,30559.499110245655
77051,28649.348324508625
79375,32555.70707688584
92023,28847.45607364588
87608,9441.948089189595
77731,9063.08689391191
94671,23269.433295563373
107804,16096.617410197025
106359,21132.396492415835
102758,5766.363902744866
76944,37063.66022605701
92103,18188.57933515156
81188,16663.198028842075
84157,14573.234813706542
77509,27557.50171117866
87332,3527.030031303875
101597,13810.91495995887
84021,11790.863312364672
79820,24060.358234435087
102505,12868.399911036322
82887,19341.871316526638
98676,15077.1227637689
89288,21946.108601706306
89410,15054.905057422046
76489,15051.016784728563
85587,16290.963898464834
93752,13672.128145130293
104857,15951.344362001517
91582,27451.487717240787
100760,13890.438844384102
95388,26370.063763449973
105606,21009.19162272333
93352,27565.906721903142
102452,11195.085047580447
88997,21175.594216124882
107478,14815.818044651081
82604,13054.808147453397
87188,16304.540283067938
97769,9648.751402383496
77941,27512.847872361046
91489,13287.976629575554
84501,15328.944564723206
97428,19340.384627014908
107961,17863.006415697702
106520,5626.875419059623
82860,17554.47930580775
93232,28138.486552233153
106592,6005.8595400848135
81719,10628.857417112536
81658,20299.658693760124
92676,21555.827739037864
102253,9911.33728390644
105237,15146.571124216513
78527,21382.20935724146
97452,6958.880291421752
106530,20860.24062955854
84118,15812.363724753595
84314,13414.796270204824
92313,26471.92829691533
91271,39611.54327604675
86067,8117.588339105074
100751,13819.1409586769
99647,28831.549999299255
79872,68883.13901819194
89703,19753.079224676287
82985,10904.423558297072
86719,4458.839468721882
78249,27336.2832259156
94826,23054.410985640163
80867,31542.502968266897
88405,13508.143952162616
92596,20454.29935706698
90699,7551.4793209893105
97504,22703.18689269005
88236,16398.597281422582
90859,7602.752535655571
84327,15639.524155827967
86926,9295.73524417018
98478,9231.565320829468
82435,15256.91102461092
105477,14798.627543873503
91685,18807.280508257463
77406,17830.565302780684
79806,28644.915750500557
95728,17993.026843870335
79181,26913.915546385135
89777,15233.74382613966
104090,14150.137604444317
106849,16897.122242563608
80612,21142.99088104762
78114,19626.315857676993
93850,23591.48499694442
91913,13512.509842738742
104359,22658.23412612418
103818,-1364.2080172370406
78505,5184.03055815
78147,12147.04876804442
98618,22822.53163237736
80947,19465.758119970807
104926,8266.518293501227
87266,23785.10080388558
100085,9367.997688928619
99550,10101.405157380446
100618,15595.20018410185
88609,11776.386936764233
95379,26951.743749950052
97130,14317.250018503255
98078,28566.109289944216
81543,16293.330871135127
94442,15515.489322501438
88513,11112.249455122015
104084,18008.793725108393
77862,18993.151202232082
83231,13276.25426712392
80020,28374.75759730181
88533,44280.56491186624
89260,15765.715164907248
82264,12850.238148752731
84569,11848.473782027839
94361,33924.788179680996
76511,22277.335533769132
79088,20193.834943500144
85645,24983.37376191927
80492,27053.052445302543
82092,17646.14786407487
80792,11779.637159689068
79022,17832.689800103224
92175,20734.698158997897
87149,15824.3144128501
94676,26333.66194761556
82453,17636.09546230636
88623,14446.762571925035
93157,29358.094928184015
91767,22719.981179732276
82525,12992.020411958772
83387,5928.918922305078
104711,12604.86816707108
82040,19117.468744933372
90973,26334.681677885193
85628,16876.969248064182
96701,9800.660780002829
95441,17913.677212429102
104513,13190.29601858303
91247,27487.502946492998
88940,2686.0579112426203
77571,25422.689396576156
104299,15237.264083540998
92609,20782.643262670637
85134,10272.530632748734
81305,23713.1704515468
77683,27832.336846610662
89313,4987.528524346359
85999,11449.355301203614
100266,14781.144312853052
97102,17478.73708875323
101321,5360.115180332854
108299,9297.346570694994
85057,12347.300443534594
84995,14369.097615747654
84612,12301.108359680831
94300,21397.221017958524
93656,36828.95614973272
89647,12795.057701200698
84389,9048.209856533387
90197,8123.888641368423
80844,7534.230189643975
105331,21929.071293447312
98831,6843.033798562392
89697,19606.83633316218
103351,13986.329941204283
99969,6993.532657186355
99325,13009.173100361557
89198,15756.006403451334
78239,18692.487735939474
82481,8649.497934551036
83655,15784.583249241623
83006,10856.476792156696
81067,42788.21785833032
82451,14733.412622004078
107390,26108.911383170518
101406,14497.505256198769
91715,26107.932511423758
99989,12697.322829767538
93206,26307.360839235494
85902,14824.569014734123
85195,15398.87399984058
78130,15510.723319817902
76552,27427.82541539044
89420,12491.224019014306
89566,13013.588215438154
94682,34123.13018340737
87373,16526.2305898715
83481,12006.006560905967
84348,11735.959528441977
88809,10799.934622951347
107886,9949.614239804941
84976,11908.993677814637
106340,16954.76494389173
87849,15912.762740719525
78363,7774.437319278892
86657,15686.641392944686
89773,19693.42477790911
94449,28850.744878775047
90861,14498.52934252801
91749,27186.879458237017
87090,12816.775823994569
80200,19791.73504016074
79369,21037.06129672937
101679,8417.299303466556
88080,12805.213230415335
103400,5501.396730211185
100960,16729.710691838
106116,9997.525936717182
76678,22192.758218685878
86832,3416.362126498745
80278,13210.31294578148
92718,18220.69161112781
80121,25883.32208958092
84360,9320.020103695191
98000,12086.407225482268
86852,9139.440871711005
84665,5464.612991158647
104032,19943.371838316176
88348,7739.475955510148
85919,14493.70938208091
102408,4363.47926254099
91678,14777.086066442236
86965,12548.884316538635
99748,2862.403025532578
79192,16670.41752857386
100469,13509.6401703913
102772,9943.877984390041
89526,12765.74042338715
96191,9396.067319204682
99222,15262.416142054455
77086,29477.125827721626
84447,5855.233703159
99981,13476.906420755375
106052,23260.578915250328
79612,35648.13994848383
106792,19378.553858018568
99124,7950.974556710717
79678,24480.68361864875
101632,7419.568623286003
77692,17560.797279655715
84345,5284.888647081476
95000,23607.56046364682
83015,6651.708566615765
99423,23838.666213661447
107480,21802.83678575653
93765,20892.7708284323
105419,8899.414655080996
94052,21488.82579618678
97432,13158.991477949341
79133,23533.994697306567
93225,22566.961968878386
82956,11270.45541701396
101231,12174.428007950133
78727,19650.562035938958
92150,30903.620355779174
103869,6975.4893136100145
98266,11307.081453940336
85017,7961.946420478169
76853,28213.924963581725
93027,14997.477085704813
88493,4315.508273628569
104829,27639.55208071746
87800,16686.50915226071
94723,20952.124232955975
77219,15139.771351405274
94891,17118.834088613934
81656,18945.00023331477
97239,24580.488625211525
83620,9889.558113332256
93312,21388.166471887453
83441,11269.25702902225
83959,7052.38940595834
83653,13450.667350960284
103364,10548.104345765489
81279,10404.595250578059
94483,19605.487100512153
78683,13957.34327330906
80423,23386.00206300839
104442,11015.851369471464
102026,8896.285957016313
105992,13589.059350059324
108007,9831.590407246229
81476,12770.394812864994
82770,5917.9585749847465
97979,14321.822106076259
103866,4350.656465980777
83147,18893.912503996748
102902,8635.432655315613
105918,25272.942055001942
100265,13901.342816004777
86165,14204.458327873203
107697,23540.370848427818
94497,35524.58550309845
83540,6202.727094992471
76617,26502.54294099359
88133,13828.314567788242
92181,28116.276084841753
90065,-854.9759070135624
94177,16562.399554349933
86942,11873.578155818832
82629,4282.915343362431
92087,23376.875277334708
94508,16553.20616841744
81678,10529.326586087118
88106,16980.860815338616
82869,17458.444086585238
81744,24943.432545576536
89208,2221.2511091954657
93035,25191.745343206552
94656,27104.063348298077
105571,12969.611671980267
86332,11696.621703142999
76711,22167.207780295255
87423,11077.605803515675
97343,25416.724653931917
89591,22488.68704842255
83291,2079.810083550983
76146,25126.13161379646
86683,11103.671512618312
100726,14615.979446496305
102328,13786.50861292865
100991,10272.88362510479
98049,14023.520878911775
104948,16346.921946947521
103129,6951.375825906609
87892,15083.376904187957
90770,24376.39628775952
97113,15895.832948619995
102422,12894.127933145239
82462,13624.299317706842
99700,17759.828909983553
103799,-1700.7858849500699
96959,12936.302723480956
97715,8039.294412271265
90880,11015.60401356974
106632,12906.873996770446
102656,15517.664412657556
106686,10912.603888289115
97346,5350.926922083963
88283,6583.4872058833425
102248,12096.242367962215
89091,-145.10428209481324
100474,11668.719706530217
103428,8804.31464616672
82698,5916.571390587473
107510,7823.235545007628
99122,10712.761476438056
93152,12847.390727576625
78084,22101.442003870558
103130,9438.839224601252
95826,37307.36245417138
94977,25459.691118900228
90104,9481.158490331145
89105,630.0044862370996
95397,26233.308863047394
77476,14329.789680994058
80208,12599.819738249382
96744,12722.983670168192
81310,26362.16464356068
88688,7545.257003926905
100514,8669.615667850012
79490,20809.018186833448
89236,12637.097632713558
106677,11805.543050207634
90882,15624.486247325636
105048,5640.6792784456775
92458,20173.832101448308
91682,20944.013609159243
104659,16816.170188899967
99559,8777.456902307356
82608,8923.85262318005
98793,9508.599414897413
101083,8697.358815049112
86469,11676.607025707839
106304,8081.574298775784
100515,6361.216197018715
97006,11043.872731529409
87531,2016.0578580263827
88873,28717.22542859659
91700,17036.631120657417
90471,15266.845673893302
88077,21693.867778496468
95546,35766.87198737057
77965,16360.872949378652
91548,24553.806566275744
101360,14387.503915267735
89845,16387.665483854187
95934,26137.783238152246
103745,9092.77116548155
85862,16487.45753610562
98424,9454.094251972594
81736,30318.535727491748
93391,25468.68858228739
76523,25056.53405993359
83573,18435.83415793306
103118,-2474.908686630886
84399,25288.797155739696
84864,8751.66769908581
104282,8384.640773842606
95389,22993.306110347985
108097,14851.561989786365
94999,10730.609300555894
99345,13360.876572288427
92946,31213.15093338574
104048,13772.596510308736
76817,31000.653413170163
90448,19776.650680969717
107837,9972.865829987422
91182,21669.625871663346
102654,6464.5827545058855
95298,21185.855981653483
93659,20305.482789417234
87866,18380.325462604844
99990,13145.218423337239
102469,8362.69265251566
107351,18138.515485424272
82490,8592.210764188
80756,17490.410826776366
82365,24997.004577897125
92332,17017.906981296634
77456,39243.462039700404
81007,35381.444503680366
82391,22591.378881004406
84647,20982.236284233804
76296,19698.034956673262
100192,7435.812774287828
84547,14156.345004547678
88877,18234.4959733336
84254,11283.183722221787
87836,8417.962040072103
85970,9229.117980603682
94834,13526.35781858502
107159,12199.922750880272
106800,10666.558722164686
101989,5813.175009999948
95604,27605.64432766942
103637,17931.270340725605
104301,12207.901871588998
83799,15626.580141517072
107855,13931.949380385195
101506,12990.982104302675
86644,12832.905098265182
81902,72005.63055178824
90490,7282.256638460982
76314,19108.891114375874
95360,27643.61123554835
96272,7595.339197460242
103911,6560.943353455965
106553,7959.917344851769
106063,17367.597713633557
84179,13751.839592631572
106912,13489.913682462327
103819,4364.6404216430965
94009,34934.38149288147
98285,20430.125827763593
81101,15493.08884737463
76806,22555.937801515945
79127,14895.929672073878
107416,11602.889681118511
93786,26049.276099854294
101542,13198.846288978908
101640,7051.327700690948
98800,17138.370729101604
91451,35604.31829311402
104033,17091.886377895047
105550,20691.798462532024
88203,14554.09250573258
77481,18974.599687723006
83704,16473.3093623764
94474,23405.68637919653
101924,18703.863254169788
93203,34244.19591223849
104628,16847.04711787407
93308,33734.01751674453
81984,24096.540197387207
93228,25839.4007247486
94247,21381.247318411202
85162,13285.81942683109
104670,23555.649224589957
80875,44150.3418990973
80850,27216.69013524067
79475,27065.817876883186
87229,12826.192977043596
79162,17158.42780892874
107652,6957.555031135707
89835,21114.18168418674
77430,28148.95387096035
97568,16309.7320878412
78947,32903.11319115825
106692,11124.827009310451
97127,-365.4363724366631
80876,23581.972102034517
100152,11005.367996362475
88949,18513.580893930528
95804,33886.825818140045
106833,7005.723474034399
89283,12367.875407664513
78115,33398.257624159276
86941,15937.461341461167
104794,20006.34717821193
103892,18630.17100574932
90746,14241.9717442049
92996,19572.571460091494
88679,17129.699474047113
101007,751.3081104689918
97824,12163.176169960861
85138,10066.44505168774
87869,12506.14432095975
84266,10617.036527947668
88682,9280.184807142126
84543,13590.029234363508
88967,17328.573150959535
78831,18566.167119955586
80227,24849.01256118546
88995,8687.00892532208
95761,21568.740321302233
82060,18682.83978505725
78253,20353.61924023366
81193,24838.199980601566
97309,7545.303957254277
93654,21124.567240597113
91399,27115.93070475405
107195,33746.74578120328
82137,15912.308483207846
108006,14194.205681133375
78534,50657.28587303778
75979,47354.06355931166
78847,6611.695611050731
94746,13879.718645178102
76591,19345.13532512798
97366,14957.901683868637
88756,11010.887105176604
105074,19410.698025229707
107641,26351.540739238582
103717,18238.333963892015
92559,25322.31687507905
85453,-261.91348870121874
91736,26512.914772215096
100632,11751.271340528765
93314,25454.424811583536
82593,12163.556640671013
105791,19785.173686855807
104431,23269.782278798724
77967,17801.127235077933
91373,22738.778103263307
86095,7713.536134174748
90950,24034.38998768413
105410,28273.015804147828
86516,9604.266026403784
79221,45579.20564274279
86603,15244.362820769966
84058,19098.489715498872
101017,12148.600459287467
103065,13652.2200391831
102817,12724.352770961807
106443,22517.09984107541
96455,18232.674517892447
103514,10316.956029850495
88407,15733.451300045024
104658,22300.039353841858
83823,14416.276852061317
106801,17270.365841873776
100859,13229.134993365471
97156,561.9458425508128
99816,13747.388385406259
87726,12937.303639618825
88783,14118.769892948709
107654,19163.400255121698
102420,5787.025277653098
104147,27561.197878403313
76019,11567.702946847741
86158,11628.043068163213
82852,10996.689302182174
100871,16148.633461701596
92537,19141.340585567028
92028,15829.629030757642
78319,10442.422552845877
77111,22744.992643745238
81426,15618.43390927295
108336,7705.355925456446
106048,25790.012205285733
108482,13590.250672621332
91336,22498.79402588369
101242,14466.309476798517
108309,21080.462706148974
106397,7568.467844559273
82413,8763.210359270073
79355,29669.940291046587
92826,28066.755726096657
102020,7477.832942528563
93857,29106.59509205549
88875,8862.341177032271
81926,22368.190820552205
79236,23457.530973544563
101106,17378.347141960083
99069,7002.50217825592
90017,9055.311556686298
101706,12000.500713162357
89701,7859.130763665569
96760,29831.14166249786
103901,15084.688138684243
96780,24589.408081434944
78905,4424.620206933236
101894,8484.54043276736
94657,17096.770630757805
93703,11903.624283329234
98690,7963.2613962823525
90597,14416.174706517748
80138,25791.13182202859
97044,12554.3161714616
84258,14537.181331707136
98543,14234.684907551797
99833,14208.936516751113
99848,10738.569727449678
89178,7914.704163929389
105598,19599.123802097864
95971,26549.475251884433
94875,27701.7280234552
96048,6949.878059078459
82606,19578.675341870025
104545,9819.450491764612
85571,1866.50855340813
103757,16486.848815971913
80192,16303.964595454818
100422,5144.322856207204
88065,16327.812735632382
83544,13201.38877082424
76851,30630.54011686945
90464,6432.430828424258
106501,9408.997472380986
85011,21504.109312811313
102308,10014.435877310316
82241,68903.13529194937
100655,10400.843871461722
86477,11792.615563451138
90830,-4105.959326826589
83274,20241.866331402183
83251,10036.655120505675
82122,23700.063704133994
105600,17438.37705870357
87514,8877.940852153726
82184,36662.301336980614
84829,10236.773021943722
90704,27150.670321719008
86306,11974.928696507384
105655,25365.158869855048
98964,4574.880250113041
87189,19982.25041989429
80116,15528.265243877162
78366,25512.183319319694
103668,5940.006543713069
95799,26012.332666412214
97496,14428.281116352184
107112,16214.695687214116
79698,31697.1868801791
78946,30397.030235639948
82843,13475.496564273577
108537,16906.787244666106
93675,27786.223663657263
93629,19443.05457776395
103134,14351.930643883388
76458,15433.628744526097
79219,18957.414753170888
93401,29315.72608772137
87666,12830.035762080981
97697,11329.113024357459
77945,10103.787420782028
76173,27972.979788252036
94835,23718.73996108389
86700,2352.3656795664283
105682,25833.68263690635
88546,21936.766569443498
100486,7865.363997550827
98187,14453.445043078216
81395,17898.95493055432
104408,16146.178751599902
79922,20149.790169662665
102955,13055.754481190917
85515,12083.57000023131
100490,15071.312799003063
91070,30313.221798176717
81321,23818.3567657838
90925,23674.45385281254
91291,28588.615814568693
83986,15930.08128023184
91729,14074.258312175923
95830,23714.99547127371
103720,11023.761690625208
97023,12501.981180120521
84892,9440.111325567108
86618,14054.242174464103
93094,16850.310115369066
102487,7598.065243681136
76952,28291.45312058882
90121,9278.04465268695
89687,30787.938903925125
82663,14255.079826058543
80253,19927.830646832852
96004,17837.919882693473
102267,8388.147890909808
77777,24216.49930663957
85135,16451.094241476385
103806,10721.370055174077
88031,16134.8095001787
84252,10243.835858620034
80246,16465.62822759729
83445,12597.229347509943
107528,9435.983021250053
95161,34848.96407572988
105132,24853.36690227974
107504,15386.349864870499
96720,21940.436121015344
86060,10555.11245278758
76370,15564.168916053517
102092,12727.152521607888
93523,21155.60753579889
87963,11048.393063519994
94183,24005.854678875185
77548,27067.124559023825
91116,29155.961701025517
100013,12711.819343889307
105525,22083.787804874068
104210,18156.301172536492
91137,15567.56407569145
101960,14864.833651110093
80662,30053.12068902934
84914,13556.634304129751
107857,17338.8842302993
94916,25720.618008547637
102858,7490.895008816762
88182,11944.661115532115
85339,10382.868445753149
98692,20936.03240615182
98460,9795.895985780284
101787,5791.977176993503
105924,16974.77328846554
81440,27448.953556850203
107043,17341.950235828495
98747,10923.70897203016
76065,19652.0273117701
103452,13864.77099811047
87162,13767.409080049896
85972,5585.907792931204
95159,28297.34031954725
81106,18869.7605831447
106324,22452.528524519075
86957,7154.099951612952
76900,13911.757210195094
99319,13681.787314163725
105884,22213.76159123826
82889,8160.125175240828
82253,40629.57490874884
80818,11346.908533565409
97074,19425.270599875075
103269,16495.324154408532
78298,19533.0659347155
87216,13982.503819344507
104853,5071.720705058746
96298,21539.15221468445
86803,7304.458965086815
91326,19395.82398075069
90948,21332.107882277473
102795,14175.236312856607
77163,19606.62597462992
93519,41665.63430518753
94980,13432.650708147543
106455,31089.909451965563
88860,9606.428314255201
76536,28267.366581974144
106556,23811.747097442567
103002,13706.20539088115
104193,9204.585020942672
98247,11666.088159033563
82529,9871.393934046384
90499,7487.402892416358
89400,15132.32541244381
94595,25029.073121804744
85870,19701.033076574036
88424,24334.634164694493
82715,19086.020002792007
76324,18652.74667401737
102259,-647.6841253856037
99192,22950.552645939097
81437,14997.945969616747
97208,13373.414812687275
76420,17202.499953818056
107557,6620.339262281166
104202,21235.135232217086
83400,19986.95688490165
99664,21118.802449363822
87781,12046.759969146893
105706,28956.15988559615
86320,13086.575891579269
81907,30461.952051666332
84881,9777.357387338416
78575,12680.53683230569
101857,14455.024905450788
104378,14472.281689407391
80281,20926.232857759154
88208,22599.492163099
85864,5956.548062079179
86973,13889.717228517053
101072,-3285.5939518139276
102664,4284.254515653243
107949,10905.738337342686
88832,7034.668405575765
87046,423.27969720354304
98930,7363.039396473658
98721,21255.99697257916
103249,9738.103827773186
88230,3245.437279923819
103604,3539.4648030773096
90645,14604.559115055512
94246,17115.68262559935
93604,22295.475419094495
99287,13617.813924839284
106684,18439.34915044965
89506,21701.38125523264
98726,15186.071593682616
77060,19160.863558540397
107323,17899.038511213264
100559,7919.989077398728
94511,31784.986186061535
81367,25558.212990750428
107185,15740.626207455833
87243,1731.088518339864
93241,20005.910130996403
90899,24420.267699780816
92791,26967.803852633442
97429,5904.904037453569
81883,24837.9765656331
82428,10156.907513589395
85224,11694.261373829271
90818,29540.56723359799
107186,13599.113816423283
104489,11612.355540296354
77026,18051.25807928716
103119,8897.937842706335
79360,33935.458927808766
97763,7771.450462939538
81434,20880.125398465054
102270,8687.681787894195
86171,24868.50446097477
102255,6345.1810898914555
91018,25188.999389902543
93219,14757.04847660585
107667,20441.82652118834
89301,17465.73464008147
106869,12458.228576116671
101867,11265.171052265898
92922,20314.40482324001
80057,27689.9190243123
93951,25653.78065721925
89450,10591.798382289242
99681,18426.07047476023
85661,15866.933248308778
76072,28886.5221205025
81693,25275.453175108996
77375,13246.469114232168
77649,29891.512214489834
105904,19322.998516049294
81679,24642.68761482324
105555,26944.95437635487
78762,20764.68591395262
78590,13227.062938756571
92784,19678.190724248343
88497,3530.987455127237
108413,15023.356961476878
88994,16002.390116198367
103426,1087.5462306012923
104394,22224.383616602427
88703,9387.01619576008
97376,7685.447331125062
97470,16303.979257915751
88681,17091.99016292258
76599,24795.3884503038
104274,8589.272074159162
89590,3501.1217298934644
79749,40851.59338587367
107386,12446.549214157334
94829,24924.07274017007
105123,11026.08001044704
97602,22234.268563671183
93900,27387.17711430382
85986,9066.549112491164
78014,26031.95457833151
90073,20622.67028016619
91815,22985.394221352108
88067,13637.973122678668
79079,30853.550798729397
97590,13775.665756160393
84491,8321.547536964703
81997,15772.874467106885
90875,23722.283311012055
88805,16573.00002370849
84708,16024.787763237444
108010,1258.9812728013494
96549,12950.32220145766
79023,8715.153248019473
80493,23921.175146241527
98860,14793.071094501385
99938,10305.572178542236
91154,27762.85108291218
102202,10337.17133598734
76479,18030.599348100368
102548,15892.372628727084
107979,10264.562694161286
80905,24387.499086814394
82630,11697.450253175775
81130,19155.820846734743
105382,12774.96678607259
101905,15408.595904116373
103353,2149.9990612629626
88275,17948.916167109623
88052,16549.55863614942
85537,22257.255034815753
82742,-703.4630917608447
105960,22125.10952100155
95151,30309.5776930469
102555,9538.986147081334
87742,8760.124597588889
107219,22011.272901270626
106170,10950.66931340126
103341,3805.614356198261
98947,17583.56212454423
90933,18497.152045622468
107651,5349.7743325820775
107937,11477.010548322141
92742,28747.434105690947
91138,20919.075270323126
100134,8374.01306971276
83718,13812.777443056606
86977,15905.926355840464
102165,10819.01876003445
91372,22203.75257148288
95812,24096.816696180045
98911,44422.45572309251
86966,7008.808218031278
107280,10568.20536806932
89020,11603.868638269807
85167,15399.617761620117
100394,11453.919863521267
93450,18718.11706319236
86838,10259.951415780903
107563,18238.93173423881
99692,20996.834029159218
103946,7018.085105873935
89586,9419.505817893834
90733,11392.198555663243
91071,20480.004580688954
89142,10370.882247837813
79359,17877.744852572447
94435,27650.449085060813
86980,8973.04808384701
92661,37308.815826265825
84734,15154.978821474244
92829,23591.20187054602
78925,27863.44757974404
88863,9846.234935505956
100507,13975.241124877939
97469,16979.01644376511
106358,10963.263973417168
94446,21647.405926222695
100068,6319.211909327481
80005,25959.661998222233
106548,8202.616754476869
85323,14037.073865849961
92629,50982.7042078815
78057,12827.841274946142
99591,14414.232028606144
85307,16015.369355526549
92660,27656.595024651746
89525,8732.713610184495
90953,26505.879559333014
103312,6319.739365198358
107912,18339.06366873122
93292,18418.64423008515
81638,37392.97077225469
105433,15113.247274910958
94804,30198.175052915394
85666,15195.554460607906
87338,9766.525744412036
98818,26129.31079612943
91960,28362.224735536947
95612,25295.6221874154
93399,19299.89015914964
86492,11742.465202946012
106169,14103.317725626053
106699,13184.2594151542
102175,24600.230006658705
83555,10805.114321673987
80941,20638.108804668795
91366,15728.990866255466
98045,17932.45965511474
86988,20138.819537799573
89139,15657.675372194266
106277,13606.516279080723
76317,17407.438486931438
101300,11174.97745427725
93086,13886.873619649356
76936,20743.485492721535
80711,18519.974294475876
106659,11047.761116744281
78296,10142.77797470786
97527,1246.5526660511678
104494,26596.036241990063
77982,33458.88068293335
86456,9678.032565540518
85161,17104.37993971666
100583,10851.64495604334
93063,16793.12001034415
85331,17202.989650399948
101731,14550.543546276647
97389,30459.579555222008
79902,17940.117993596694
89643,8147.332953445846
93175,16385.765751390732
98389,-4452.564804848902
91334,17348.1741574982
98514,10251.922252637509
95382,20837.71367740039
77018,13066.749668413104
76437,21620.99409073383
98250,16290.067576549729
77104,23261.50589010361
103059,7679.220011859172
83308,14072.987625809445
95106,20077.53135100835
88684,20686.17121150579
100870,13005.603233141912
103498,16637.295547455986
105342,27092.927404422473
81398,17680.15808098257
91833,29079.890775143736
95311,20314.404660901957
77369,29161.256288395263
86011,8681.371604904882
84952,11565.57104069971
94056,20198.62415810983
104796,10361.505435874555
101571,11315.890877435697
77188,16513.302271523702
94304,19224.168080251504
106008,14484.712390874367
79849,17904.198935643697
106099,28008.97651799739
105086,13049.990870909853
85658,6965.395659155911
102040,11178.344160759632
84343,12220.407406954415
104882,1995.5386422908487
88582,11485.507783219597
90328,23034.302057063265
90536,12661.924976141803
90805,14145.523567237164
106058,31290.250206402197
78871,28761.97768189019
95489,25692.298047454417
76637,17384.920787835348
87818,6673.976715090743
84478,20062.69336668338
108394,19281.96446823518
91676,29274.059782339507
104964,75.11639991518314
78506,35374.23302605348
92557,25117.661169357074
90715,17566.1587881983
101721,8336.672522078297
80715,25010.871611576702
81705,21256.2951701477
94219,36112.75950111485
85893,17493.440398301434
80550,15620.338860988733
86662,12021.688724388237
85271,22313.72859416454
107075,23464.661770877836
100992,13558.566103518446
97396,6197.898925724134
103943,8411.462881982618
78916,21248.014869812585
94516,18238.097401392777
105411,9444.999291063577
78377,22022.795752360034
103977,15451.734581140481
106716,15491.494329054723
88465,16797.16900831749
77421,14983.436447248794
88866,11816.572423698788
97787,22157.002615205594
85063,11421.676564935158
92555,17385.530866402143
83695,9947.714461144264
81797,15249.121749655678
104241,27404.99916234675
94730,22613.356915214812
105191,16579.115448892946
84112,8412.384213473604
90379,10732.41025090494
88992,8131.609494216449
77423,17759.173689906558
85126,7108.402339816181
78691,34716.351734699536
80320,25577.769268041273
96309,6505.7056837607815
92577,15061.694185971763
78891,17484.84101549667
86056,15323.56499521251
82129,13992.944760853803
102436,8411.46082777757
101469,5682.598997435998
95885,27032.012507745996
92879,21489.798380527747
81484,5423.976911458667
95550,33207.34286961402
102726,12458.93510647866
95252,24911.812762756424
90695,14607.979998648749
95863,24379.54555490303
108338,22400.262231812434
105327,25252.229297749524
91616,19487.76660846724
83077,8920.690885266376
105582,17329.318063988045
84382,9621.06040064193
99666,17610.766393555517
84818,16632.613423914183
78498,48963.70272552455
78378,39581.51268909838
82799,6358.019723880352
81429,4008.6937970067083
107572,19187.55738588664
91279,24770.661932795425
100475,5527.2256666430185
86325,11690.940599819107
76825,28428.120162981315
107657,6771.4435965298035
82346,8021.209685371257
86687,5802.838747861562
103471,12362.165461352444
78209,22355.64962829015
95328,13454.067719763785
100363,13627.019617680067
87672,10429.778996864086
98994,11099.81808590128
83549,8961.012369331875
96370,14377.089134419279
87842,15794.939017299781
86297,13425.629735431692
96716,20932.83441294638
97492,22345.48662755039
92786,7386.431583593483
78254,18995.403217859275
79291,21531.105289659754
96050,22796.700479081424
82240,21446.59263170915
107938,11612.657648144013
85258,11458.798074451566
92512,22171.42139024663
79919,28273.654153088966
101410,4727.936763570935
88700,18200.00716660665
91847,40351.52191496051
101835,7687.997405749891
99878,13189.709394535414
96318,12026.081348276086
96245,14454.87685037608
96194,21489.304538287237
97973,6830.54192309067
76985,25969.679118586195
100002,14057.664973908453
91364,19282.0460719166
106980,6970.732047893194
76285,17113.85294901897
101396,17091.91920789989
83368,8471.947447975836
92820,18666.913619909246
92264,16548.852026288965
84052,8648.0381938895
83928,9893.68824779024
105324,20771.557501460135
98502,2371.4570552693913
94457,17724.16775128391
79073,20857.75595690767
92738,25387.18063750303
91008,25935.562812666743
76447,26987.998720027972
81627,19500.158625899057
97016,11413.12700163704
83182,8852.867272171687
95791,28856.81859017325
87449,24215.072717880656
90013,23437.20682129469
107223,18221.41203506477
96785,19511.778650988766
81473,23358.783309338804
85403,16021.705176869407
106473,12507.860986529791
81568,21454.396544011775
76748,14912.464173763525
77020,17014.05605689944
93210,28044.978114663478
103955,7089.7211697194725
86509,16193.4399914612
78291,25233.915166253268
88895,10334.094284101826
98026,10151.144131650799
108410,24919.208601652106
88039,10100.803675741801
91193,39754.37565511878
88087,-1131.693912065537
88708,15236.932847049175
98485,9304.918725306386
89847,17856.85838433262
81318,42489.2504034701
103971,11690.021767159356
85649,11058.91003859014
96137,11957.6689595817
81112,23165.258900128058
87825,18003.808208305418
103890,15893.750657146491
92845,40689.26740686227
95649,26230.724547818783
79000,9997.582136542216
91668,13224.040731037632
94544,26990.89017403996
107024,20272.208126400306
79725,12440.907068127868
107343,22779.016811241527
107612,17258.662804027845
76647,10311.095158957585
100922,5196.204075816408
88583,12655.666394188942
90425,16910.87123057479
86258,8939.834662454406
81973,17716.250756178502
85370,15209.86675977541
107854,10690.017280698914
78195,15349.29260118038
82124,29380.934989222864
79050,17518.317712005242
78880,29859.631845088254
88596,15196.385129242466
89033,13838.261082513796
78792,12940.189716450317
98664,22792.68238191963
78544,11071.529492103116
89184,10722.755165664988
83109,7258.221391206054
101759,14074.773565356561
87164,18367.271291155528
104156,7375.922101400909
107607,25527.386093429086
99705,7261.347940357053
79398,22178.42866726646
98401,9676.76389703479
91911,27020.39075259895
88175,11444.021524764947
77275,23416.273737799143
88946,14159.227106275503
98293,9690.860022522407
95991,22211.38158194568
82196,12522.85865757367
78514,37555.85613724665
102853,15541.716723073405
93984,24547.766395507133
104689,28581.33369795035
98534,10690.731758310576
98744,13929.834031283099
100456,7677.604923937994
83468,11071.280223735113
104432,23113.90274539386
86752,19922.349779053795
89762,9827.259942963457
82788,20645.175816868315
105604,14138.320320742088
105490,12596.433753585588
79447,16172.893230065209
107405,25674.636689507344
102782,11133.172931850364
82786,8806.21121999441
100557,14892.715349632286
77711,21704.669607095042
104935,4688.517921725317
90750,13922.383406115696
94396,27368.659757696892
99628,17394.40312359293
87360,8837.499816044234
103238,10712.958979799427
84883,4700.383958883351
91450,26673.173567828664
96221,8864.553168119965
82400,23751.35325551551
91940,12495.706802465982
101320,10354.68091180954
88653,8605.665975830882
79446,12043.480093231541
92672,31309.02369289704
85552,16120.51811264045
89858,15226.791395048669
96610,9778.500630937022
90447,7239.866401036881
90357,14231.277481164696
83266,11700.434530570667
106259,27756.291539875674
84489,12024.51604429372
87875,16390.766513248964
78430,28824.493994413802
77249,21777.634225304064
84094,3432.7922432404303
102218,13450.324177198898
97151,19790.677980925102
102064,8890.326766985992
97655,13678.13521334104
97387,9785.37171586632
97118,14169.695168237144
101804,13785.313615721898
81888,23979.042994107134
77455,25152.644321422224
99638,15618.01489568717
76845,16482.29515281046
85493,7184.221644104458
99781,1406.8076189075218
79322,25860.68241282004
96766,15276.686073694058
80513,43588.47677230682
83907,20861.03900692903
93217,26022.940063558315
77426,11853.105990459502
105044,8685.778470572171
86573,9422.032391258952
95251,23564.22810627344
86098,5869.567864971672
93674,29198.205301339578
104392,9988.351718666556
82340,25636.8178749559
85899,22029.726001740448
85579,3698.8036863022717
86725,12196.54418889906
104810,34072.92458010088
94570,19615.4030378226
89607,8330.28143810737
108478,18269.624462117907
91464,26499.711820513025
77613,23017.00723670813
83067,4320.815432097035
104585,24375.98232218626
94473,22676.351614286265
98756,9987.64661646678
81199,22557.73036951074
83741,16125.645611552667
84972,12671.140514682746
87486,13976.117962244956
92290,25007.733210429404
97049,6630.444514322648
81960,25994.492630461347
85765,15572.80488423325
81319,20761.704034538023
84335,8285.214915238175
98897,7589.774420283036
83649,12821.50914172933
89567,-2861.930621573294
101958,6005.090605777485
108211,17926.459329017685
88326,13390.437627298073
106424,18830.569317749585
90848,12237.488338183437
104944,24097.012061049172
81300,49292.06236796567
76804,105856.44410215072
93569,21184.39808606013
76839,17689.489680159255
92611,27355.19409031961
76006,27968.96001977219
86953,9580.369954150228
107767,19197.25659988365
87949,13124.998064444037
95782,27335.536383500745
94414,27031.979653124523
98483,23418.23812904078
95988,15460.595720409416
98640,11339.66772783309
102899,279.70860192602413
79367,48764.98958810135
88430,16014.46752385472
79428,20688.069000244926
76247,28011.32735616913
90955,22713.984378004912
100711,2805.0867105724465
83720,17789.28516380406
93618,22467.296925211325
94754,40412.516427888564
78740,25649.05588652962
106522,22965.45477207066
90165,9912.254273201688
99615,3894.269436509756
88112,11851.75425855929
90759,22901.37363049158
91835,16608.94380454815
91563,31919.309056463782
92736,30899.012540576063
96939,21181.194520023826
100301,8140.6656918068475
80143,21557.61225742339
108141,11087.391638993751
99743,5475.521364664048
98627,17872.539613702742
86233,11508.592744713096
104568,17762.859329289902
96489,9052.55820369962
79018,17435.24553115759
92173,25407.590175320656
81198,14669.435175276754
102450,16759.737204558653
105038,18430.83066486311
93284,20818.72603274681
85848,16168.489725284453
89587,12608.76660541285
91457,13292.055701651669
88804,9207.44038762046
97228,11173.266070810088
105841,30311.1760589568
107331,18121.8094929495
81008,12154.33643686428
81853,22631.45504176493
103283,14363.03159839235
79036,22457.855390560522
90376,12737.742422898897
97271,3540.529450995644
82967,11405.844390705926
83663,8626.998254975682
81640,19324.600383937766
99076,24785.74622779555
107790,18913.22197326277
96460,8667.52235946976
88286,16397.975786586234
86545,12694.080735702999
97634,13755.583737759851
94452,16750.060774128913
94409,21983.300519819735
104877,10431.075632600332
102952,12359.844567868422
91502,19115.113376031455
105695,6230.032638219593
78608,11914.291055078822
77384,35324.414581288045
82188,24954.152228516818
81054,16758.092341094714
92709,21712.407726029953
98260,8894.09233679084
78996,18576.710976227667
103868,7252.460804236383
81809,35834.236216353675
84251,10862.207122009626
103762,7731.110790867708
101479,12362.454250694718
90533,10880.166458311316
84636,6803.764468631125
103208,3896.2768905914854
90274,10919.97138266603
87517,15373.755329046864
79671,29559.386387604667
81486,36524.41902009766
89338,21385.085134850524
76912,14109.32223577975
89675,11483.29131197874
101294,9075.71497268317
98316,10048.578270785336
82457,14204.785199299484
78558,19867.341947638808
107933,12403.761324331193
87555,18719.816363973936
80873,15990.298044105162
94717,22640.95880735948
78922,18507.58130058217
87376,10344.557718856813
79203,24326.848699610404
83801,14044.19635372478
80314,19595.207892980252
96011,8701.683666834404
106585,22644.777236943075
94122,23306.411320947518
101723,14843.649153945531
95561,24161.65333847546
82751,13625.800146881054
107424,26836.233814776686
108316,23928.887156654877
79229,6637.11337317733
104835,3042.6900157193886
106289,11582.021081946616
89876,12653.076688923276
96917,9952.426818102365
85982,26762.82738852731
105023,18199.111899334675
76749,29041.37663598433
76453,25085.299962051693
98954,9896.01675196123
101783,12298.811288249402
96734,6669.386566561137
76884,19064.36974592018
84277,12991.537592695211
104756,9986.209961001907
89268,20755.098283756583
78955,22255.45969876062
99279,4640.183022587371
77361,28918.06311418864
97823,19882.70351438217
84313,9571.710152201704
80520,21595.244222067544
105472,23830.894864692105
77671,14387.846232964133
93098,16861.2838953638
86559,16841.98300758822
86582,12488.001776720295
79414,12285.107179325452
97179,15873.535626585755
94617,25507.436395542754
85780,3980.053689270775
90904,25531.606360689388
103178,5973.184653834556
105752,15073.208150008155
82636,3685.5717963463976
81069,16083.213898835194
76784,5075.349127359979
105061,41203.93906732583
100732,10589.89892955689
106562,10501.004457314819
102833,9946.305425241939
79029,18426.525046118564
91944,32090.06509571112
99849,6138.083434067623
85213,19586.660592011118
92653,19697.642934233896
90824,9482.314044802886
102752,14909.877288212185
106732,19806.65072861241
77076,13079.675784845138
101825,21335.358564667767
78920,28164.28707407278
107404,16362.786338938226
80053,8802.97779243614
108062,13094.23587484748
88256,15625.340224773521
93809,26782.598372188877
97342,12852.450780300744
101308,4109.650430632551
94366,24378.67037579196
88228,10308.82032523994
91471,22804.732381021895
92294,16846.510921775363
92018,25019.000417846953
77448,36078.093961665596
91091,14403.34858854828
90892,12201.056312555098
93754,28860.261384271987
103644,8161.137010517559
101170,-4597.8390087838125
87238,18332.361216282326
103651,17637.116509720974
108015,19623.597643500354
96704,10514.720695121592
87938,11502.719884533726
82456,12338.980275081034
94735,27946.468686738182
79831,17084.56182848831
99435,17924.69777638871
77407,21847.00571019588
105163,13306.699124185077
90450,22774.532806154748
101144,-2701.740823456159
85101,8928.857501517166
102152,13793.584504813625
96445,28074.695612183306
93062,47340.64420949813
100172,10645.468511717772
91519,20764.342001363082
77563,101719.08352394275
106245,14509.265530561403
78606,28920.285269105836
94171,18364.744433831365
82263,8838.159741699666
104528,4326.776401967858
90918,26951.7105340158
85512,10202.083111724467
88317,7766.261657781695
77807,13637.238735356921
96992,8645.379050369986
93802,24440.925424589965
108022,29395.907375210765
97029,11968.237994782481
92027,32530.33997956806
88331,10577.04648065129
81387,13874.736569328321
78465,10345.410517150813
104119,15505.201129567795
86438,5120.702689625876
78315,14611.274666459649
102212,12993.481931345945
83625,15528.323143911926
99983,4163.736979663678
93838,17491.022518275247
86485,14489.613718004199
99164,16980.007204302514
100640,14586.23804988974
91693,25871.606453771485
90195,7256.203156756732
85076,9186.631870111887
83090,7950.717918442009
84161,11296.565990850766
85985,15368.124393387407
84759,12165.418112968531
105838,5889.408844758902
94748,21157.531125227688
108188,18640.6462855423
94465,21221.27821856267
81856,14479.18452760343
102715,12345.989293392253
106448,19428.201290326193
103923,-87.09484105995216
79482,29669.18814592257
86062,11213.331797058374
95217,23388.076835521817
95712,36398.40718072078
98498,6968.7267641386425
79175,9048.630555620504
82244,18377.470109721093
91792,33066.93013541156
81626,26217.390835839687
83185,17993.98865623772
83134,14949.552967630094
97667,11340.209732523916
90780,15267.00663228023
79383,26863.468558405133
78440,39055.656987220456
93657,16972.56114183797
98771,23556.001103253016
103569,16548.65760087529
84696,24510.568649963403
104235,15728.917075558697
89916,13897.348579051672
108238,12216.437627521664
97737,20678.087975128714
95184,33367.98696929081
77985,25906.87481264872
100680,12819.202582708356
105919,27691.942870739498
102177,13915.469313401176
99133,3620.9609871930734
85097,8411.664432534482
102464,7133.034453708271
83036,4088.4206319164077
82142,22774.367274037082
92118,13083.38180168443
79734,16362.377763940603
107861,21100.141559435433
98253,9424.426537104737
103183,8846.376263589627
98112,11563.495090549084
82339,20528.389162208798
84875,14507.484759051702
99774,23111.075971293758
101808,3141.207172419963
88731,11743.976329311452
84055,4161.114088285307
87777,10650.383324111943
93362,18194.550602568575
96195,5164.870209908899
87650,10212.834562978533
105329,4432.542192192399
84167,11765.323541235979
79667,20233.066129015293
85111,15693.880769577896
79561,17895.213702703666
81753,27520.19223347769
99584,14473.129025651026
107389,4033.997369816978
77634,47995.113714597275
97353,11141.65884962905
88362,6664.327330146305
78923,27046.78744841482
78687,22271.333253898745
79611,13135.00427036261
97264,5453.96612898109
104372,7062.417098359991
88340,8925.447018479957
81409,14344.23786359327
102716,8618.208862163563
100489,8925.422313628398
86616,10331.758509199513
96450,10332.06749637911
103898,1114.8738491924887
78965,14661.341495332686
77910,15403.929484855704
85534,8939.067545893166
81814,19777.132041897785
88537,15517.167751851477
97930,4645.059478287236
98346,12252.19310577106
96397,18057.566643333703
106812,30417.796558131813
88599,15356.214629249327
102760,11314.829805109563
94884,26205.437487156974
77319,29951.586970288816
77255,9383.652113690303
79483,18988.57098058783
93869,20658.763582114712
78283,27784.312347126528
79491,10298.132084636236
79679,17000.57743400929
104817,6031.054409281089
81355,31898.41454642045
102513,18195.45521313409
102311,10061.77619251798
94639,29363.54469142962
92057,25986.953331938625
108057,9411.774571601447
78415,25616.65019111309
91755,19541.35499959704
94507,16522.73257279789
77368,25490.359196620266
88838,17001.717246263317
86482,13312.12437481762
103032,11198.543904810096
101482,9054.37257478619
95744,20616.45950601992
76424,4355.723732375249
98537,17118.362828477053
100039,10914.43033297782
76025,20784.649228227616
82426,4352.329284151783
88387,11548.710763408017
100785,13933.961068449484
84030,10354.783019597438
107046,12497.436850302096
80159,7736.844018872565
81743,29662.265683334408
85348,10982.214483563934
79901,24832.26324061434
108373,21239.579835865385
79436,15304.450319779193
83626,13692.219848458248
84211,11798.231058905541
107879,8007.03901938675
107245,15911.294433150542
102868,14260.728748052992
98034,12687.928875128768
101634,13636.093216518115
78902,21087.4487271962
104908,25115.517409135413
108265,13029.511183458468
89613,16378.577956658075
100852,5293.823148146563
101045,14883.370116423757
98194,12924.325711186393
87876,10142.30473840941
88436,5973.362370405812
103563,12255.668814857476
92679,10890.132442749076
97639,14501.489763802645
101310,7846.124931930448
107398,22783.04835884001
98740,5997.271048462731
103081,2105.5749313506094
93701,43683.801924796586
88341,10531.10047152944
91276,18652.45368363247
78877,18985.57772076498
100579,-9100.292573034778
76474,22825.818508246302
100963,11814.302619397698
98672,1311.8053303708148
94737,20479.084876253837
106382,8039.610646609697
90771,21559.605514260562
82118,20748.242037610908
104839,26352.898140035963
88881,4938.133415153876
91400,33586.87057557599
89615,-285.92671249608975
95916,31263.61218600838
99952,10321.89596234879
95605,22887.688370681775
108251,13570.092356099514
88507,12219.859232393064
97142,22756.732373156745
97129,7093.887143421627
106320,1246.4181658797315
104569,3246.930894486577
86018,17265.45101699175
98054,8496.190393514902
85925,16957.728877673566
82859,10664.079978149908
107329,20474.14064242362
90943,26788.496788451856
83393,5575.244387593149
108091,14661.109518383018
81571,21496.852378448966
102704,8396.835071416368
89511,9804.356220126268
86361,16708.30986009902
86449,8280.69039458313
91048,28066.391202885512
88932,11754.25874582908
97096,12543.667835895118
92493,28030.161044536973
106005,30732.457283771248
92101,23246.266584398676
85618,13005.119338020275
92275,10191.000354317366
104354,7845.24986494967
100165,7076.70327523828
102137,11186.99351298582
92251,15720.352351226116
102299,12971.158613623615
93358,25155.767155752445
91807,39221.40367438423
108402,15513.734706247604
77155,24213.99068730735
79195,23625.62067140054
96974,10886.087008121089
105848,7449.124023290817
105425,9270.653912511363
103620,14541.168498137646
79238,29738.636441741968
82292,22786.257952226893
84451,2753.1509483987174
93942,16607.003375205226
104577,6680.702337238181
105690,23626.623402719983
93421,13696.661448684637
94411,23024.460094755123
103746,4170.119714721484
104927,10258.713106278301
105798,10889.88882432328
88601,8062.630066930986
87898,9004.92032779925
87580,12672.541894752037
106294,27938.737247494413
83194,11921.29326511691
76073,21164.261724300013
98161,8900.999596847774
99152,6234.485079145234
78180,13022.723604090512
102662,7367.25808693
98915,20608.773393304597
103302,9003.301962454163
107764,12803.099797643517
79227,18698.705715162243
96799,13145.78085426471
106081,19070.70972466879
107508,26080.35380968725
97995,15709.790633074706
97586,22109.109230657283
87104,27236.280932774447
92790,35324.372218717064
101900,14491.121976341223
107104,16456.298871129882
93384,25571.55494483195
100649,3237.6933250124275
94525,24265.11755060467
103004,15529.777743472907
81477,50173.7066559918
94774,18555.169726397115
86403,15067.882955714857
95958,10863.919477525604
85977,18860.268421563393
106000,23466.677740964136
80189,28772.067624887815
105330,22916.077162563233
98119,12943.903402040654
108242,18422.038669491827
86122,8667.422154815169
90847,16714.371734503584
78649,20860.078727062035
78043,29169.42738003115
83454,15859.29221301718
98842,11757.138048080073
80378,31584.76250803507
100525,8084.28188985349
101979,9756.217017918796
93192,33202.749150680786
96062,7700.601879069465
96319,9566.25716687637
81121,45554.69117605688
96527,14601.3601534825
76762,50183.991646866605
89658,9812.28189508633
97136,13024.494309820206
91941,25219.673073643906
107113,9579.410376703934
86846,9101.97117949184
102674,14391.13320173163
85905,20016.072664765525
78034,14461.96009200043
96919,9324.520746150956
81474,24224.373289928786
92121,16359.38712124333
108308,29521.252436059804
105113,16767.430456598653
77939,30548.18680414844
76253,25371.66652591602
86272,12510.287951937149
103786,14795.520782529493
77663,24500.107541236765
90143,17333.656373535807
83487,15909.459741632105
99629,6245.700827227527
78016,39730.82013837308
97062,17530.7386524295
87499,18012.207547080063
104580,639.5182812727508
92086,19802.32249254425
81704,23868.130279450357
85458,18405.85625287953
94697,25581.332176842232
95730,27576.770728065298
95533,40396.518945417716
76852,12762.685860418089
83813,16993.7029477357
91465,23746.747676962405
98380,10300.041997643042
86923,16451.57168801452
81159,30759.650592835344
99462,11915.353280004143
86553,9277.17885485306
96547,14023.988745109906
77542,11346.528037921293
91704,25276.812546095913
103567,15179.936134931006
98508,10659.239445205021
94989,12402.993596221699
96305,14058.734691793128
103772,16090.096052527879
89923,10908.164285899227
84616,16150.008990982024
99970,11350.371685099497
100286,8502.881506417121
95785,20406.915834109866
77239,9693.931866792293
103828,10225.220426222164
86204,20644.016705716756
96855,8886.624176406738
90132,7934.261161126167
83949,3122.7628659973852
97042,9377.496265853319
81439,8637.98496390073
78200,26194.969895706556
96583,17698.953237245063
77935,16525.801330421673
91759,18744.54078646502
104912,17238.398208919403
95613,15721.538334861616
105447,9839.227185262978
89828,13603.23554370366
97297,26235.786102593018
107599,20561.581667427818
103109,5788.30114524276
76094,14744.83508853041
104324,18493.278090303415
82877,10125.113122719704
88953,12284.135508189094
106644,14267.757934544716
100086,8214.301010488125
103949,11973.341168126179
87447,14741.705051036348
103384,9724.754969332935
108506,19489.978327251636
82045,17878.299385515405
86346,22181.215139718406
92643,28909.856381009406
106532,8218.43573672438
100209,16563.4934140064
78371,20666.431306365368
79815,23047.241017607157
99946,8424.71767099388
85965,10437.945697707764
79558,22999.240284904547
108318,18535.730067582685
100907,5000.221777593746
85301,7676.073539684701
86214,1929.2827219592582
76307,15046.102410330728
89487,11862.627461412514
90272,20265.252510466642
92470,23375.02595808255
89056,15976.504287895688
108376,12113.850997818925
90393,20097.060649158055
90202,9483.047530326498
95164,16399.464443016608
80501,20938.914983746363
80614,27619.420470197103
86354,13738.473042498095
103851,7790.543744652998
91517,8640.398408068693
80179,25501.198445886766
97710,14995.410316939131
94083,26537.62099729899
83733,10493.653898199744
105032,18101.422913360584
91064,26901.541505292727
94799,25460.157925464024
105548,22641.1911396598
94248,44305.92332111705
91984,27178.99901971921
105390,11699.104348999608
84137,4308.465484330518
84643,8921.245342698065
94173,25659.927545382612
89789,14058.545949945576
99329,6957.542782220902
107125,14258.725465701616
81011,12767.124583012104
92062,49012.51893476717
76630,24255.462455837376
89022,8997.381363268083
91463,28208.779723859785
101563,18336.55024453174
104307,27469.231613983793
95572,22323.04556504055
91019,18021.030338757424
76966,17070.692941424873
76916,28955.01218100729
82319,22656.485988006403
93863,23498.039776891514
96798,29836.937934447342
87072,18287.687542354557
92771,20033.232259914992
105915,8146.714669020585
106830,11246.04368901634
88798,20084.69576082575
81750,9333.125222934672
90415,11919.186638610467
91110,26868.33270092304
82187,31915.651175302468
102386,13245.486429653916
103517,7039.304060243507
86270,27051.533995622493
83526,13565.661272427853
83728,14437.400546897348
76878,11339.15673583308
99712,18714.301981500976
92556,9552.892951467715
89879,-318.22002618117403
85276,7844.016187634552
85272,13210.700363067692
82645,11385.788028568597
81445,14048.688999688238
97841,15201.474962633554
97088,19878.310394523665
87735,9924.105032985884
100748,19431.088616081688
94315,22569.52900021238
105218,22593.865363631514
79295,19483.69286505386
85482,11564.47512076763
105112,12267.692596936511
98458,14371.947791280443
98177,4682.487238077636
92392,21405.39684048365
106885,7083.44287051924
94239,26686.59399373109
98355,2465.770409243589
81111,25156.975697965958
101464,10732.212185369208
92070,21651.533451583964
98707,21559.92045504725
91095,19027.256390992858
84486,13947.82327087129
82898,16206.25971587321
108233,10422.001155127247
80001,24955.020952187217
83538,13920.04924073699
88563,8483.255060518277
98871,9213.0546390354
80645,64539.88880666405
82054,20192.925070279744
86397,11727.167490084976
97865,15391.611799742444
81700,37740.89491634558
100417,11537.643308148516
91017,20225.636483302413
95218,23578.60724729723
105519,11627.866460692036
98097,12190.687152631173
89232,11114.84385775053
104997,15079.641790309717
94952,45072.06921566355
87017,13332.631293669867
94876,30181.142011257834
87741,12675.45165906931
82776,9860.602931873858
106221,20838.133495320828
100602,14136.523842225579
105337,10668.515983734673
94476,21117.758207468083
82899,13063.520972258557
79145,30385.203979742306
90481,19712.20861790169
92396,23989.908798483375
94605,23088.583296837445
101668,9534.388812436111
79742,9333.026802409033
84465,18784.383718689598
86828,12141.938739651581
84944,17240.44040069425
93680,28276.078039716624
85778,3466.331674482528
82841,11089.549434441127
96597,27708.73245014937
106852,10931.176519710469
88003,14724.929296013346
90461,8860.94924981895
91184,16579.886851135656
88055,14857.100528258161
99180,11273.816973181383
87766,15894.26836575949
86691,13551.636271539668
107751,35494.0501676596
94882,26810.62188520444
78637,26687.379957189754
100601,15602.890215460298
106271,5523.720021538291
94355,27320.001844908344
103261,10908.901551889197
84449,5392.213544202154
79799,22239.936457728763
78481,13198.33850327607
76569,32243.004974415555
90516,20027.94465812517
91054,27205.712305736306
97435,9845.914963891206
91203,19277.484073317944
86130,979.0508647202223
93768,26606.299162040144
95494,26680.563668848816
94319,37793.15313341188
83638,22214.30158963561
82289,32083.326752378198
107990,16832.957174007053
76261,14971.048727011424
103466,13846.03252155993
91403,23690.928202351482
106025,15651.2671910036
79465,23565.6619650793
102871,19857.916394988744
108446,11602.23176094587
107305,24667.193195021915
80190,24879.123055006727
81649,10418.925715395118
104611,13586.015915757074
79821,31857.60726585961
106756,11130.678124395752
94209,27921.78880742447
81524,23352.128244425592
102947,10128.651607523032
87868,12340.700366565492
95933,18193.518461407934
86850,7737.493903828334
108381,16603.01539847527
88771,5926.736150287063
83105,13106.50929216115
93264,27278.489035156133
93240,25710.15379270239
94060,29637.507159069384
95003,12946.277475623705
105812,22176.529820226468
76675,27018.976471137285
91421,19561.815925052186
102047,13789.766841038247
76316,20433.2180174033
108385,37767.96181326965
80043,25784.428592575132
80122,10874.95285924914
76885,13365.43065411193
100765,14038.664180201275
90748,6272.962999256779
90799,14848.816365422725
98792,15037.112819086266
90085,6901.668619186967
96967,13320.468727218686
77008,26808.70594805383
100132,19369.124657944834
90720,17714.00259579775
105966,13781.037884658523
75981,17517.864871350466
83312,16601.9761504356
106478,17228.817622068804
107800,15933.96509798251
103769,10794.4097390674
91814,25432.077428968798
92683,26075.958514148442
93319,26024.874615477267
90670,15122.174636926371
105982,16861.080201570352
96565,13792.158138657396
89299,22783.778421232215
87406,8945.372569734056
93260,35995.840189157156
101201,17065.262776484713
85414,16186.379294321174
87273,13743.797173364015
77653,20691.253322026765
94848,27641.281553326786
81983,14016.58041949285
98927,7363.688730041424
105078,15345.078958221246
102825,10001.904059272987
91211,19808.525417161873
83862,9439.937859876518
76624,16079.457093039295
96502,6324.750526053715
93149,34062.30642734397
105761,18961.266617632966
81327,8799.992366960563
76688,13252.603004841862
99302,6959.404897822489
89052,28658.962224699426
106892,18277.987275695923
97157,15859.689529691823
87715,14729.789931118226
104669,20804.457833816166
108522,16462.827500955085
104725,29054.56990529981
86473,12535.610236268054
107402,23502.98349246521
99376,22769.33460603589
105473,7872.7431263295
101761,17071.26824854134
100229,629.133185060251
104122,1403.4600793893624
103433,12688.709017301691
95259,26178.020067341
76691,14563.265419073956
81526,30185.43330938983
90817,16785.08775020842
106577,24436.688634854916
105900,16010.88279443857
86342,16114.7217298646
100902,8814.113425934513
84715,6868.641090886784
90605,12657.128526620974
80255,13414.787880069664
84484,8237.07776620338
82894,5909.564733277104
86148,10030.693249362637
100981,9835.731901836756
104559,26746.280815254344
96603,7793.1204394862
79461,15909.379750587832
83864,6473.978037366614
99364,13683.393044613127
98182,-6376.34886371965
85145,18889.919852427818
102591,10175.439094762813
91416,28633.8641432156
89032,16355.748595497978
98530,10205.885202194244
98214,11675.641949660727
87931,7308.803453530185
90835,23777.872371013276
82398,26701.928576599617
104749,6614.408808304768
90735,13656.293238100814
105444,19735.055197810347
90324,14886.01643075567
102500,15223.499761657702
106702,2001.0644845960196
90727,5603.434961478837
97427,17933.249312602304
99844,10342.695668444954
94541,44221.97074869828
84483,17506.59649896565
100773,7696.98914036878
97910,4592.568926830223
97461,14009.97894677773
104846,6170.533960477842
83951,15994.06068216989
90276,14150.689439692302
85508,14021.890731322725
90153,12389.93036474938
89830,21819.597964953384
89708,18316.530283023967
98504,27109.56024776383
80397,24719.697177320762
76172,31181.612427053144
85446,13520.795028414315
96732,11868.15429860176
90781,7037.037404765899
86208,10617.122026560552
87814,11163.159313275653
90938,33455.92990986678
91231,23991.82120396517
80979,21930.55471609738
85098,16487.20911697863
82160,45560.87631258184
82809,22954.677593091023
86468,16663.840779897364
104758,2771.8477085165505
79772,30280.46002994028
94343,21689.918884955303
91304,26126.787989587203
88751,13960.645240891929
108437,41883.55242498733
94059,28198.891212895178
101856,8929.23894465965
76319,17491.086444573826
77918,28248.84274876109
81976,35065.35974081642
108377,20835.123158904375
95984,28007.89076129702
102208,13508.642852840218
84420,19484.44096255029
103716,21697.35154722989
106428,10063.745142142376
94602,17264.01328414287
101119,5850.879293668433
77387,15756.404902060822
107227,15442.231768822516
86164,14084.975412908825
85096,14254.2355295741
108198,6917.57052955059
86401,10039.643809161906
86386,10014.880355814967
82726,12705.136871754803
91977,29391.60148857189
87805,20634.11043814366
92810,40541.53238953397
92387,32381.964527662538
76117,20197.173777565826
103862,12681.866455182317
86962,14845.766873085755
77023,48061.57271842011
102863,10638.414617571048
85375,9509.075444505375
84363,15234.772638803785
77485,16572.955895799038
99266,8522.655859498074
100253,14326.019542497335
79037,16681.621566692367
92228,32245.35100208265
84144,14452.150248677528
96577,8050.038717231742
81837,15742.257688647049
77791,20200.08961596273
80717,19843.995399567604
88865,13595.333383987396
103611,14558.297034401068
96150,26862.50833458682
98071,30327.537645929697
90964,19867.169459604833
108523,27081.923414374105
89431,14364.257305899038
107595,22308.607768757065
94778,24170.109008612213
91385,20463.216207549645
99288,23462.74118039009
82885,16281.38597381927
100437,12681.53119598268
88938,19201.935198564897
98801,17632.842200746905
107023,5713.458247684408
88675,26394.356799688423
90159,15658.46916075438
85804,15959.251677667766
80088,30093.006320432134
94929,37758.612100627244
100421,13586.227768267418
90603,11407.26339727026
101899,11682.8312215677
83201,16697.752297102765
96023,12640.900786825398
102019,14312.361260943959
106863,24348.92012998293
108263,18943.734631411397
100605,11614.41989282309
100998,6437.473552873969
105544,21398.487994664654
104343,8858.210006287234
89692,6296.9011695448135
106309,12396.290312447498
86065,7039.394112296592
86436,10375.11258254941
103991,8379.841165389633
92712,34753.99066104446
89709,17176.478439008948
95415,25805.08784468312
84959,19542.035614599736
89069,15115.603163291904
85580,15967.10653504383
100728,13870.32389101223
80638,33245.16256120709
105713,8019.214951166417
98494,7305.6735279104905
94819,27413.398098387217
83800,6450.778370270738
91085,19767.68404218607
102276,11420.62603202081
96111,13721.50785140277
90891,21807.368315270738
80010,9061.455537457165
99501,10402.272764339956
105431,16159.918011955044
82161,11658.020882481258
97426,6737.339255916042
100242,16932.588794523734
102470,14264.897225189721
94769,38047.08128978657
83472,12838.175515533978
81138,29834.79127811332
82719,16998.76909457233
97305,13651.183755921229
77744,12980.4049286488
83536,13127.803759659233
85355,11464.724169753259
84273,15053.51005184569
100061,11131.23063074793
78109,31626.061993052324
86119,15888.320528360375
100274,10314.544271218881
90390,16875.712917998215
93338,29561.292763526842
97460,8905.15678291436
87833,15847.462391925626
107064,23217.93301097797
80942,4786.3803053387965
87473,13880.24374047789
105869,13555.537925337965
91776,32511.484461500935
85853,15431.51787440502
94909,22005.511747089127
82407,17400.035218050412
97633,12547.084210113928
80176,23394.034957740572
88572,5023.428139898431
97971,46203.67845330374
88633,17376.327602914505
76234,21166.786016168262
98579,7692.342434738181
90034,18142.93091195036
80857,26491.340937929883
85633,12169.89558696904
97760,19773.36568476545
88831,9168.493029504112
101303,5790.9829835149285
104373,11765.062777021813
83512,7812.086226395433
102692,11947.24055284742
87092,7068.192086981988
104305,21099.14941181436
95344,24801.3066503234
76629,27255.072251597318
83699,-1493.0699375982877
99290,8894.04129475914
93528,35830.6335925422
107251,6533.41157337348
103980,14721.725867150744
94469,37735.37865176231
96448,13567.65922479282
93511,21735.60148254792
101249,14907.069386956704
90543,14547.60623016495
94928,22245.295024904917
102623,16171.958125892532
79505,12099.142292018892
90175,19769.72533371116
77417,17634.97014441213
80974,24946.478584367404
78874,14468.890795163228
103376,4493.49783323161
106490,24044.1336105807
103267,6015.339530923899
92434,29383.341083539606
94016,34769.37996608399
107217,21945.148833806306
100783,4506.200670399732
104306,9484.563814964233
107691,42961.41910154697
79101,23772.062279981736
79607,16711.390471977676
96910,15525.958491401776
104648,18081.141415441773
97752,8530.840034398512
91917,22966.75314781518
78307,32799.681464791836
77462,10870.783897004818
92958,37659.57091112694
92148,34767.219817055724
93317,26346.031145558954
77824,24221.03993540637
81043,18284.704164681287
77339,16106.0977771217
95942,23080.945311284493
106865,20290.048969103635
100781,13458.671640537243
82907,6849.093579689565
98541,28306.86901246308
99032,5537.891073710693
94935,23435.763224294205
88567,13824.49666979778
103765,13811.250035481586
82436,11990.950779029678
87940,11261.909586828086
83542,20015.174262553453
80229,33883.092819620506
99988,13546.300371913734
83379,14680.784102180944
100404,11908.477552226555
76340,21198.716165434045
104105,8547.283968636286
107460,22430.405944567057
83058,10876.185654245957
87987,10449.665892304387
105926,5154.020765777124
92263,25557.699812333376
76100,18744.07258014263
98059,5888.617421704199
97622,21076.723300777652
100124,13232.754009397308
85132,15295.88160333372
90849,9989.254007424694
89461,7823.358398696146
104144,28150.64079962144
76429,22346.709817473136
95660,35011.66764385355
93649,12837.48923339411
86295,17057.17174434205
91313,36969.80062577994
77778,30591.090266726416
76003,15470.351425486093
96131,11876.835278056213
80441,22760.068924809442
107065,21588.12692423667
87237,9366.912274892878
79135,32393.91391699134
79471,14343.609498755788
88444,10389.463896371628
80954,11649.348403605924
87030,17104.342074406857
82803,12954.823950868944
92307,19903.940367799456
103846,10487.572882196866
81505,48893.49485797639
96454,10215.833098727511
92723,25940.603339185822
85406,8798.967252875853
94692,24237.058609072308
96459,8923.415981189115
97045,5.035895661363611
88125,21763.743571621482
107173,21816.745906875032
86708,12666.66477794334
104799,9530.30502846693
99726,10019.251110973622
83300,8388.638937660842
87117,10557.127325170237
100398,10707.17601105469
82731,14495.188325288851
106322,29103.369032103292
83937,12519.38625184042
76509,25604.376215662312
85158,12000.77938821746
90411,18746.414144642127
79751,21855.362281171998
103864,7632.410283309771
85183,9257.756224657554
83429,10168.688985018205
104401,6037.2652299311885
102908,9401.485129869689
82107,21405.42198222429
83546,16321.258737330703
101326,9040.893465798756
83489,15910.551408606887
95464,15769.232867914965
95312,23084.434477875897
76958,14574.872343919822
87284,4986.721656387672
93565,34631.952153911145
91521,29823.851205187864
103751,12125.66436068718
102806,2818.5037851419766
83404,16170.214214454085
78539,28822.89381072267
106376,5768.963494747033
84742,20845.363105670054
80991,15285.736086406483
99185,8585.809689308546
81160,24652.59078082723
101309,6797.972824682001
96620,24077.529712089876
85514,6901.709589046484
104504,12212.806733118865
90442,16343.96243645213
78824,18150.44794531149
93907,13524.397299635311
92574,33998.71891804635
87966,10819.66211976888
84013,6485.105195377197
76192,16732.09293343904
101039,14833.023651263036
93377,26122.96756588522
89911,13114.913458924624
82649,8114.606495085842
92244,29827.767515204236
79456,19450.81854337557
84577,8498.487992970418
101829,13197.975581825318
82454,9754.413527800003
90738,10909.446080239344
78614,31537.202118148954
105723,14624.156196617478
92281,8309.86774819193
83361,7008.602348345856
87484,11408.598540094797
94268,24758.794057813982
102791,7151.319415387319
80098,33802.86398615182
91058,18103.94132932469
94029,27765.424390187312
88543,12068.909045345586
81670,22011.76493101602
101579,13986.815305389173
78436,19315.494333018287
106875,12786.894221300376
87655,15384.946556875511
91929,29152.28862264278
91251,20912.37297319337
89471,11789.538085737935
97578,8588.181428714248
82672,12500.37471387678
78444,22740.37463758627
100808,15273.849629951423
88869,11661.097940758977
85357,3179.067712740507
89167,13451.185209348056
106862,25390.556691359336
91281,39710.11449006664
87788,10383.810693520601
95287,20348.373930478963
85680,9108.58004988142
94781,24159.534316314763
84268,12760.436000925372
91867,27675.09544699303
77714,23485.29912211711
103499,14332.645160477114
83996,9799.48702021793
84187,14187.41139434668
94237,22223.42536804844
86917,14404.08081234622
99891,20864.78823770961
100901,8851.783234014292
78556,28338.714046837675
98139,22518.187132314997
83447,18181.54108884037
80732,25652.642417831754
81168,15139.405838579187
101789,-152.95780617237324
96183,16949.15423345912
104888,22748.56582567336
79944,61845.61193172417
84752,7618.636590687471
99274,539.2318269680254
101601,4198.9148774741625
100509,14996.134672708024
83579,18982.380072749584
78657,18424.590187071415
97894,3184.1854466789955
98305,16894.185303235296
81298,17436.640208858735
98132,12579.261594419033
83681,13406.011645636725
103875,14486.960643410377
96447,22303.59119691378
105060,23184.39929269458
79150,47197.966776539455
105628,21534.639352263504
84027,12008.733484587035
98984,24851.14266885641
103343,9259.728765178064
87304,13355.633202815545
92483,27722.256444231767
78555,19361.142356784854
78697,39033.4530825916
102830,12124.529635615327
105192,20391.114445443818
88749,11880.162119918765
97670,23541.648802280295
89034,6497.613332846289
101691,12225.09294920275
79307,23260.509073954832
92856,19625.938749215988
85540,5268.7954497548635
86841,12392.091629759496
78144,22861.028741550166
106175,10863.189079138625
101199,14344.771037449435
106284,16192.660845892242
107920,3504.85393184697
85677,20947.429703871865
80672,28510.73040398155
87751,12622.99940939949
81660,23836.413018107516
104608,18078.34665016897
90356,13216.991859943591
96037,23270.70516663784
85376,10658.432868624688
94596,17751.207590174716
88457,13444.5182762263
92475,16647.738588301814
81195,20774.196433440724
92529,31272.584679120468
96471,15569.866551040992
107840,12382.841736534116
84210,9940.728625332122
103192,15221.047321048012
101468,15489.997798444718
105529,26034.081022553684
97367,8940.94302175469
86100,6558.908391565143
106778,16897.505168514122
81881,27941.591944182976
89597,14124.349066895302
95589,25232.18926852189
78552,46767.65622049266
105240,21848.05080304775
83448,12605.941320077662
83290,8698.56349365566
93867,27706.346361358723
104187,23854.48529457113
90760,16139.590725892325
89599,7445.882661415992
94415,15988.44594007972
105080,7317.575457040686
100371,14260.130765643247
80360,24297.43312759808
101046,6284.49520229653
76264,17733.53291472033
93041,27080.113478461775
104160,13558.591916826364
78058,47193.82469371437
93770,17008.433454235215
101223,5175.252959595731
101983,8562.58836045739
98730,14908.096111006293
89800,11837.872089599405
88196,13224.100160867965
97641,5549.759746439377
103870,13630.979128343315
84704,5160.465544430015
77526,20304.147172597048
77738,22951.894754774068
90078,-2506.8783118784486
94292,25226.38574466588
78838,21953.621827223193
81836,27524.466399059573
80276,26952.428546355004
108312,14778.763135011017
107467,22660.432887128292
79713,31415.577022118945
93468,34057.22929817096
97220,15472.190529453263
98297,12103.019855122198
91141,35423.353777019904
105107,19766.298867764213
89334,12826.651508935785
80077,24079.441289196402
85326,14283.3099998908
88677,17404.678513271938
86517,15591.35781582314
78770,27005.785345013282
82840,16326.89664665109
84256,11879.284706462699
92318,25601.680284884336
92119,20600.48233195032
94970,35121.24398471456
76714,14276.770495864737
89170,12407.212623268439
90548,13327.336102987174
92194,27655.1298644084
78522,24027.33291672419
83527,16724.85220526645
104239,8405.336763084051
98128,27071.96164399502
80712,21302.08511642173
80259,16550.711824499638
78469,31000.53318254913
101923,1174.8199461956392
103655,9341.648545411212
101481,9898.424122257595
86550,15102.25104508939
90289,13825.614039934415
86255,13833.18091654242
80411,19635.52969994844
97263,12603.482341130555
91086,9463.30352758558
80675,14254.762360959372
77800,26796.360450885288
76613,30011.98231025596
87002,16757.01919769423
104952,13328.934465045197
94790,33316.29768028691
89888,6159.947885310568
106268,30179.23617911317
76926,12523.305290170363
90503,13524.940451433824
89083,18733.423502049234
92741,9677.537042527038
102911,16822.508444753068
84601,7340.02645937365
84846,9101.675816163013
87884,17273.044806080754
88305,17335.604218561115
85335,12553.235899806838
89396,17506.9780333291
101992,9728.058296644915
90693,17362.988892665162
83262,12408.72703282145
81620,16681.57747896113
88435,16023.307043458728
80013,31129.08759263168
79539,23417.725588251982
85226,15902.012186637614
93522,27404.411736993876
77175,46930.23545285089
104947,10061.049974096211
100869,10886.031287377147
91575,35864.143264797225
105880,31798.45837546626
106564,21466.014695052814
100585,3788.4722835240536
107332,9226.174561902255
77295,28166.384667386534
90575,5796.079086694532
102261,4999.232103421033
108080,16390.96175108227
80364,21899.527692082615
92476,13975.424943672013
104078,19922.855145559006
79184,14439.850633754962
107575,10415.468895756581
79281,17211.680908534792
88560,15436.573676650878
84166,18585.21309317177
78054,5022.834549951105
97324,1170.7397321953322
85558,13994.711918342102
95710,23430.939644735525
98600,-424.20746779590263
89622,14223.867313317314
81838,7101.3823598694
90646,16676.603660737732
88110,3671.8584701917134
104085,15096.577183729081
98242,12829.926435048896
106226,9270.706266296416
87500,11767.763907669956
104807,19286.431606166923
100160,14089.928296831655
105379,7318.2144823696
96754,22447.633876214837
84863,13271.532114186557
100130,13496.426652522525
93462,30311.364384317858
91640,10713.11096864476
95922,43912.478821576195
81137,27478.421150155817
78194,14236.473903114442
87308,13055.306100053043
106775,8640.364929736446
86629,13121.539362090552
87659,19626.33667743647
76404,19758.00998040574
87258,16789.506158199176
100560,12885.941615707925
78660,15545.458898956873
76485,21362.282557606697
99545,23244.123492108163
103074,10000.689091252061
77874,20960.704260769402
97514,12814.61225023144
103308,6587.463121795474
94753,35213.73294536349
80045,31450.938861589864
107089,30330.4720316226
101236,8315.839022827073
103264,17138.318185612065
94387,15850.689912531729
91926,18921.85053130283
99972,13501.428967267275
98651,6475.043882960279
94873,26808.706759478402
80722,12710.178089059438
95907,41867.722362976725
87746,15113.00809696567
90574,11888.878431298886
85387,15090.69166625457
84204,8904.122684467031
80453,18381.66573057478
95244,28896.46623969027
79952,16490.389884212622
105770,12229.164117948705
100419,17320.444471641546
84200,10723.627809734578
88059,14466.060380653129
85615,4689.583389343286
90795,8517.668642574732
97219,8297.41409206987
81380,15235.426370005065
78928,19871.46731520936
85613,19878.735956560704
90529,12566.939157719738
89825,14035.826957117795
107431,13011.828094860597
97707,5826.563015340536
76203,17608.64744893351
107808,19235.845358895895
106497,9393.548764293868
101925,4875.580340174463
95434,22069.519532027072
103718,14250.587985143327
103544,7152.745820296346
78735,22814.491369199008
101803,7480.820380130695
106491,22292.975016175726
85594,10222.652197150164
99930,15561.107336258603
100927,8721.177598556562
76097,22197.316480705194
89406,17096.249942569237
103773,7978.018098731569
107843,10620.556051927386
83507,16680.067295374814
89693,6494.375583479457
101441,14283.202371507083
91438,11694.165761972225
82189,22957.674634464012
94224,24592.836818712443
105046,13553.556786632398
105441,10806.88316752683
97014,2788.715117396321
89955,10304.47101254217
85532,15372.220078666229
99916,13199.556326962236
103336,12773.466383068473
102567,15650.824706668122
77309,15811.08345353385
95074,24735.13080350503
105279,18311.43636880975
77443,38309.707505656974
100797,17029.253546671214
97954,1533.6460451287567
104854,10097.634658862371
77615,14125.330160024023
99982,12581.012305914453
91956,20176.7622918103
79467,25349.139840290212
80293,15219.714509490033
78335,12605.778706651035
96252,22439.966041687876
94301,26540.49618889013
97832,15785.824746739556
103557,14416.726939376356
86997,12753.175790283101
78106,13029.616887770622
107176,14072.720941880689
102079,12845.715682066832
87624,16602.192256542097
108178,16147.045734704676
82226,885.4772551673814
85709,13730.136486106814
78061,40576.62238736311
98092,10209.957158592792
77846,19078.534653797076
91751,22990.67508658298
89344,18916.738257128192
78458,37263.008292152226
90444,13563.824248798366
100411,6480.61758186837
76272,24531.904471061483
83891,14429.28167370151
87391,24722.986717086358
83460,9780.089157584705
98018,6365.763839409046
99334,15764.331911214365
97352,15015.298426961133
85704,17447.832686032314
80151,16424.359360529314
83044,11301.37966101151
98476,7120.000528361154
82495,23868.44696529972
100766,3081.78862315265
87429,9936.44316040125
80457,17762.305455686
97923,15252.92300878455
84002,6736.815083837835
100461,16664.249701821886
101414,15728.46002894768
86834,14961.676151431428
79455,30592.449391321017
89913,11721.181501653919
88592,7242.6284019516315
90339,10657.853279797535
94894,29357.813543251556
76725,18323.465147688083
95859,24519.07697816548
92694,17707.761623612605
85619,17833.372744109685
107634,12534.272277577315
101014,6745.981269117314
91174,26574.433527229223
79521,15888.741791733235
97334,8232.139482558268
80761,19315.538929230534
81867,13885.215276626783
96925,16228.282952798821
89478,8803.110816225511
104606,20172.551962834288
77120,48518.90379341011
94436,20232.383643929687
96562,1743.9706424003525
100076,14851.345801654155
100900,9460.002529156598
87706,10883.498911301285
84868,9533.703700618207
77447,10040.06746404685
99633,16865.08491346464
107182,38171.4160100818
103805,6719.766514794901
79968,20738.055069663504
106861,25969.430237060587
81356,30638.740025963285
90962,37641.93338068521
102794,10940.212993827154
102702,21097.081863815503
101649,13236.580340683955
92766,9681.596777433326
95750,11864.131891770405
102296,17103.24211769714
106629,15064.832422796448
98746,12767.92974351284
95417,26848.285175048557
91178,17764.33577746281
103915,5969.4200729253935
94148,25017.103079475026
92159,23429.98199647716
89562,14228.062584638654
84575,5418.059301069879
98654,7095.858635351775
96212,21725.58086758139
102653,8853.209798920303
88269,14190.139777751028
79684,23395.144754607012
83922,14019.228821685654
91288,27164.889386172552
97422,13108.643677264554
85223,8886.37561891452
101422,13461.352412276188
80295,17923.754803622433
88778,21059.615805623063
102400,1950.9602270542819
106858,18989.53987114584
91510,27212.204381725023
79257,23322.37428659419
106694,22791.531479967307
86646,20319.82066878554
100380,14484.446495712356
79631,25294.94533872226
83337,16831.647185063717
92866,18302.891031382795
93764,24139.838472639894
100701,12486.48406576988
85085,9132.33591745302
102731,-1185.1292753712041
107928,27848.328926610455
95668,22270.177721421715
86229,10564.215151875513
102872,10590.106704013975
95063,41759.339594563906
86474,24119.65546042283
80950,41705.72032673852
84432,7764.749926154735
78964,9632.821830934467
86914,17457.80489195991
97272,25104.40991983976
99757,9146.9324477903
92235,24462.83481627147
87764,12613.512584149576
81233,1549.2073478442617
91506,28403.100759888403
77920,12710.58294941175
104487,25849.217486595997
102823,15373.96050560697
96590,11400.326165496517
101069,11774.685830844392
82549,10843.798861249845
77585,23347.78149032469
98854,51376.14930621523
82501,16021.160774692544
101386,9719.597456530028
86959,6913.080918231994
105135,22392.813434276715
100304,16939.416804055974
76999,26321.58143995973
93936,18403.97069903827
96755,6791.682029085001
102115,14334.810581019992
81953,7422.531361913716
80238,42900.83146965965
84324,10342.973939597869
105850,15493.406628930432
86327,10950.282037433586
87989,4968.953498330695
93530,35255.29516953016
99610,12744.928876270656
102129,13953.58847427409
100985,13394.509224948357
76008,47535.98195300436
77703,22084.377908590162
94691,22527.58301973973
103293,15538.078854905383
84439,13417.312265786575
77444,17925.251073955733
85455,13218.457776907584
93989,42583.619794766986
85336,11201.41416538236
100517,16729.14331262633
108179,27217.475793925114
77395,12144.829191543104
98462,11955.118978649392
84943,15342.09066240101
78028,29058.704920746983
81596,23732.998017531223
95852,34359.96603501846
88816,18302.43663970045
94448,25701.387943285605
86470,12813.623064856569
102503,9094.289000734367
105474,8884.432050861986
88119,10533.676165549463
96141,13639.961589536513
85763,11022.883899324312
105011,7168.398893233563
99747,4709.422707887512
108392,15786.977954322589
90949,18518.114406836787
105446,22057.24602023467
95792,27893.109975763175
94956,20803.066504665432
102277,3020.714289133728
77366,30089.141176096018
91112,23547.92471792063
76355,26092.03124571427
79142,23159.417699025726
103859,5103.267114431335
82352,13313.647248186375
86826,20253.16773130461
86754,10817.179987089039
104363,6532.681548845052
93154,31944.54754369035
90930,23464.18604224558
107269,16576.835662205995
104109,1979.159201845905
100487,20292.32923744597
106527,15236.58491343414
96225,21269.11282958972
89925,8969.51959844747
76775,27457.582121461848
83082,18524.633001945156
105115,23905.874889424667
103481,7839.698955826694
105642,20225.433138716122
92703,21952.110711831454
90864,13176.455572254781
96072,8289.829522662549
98628,11374.783827576975
102378,12337.0247551582
85185,9761.564589722664
93707,29631.2715848659
98795,16862.00264169839
97577,5313.412777657155
79804,21318.331511408775
95541,19105.404764579827
78568,53583.29588815819
79608,22282.540751818204
103860,13205.089638367528
98449,15833.1750855141
91377,26814.485562950867
103436,4910.763254626159
102582,12282.004530234131
78381,9181.592950579448
90999,19021.19743022365
89764,14987.389214099487
99515,9465.899300671095
89133,6154.894143245707
81859,32120.118609301077
108005,10360.857476385529
103733,10602.772881008248
105155,19439.258525180587
100185,1680.8560378775874
102347,14362.632516511541
107943,9345.835908168156
104445,10408.09402575402
90149,22079.200116888533
106593,15092.41403696069
94733,28664.342766016925
91481,25619.75064401755
100201,8383.894911458483
94149,19769.641448899754
101639,-4476.309233779764
81577,29910.032891101087
80120,27380.15618523021
85995,9731.232828057313
85199,9876.136710422448
85909,16745.204117877554
78676,25222.26855026107
91948,27523.563347762567
88041,14326.220272872626
92848,26254.531124394125
87598,9805.996039464371
83613,11734.670793355443
85054,11996.630427598182
96903,17032.472063297726
78725,9516.37410081987
94869,30645.97435036795
89121,4301.239296812972
79858,40288.46952123758
89079,15894.082445941458
77639,37089.32156231285
84498,6288.089969148743
90431,16238.611991615311
80553,11229.019742239063
90257,6419.913944752858
91607,25670.1102128434
82794,13160.219007755673
79243,27380.95909377819
93687,22334.966365626562
91774,28021.347447807813
104622,5266.060277541139
94152,10447.387718138576
107441,18372.904226471786
96359,11544.013504632923
105873,21078.03453317532
82415,13153.785338496062
106807,7685.993612789884
82732,973.3559395221237
105350,15759.28333824192
107206,12873.662196928839
82693,11247.449163057128
101998,13411.762533668109
107032,29849.41864186802
88200,14759.09648450253
105801,11884.628482280212
86649,7696.667013687547
104334,19386.183385338227
101972,5426.507748434233
99530,5646.468294426741
96201,15325.831128535356
105972,6153.104492685117
100425,10878.991127581103
106763,27420.551741378382
90434,3510.3222052577185
88690,6306.352823595647
88747,12048.039557517128
92158,18214.963398620137
104298,17603.42678007121
91527,22485.899025573497
91731,22892.343378484307
89575,6154.219198461404
107525,17097.87682183055
80805,23080.381373357144
87001,16377.423544094927
76256,28982.34541127972
106726,15451.030573271855
100912,14255.345980813145
78223,19639.398621844855
78232,33049.348953473585
79424,22324.08096925421
83551,14893.344559759571
98945,1343.3353272705572
101673,5552.8055274224025
108525,14642.060496844671
92543,34731.687606241045
92373,19574.997536247844
96994,-8435.626956773303
80957,23354.856436862246
104185,14699.849033101913
107318,23464.077294726827
89348,8108.69948363374
108046,24097.542725232866
107385,21735.533257861447
104247,25528.92932728796
79675,20743.20566968064
95374,22935.572426032
108422,11411.805579821143
76584,22816.430555836734
94645,19184.541797442886
87779,12474.49735852101
76043,19623.682343009335
101605,12360.500330052571
83501,18415.060790178715
95444,23409.395263391285
92724,35181.476927784024
101099,16622.764565941383
105469,6687.593014828832
78289,27925.388309366797
90064,14597.646704689716
93527,17201.478178826044
102951,14380.861104743031
95138,20750.60838575948
90436,21220.225803030044
86900,12901.192928084696
107779,18357.24294057896
98096,5447.1114502126875
89305,15187.074145900493
81735,16073.754897293285
91537,16987.509285268578
79302,17256.343285631126
106769,17410.979062583792
105306,11130.577664510114
106670,16250.72222272522
80113,35968.223591029964
87168,18980.818869691197
90710,4207.037323919867
90995,16281.586207513334
96388,12971.440667996649
88029,13877.999194380725
92389,15879.03214420042
102649,13027.946036477864
97530,9784.34463284089
88501,15822.930563125992
80998,22798.78979874379
89624,10187.671507354535
83063,7901.5808819550875
90128,14087.657728159946
104897,7077.10615396584
85490,21651.516597315233
99453,19539.65230434446
107743,15403.221872247144
105662,15723.822209447462
89186,16140.730882796051
93355,16917.827987402386
100497,13207.195735045869
104389,14943.791273242736
104476,13365.825323530618
94822,19672.55929021006
102639,8548.869932158676
86493,7195.068787508615
95602,28444.142845501774
86924,15817.106084900472
81852,10996.445235187202
102319,16517.654710955045
107863,13471.524349616811
82938,14280.19472580617
89666,8096.527450441441
92812,28877.790657295263
97393,7261.612862813374
92386,26794.856993906913
77152,10802.976941346162
107259,20701.4003145788
90094,9077.139143517066
103704,15456.521584545219
107194,23215.622720300424
86326,9015.764500104677
84993,12057.734152196208
83853,3432.711667885189
98484,24533.23306667112
91880,22534.514694580503
89715,6002.581176357722
101393,9345.627292076679
87375,10827.95279389224
81722,14475.938720574792
91249,22489.900962120722
103603,16083.965390098543
96576,9713.547989111437
77094,14168.349599171663
97706,18023.795044647588
76932,14840.52771627529
86648,17466.508143383428
95671,23601.827116222194
87831,14432.846927449078
82577,13494.836241345882
87475,11190.562365885635
99557,9305.528623488382
82882,-1457.3235876834005
97798,12442.369186670374
99009,29770.863968269565
98120,9871.31367622313
86637,11924.615403918971
91310,19051.87473798779
101677,15636.571363063442
105146,9481.929405338247
99727,15337.613005607971
84169,5148.678299500927
91121,20891.793778863168
87151,12522.760098850005
107732,22811.194007104554
77136,29889.35044867132
77148,2522.8661272858444
104946,11541.081592309667
88249,9384.75043271677
105127,15759.104585727691
89504,19905.964589552983
81927,31631.408816096824
86452,16618.244438843365
78250,17402.23780841424
85921,24014.19748951166
81378,14218.154454821488
106286,12647.450840743506
82085,18112.25784323395
100957,13196.530286034511
98903,11683.354911490926
93994,63275.354478271955
95727,34174.13198848542
102483,17841.34444834618
85566,24058.081983261567
97406,4581.606751509869
76120,7397.422072217101
101642,10413.973395990179
86245,6309.249574713642
82830,16188.087836793711
85386,12436.86616340118
102072,11321.458295618388
81015,16404.63035983006
76016,36390.46755619874
103157,18134.859402884642
85980,14680.443889279224
107548,20377.60133914226
83411,17907.468369948358
99745,9695.087194479915
103338,10044.007751808997
100366,11780.789137019063
107718,24713.86456576109
91888,21693.105779191275
106559,13172.00793268207
102293,15094.857186010777
88007,15883.57924107078
100545,14200.252926729794
81498,20288.28205556459
81632,62436.68886882029
102626,5532.33248237439
91621,22703.086086289564
88591,945.678060125123
87743,1399.7206671939348
79289,33087.91661172443
79813,25595.364621133456
93561,34965.13759670482
99218,7686.194476989214
83575,19510.65856842365
86909,10727.99311188914
81952,7629.526220440137
82101,31675.622143307948
79912,14833.009903253318
106129,14766.98742561994
103614,11343.356004577014
108271,10880.991447783686
88813,10410.71784167597
105533,26090.52503643988
97693,16501.66100810768
106423,10727.774980052884
88858,12396.17457800018
79568,22002.841606461676
78667,37446.77731450177
106744,20979.65265209081
79183,25308.241034312756
92329,21730.078602031776
93551,60822.08544549605
84807,6057.2610919632425
106251,20506.964538525237
86816,11762.534569256823
85547,12376.900465366634
101577,9765.6797691721
103281,7998.429764572647
101919,10360.94371368052
97281,13299.085080424993
85353,21331.67524916117
99143,6928.046789719607
89606,17794.882259812643
108144,17533.89689967991
94628,24747.386613011957
78418,29263.477372090798
90238,21609.869643009268
97412,13971.599731953815
95368,23961.67760730417
80945,32839.06966871831
101657,16705.35464223985
92454,27066.161705788283
79075,13124.257490746488
81257,16033.597826678597
99019,6710.952055009606
91946,23092.189142596617
100356,7142.679252150818
88464,6327.081994431472
82081,18078.811845253338
97199,11979.063425228902
99762,10244.757895857896
101497,8381.6608645308
83716,13426.97041202162
99067,21507.205722004393
107895,19256.427777370816
84198,248.11284026300564
106770,23432.005759209176
87767,15471.362828639889
102945,12553.319467004243
95956,23888.05064094026
81644,20572.372566845253
86278,6866.178801380447
79399,9608.882423801697
80474,16639.57770656448
94588,28579.482495407763
108471,14632.360917983548
93417,15514.216207731952
104702,24111.472401497565
84151,3386.327561709535
76589,14913.059499187744
104490,7656.739063642221
86365,10157.37419003059
90620,4266.078569818055
81071,46046.82808996049
92311,24048.56213334296
103019,5190.2862058292085
100231,12471.535727601178
83298,16992.441033164214
97958,23422.223075514165
95436,24050.825586803898
85413,16710.349248698272
104619,14990.875075348013
84835,3532.3819735470315
86314,14858.844160216846
91780,36473.429530969355
88338,13781.401702275369
98012,7731.513899169746
91161,24224.537214005322
108156,3537.7391798187746
80607,9864.353143205197
105607,21370.210778085777
106586,9416.839178021182
93442,10276.064877922268
101779,11655.004435039998
86324,10814.519107899774
101056,8347.866836554487
89524,7413.962287468079
96619,3662.345732414644
102914,-5048.083602211089
105085,25399.919223586432
88414,17284.51576274354
94174,15479.272754853824
77296,14922.34666020426
93567,21312.839158525225
90823,10901.382227123104
83440,8359.962272642792
91053,25895.194490354523
87349,15767.086830790708
93853,17771.031257256036
88334,6418.1091706389125
97251,15512.97147532116
108429,23614.17205163851
90331,13460.427458658494
86234,2841.838181568135
102632,8332.262332592654
82553,7845.028155452921
105227,20467.28940150868
76476,12971.081244837434
99277,7977.1963801760285
107214,24926.979398160503
101622,11528.752257334825
91446,20149.057748706924
102009,9957.92286638933
87852,8305.194086048345
93868,23915.901928554827
106100,23645.126281928344
84477,15607.678396104107
90371,5579.3407790620695
101643,1462.3809181185788
92270,34028.900372273565
91036,26955.82586173022
93120,12311.684355502774
96986,12080.523376312543
88712,15579.116414474702
107673,10232.506692912066
94689,39004.433213939235
91664,34615.48212997892
101139,6259.584628407349
100211,13752.965494424192
84843,14419.696936036431
99077,16683.690181726575
86601,9556.524628073326
82207,23696.481254851722
83457,9403.522347637743
78306,31781.781822115838
102397,12327.724430585295
103423,14462.963788132387
105818,5717.228491750022
97146,15731.288826796168
95680,19906.883733361654
102459,5316.004892520708
107092,15275.38454016138
92734,34091.88479573275
95647,30260.551780641385
77576,14630.367661572673
101530,13953.359922562711
87264,5538.525537190304
88978,13033.38916919197
86197,11353.866797052266
107810,23092.319216440344
81681,20857.452659763454
105951,14661.489353228273
103476,13304.327204613248
100268,-1387.2603228139342
92647,23525.10870912789
80498,19997.159239204528
90634,25574.9164172203
86670,16991.097801556287
108110,1802.131074806195
83881,20037.463206819404
77006,15234.140663559985
83528,17453.101340456706
86178,5920.809495704947
105430,6522.914955282438
84321,18600.188301968155
90491,15059.923198036675
86339,14471.910479532467
92286,25525.96090067408
101926,18966.699297160638
106776,19426.042550020007
82619,15167.138169180369
79817,16829.316801890236
79626,20616.517070855945
87043,13801.409998775998
106571,17173.592471699463
87059,16064.109076748078
97729,11841.70598387497
100298,14314.925333790641
98256,13460.060644957965
97907,6364.026342624187
95953,21414.769469255203
91657,40628.77000577928
101343,15323.698243786843
82111,65976.72033486955
108388,16040.826593167061
88818,15624.03003378518
77029,28621.858086925946
104074,22832.278802731802
86201,7398.721394279797
81545,15160.238518872153
87713,16003.616644990805
92371,23557.14490760857
77156,10517.233168012259
76880,24832.540622411616
88282,13045.480588398641
96654,27864.51174518728
97866,24676.228004712306
90293,1401.6143149293057
91292,23647.186594528597
77320,18028.131298017484
90383,7171.331985646277
100241,10069.722671563868
107973,9957.067535044742
79074,27735.319662138427
92862,21844.510569918886
96379,11408.502496034096
100683,12299.36237199897
76236,28770.284565847076
99113,14776.50415637248
100305,11736.62769777383
86570,5620.796346833493
93251,14527.462378849013
95890,20348.910073405117
104632,25785.41414922767
84213,23215.346133336512
107818,24705.24893585476
101521,13161.181184268047
83053,16409.33343215687
92890,21103.37792917379
107449,15621.476391670178
84022,7921.987566355383
90915,21284.770943054595
80324,45946.90505590175
81352,21316.80006432315
94642,19693.54848300018
76123,28205.414483456712
79202,27097.18841687571
104174,25056.230047438963
91030,26465.570252097867
107033,16598.249540110744
102759,3942.299746097706
102192,13177.708117335016
101885,13081.791629236483
97716,14871.34639084799
81631,15383.931333854998
81759,23856.69696404021
98702,10446.410475468758
105784,21684.32675652721
81817,24628.641799344317
86529,12187.746718770562
97857,8807.292895956256
82820,19491.068288450653
79072,24354.626267491432
92301,26356.93443529817
80309,16458.18377724348
102835,4383.811506442173
93599,20227.545359246535
90253,6275.418037273659
92875,24463.30107172797
83698,12706.69779087104
104398,40233.12877371641
96860,25124.64788682568
105925,33451.22713567864
97861,8111.366257201502
80226,21105.49250773483
92699,22424.703143323553
85949,11833.763950932334
92215,26072.785233090675
84214,18561.538661878338
106157,12195.96532705691
87047,16414.218228413898
102413,12671.427362294475
97955,12835.15080444912
81441,25173.37836250018
101029,14069.22052966649
91634,22317.435656197238
84859,10313.775213375891
93328,26095.58603150741
97318,6315.1382060886535
108048,15312.066572289055
97815,6660.559861874295
101921,9521.543363900884
96260,4028.43788850648
93491,19595.9478793194
95257,18165.132384720593
83326,29478.15928335728
82475,18896.362074432458
107393,11253.273115438584
94132,23077.7962806304
103233,15340.48673036904
88140,11360.780596934172
88395,7525.623318998638
95094,56101.86212086314
95939,23430.64569944203
108234,9532.425405694667
78788,26771.8478220494
93021,22457.91639881229
98301,24769.479130278953
104221,10396.008386689573
92384,24380.241451341717
76288,29271.868844677563
99805,16550.419250362145
90900,9984.86232601307
77888,30274.1775025525
100126,10063.457260296738
82197,32654.10639670251
90987,15877.899765835187
105383,21524.406065035306
100476,6730.03466927135
104238,8882.20718588242
89211,13206.948215295735
97794,1691.9643788602261
105692,29287.852273085882
98699,11384.23155553473
104212,20100.26011701621
107544,9753.0087891843
107748,13499.623523970076
103427,7215.484369066078
84063,6748.641140195454
98384,6650.456175405096
91209,16907.913194381574
101379,9580.165810378967
78090,59443.13644520374
88321,17132.263677492243
78786,19349.030165335018
90751,12439.2006561921
85706,17832.085103542573
100853,10123.485829092679
106131,19095.59493081458
89397,302.930213239546
76263,4986.541993545776
108441,27084.345187248065
88221,13245.341692003334
92526,23036.320600502513
81169,32369.280261844513
99853,12178.867663567537
105516,9908.22576441348
85227,17837.710610624286
101567,1668.508940944841
84331,15296.911239723908
78187,13841.762390951015
94441,18793.616870804035
100067,5387.237856613414
84660,16842.87021526933
98951,25159.248800710586
93815,10682.539026267521
76848,20205.799074207083
83378,15114.681928527352
79966,-174.23197293418343
98219,12112.90122538383
89076,10504.182388876186
86619,14568.95259997819
106225,15449.426414028276
76793,33813.69324752348
88351,10073.018791249226
107927,24507.615559343743
93374,24354.78247660106
84067,15115.919277655688
100355,14754.984640095732
82099,30891.413001299574
96457,12369.335370506917
103061,13653.899926504935
89169,17281.381916939587
97340,6432.7135345391725
82912,19459.517905286397
82266,17108.71868487833
78561,52834.03896191728
100839,2238.4523106057895
85302,2235.410102411872
99375,10837.077801478488
99881,3952.029750685091
88083,4324.167937015358
86412,5255.217126964912
84852,8328.446647714765
89087,17479.188657525185
77702,53841.1076882753
94308,24659.10400715322
100896,7492.026827422902
88225,11557.050727092137
89796,1279.5696255067014
101985,1107.9136312300543
77360,22520.391428671675
92220,30086.25083645612
83866,16218.230092316939
103140,2113.5438698077633
78348,16218.880811901647
95353,25741.81165950108
81413,15964.070816698339
77106,16567.194734638033
103700,18626.636040860147
88524,12458.303532974605
87461,13109.954288218927
78565,33859.037354922824
82507,12931.280280989362
95578,2003.1994580417959
91998,23740.216994290895
98342,3111.534115362476
96413,12161.874761181825
78273,28222.26384680644
105735,15963.602932950176
83640,17581.856769928883
100599,10464.734184962726
108024,27822.73971063475
85550,20997.115398594295
82875,8785.914013571513
93272,10952.100817861414
87870,12014.342967131495
83279,11513.228629185702
105742,16286.585531241639
96152,26625.71287931298
97215,20934.41446603027
76322,54398.91002240163
104938,16583.79048488401
81197,12876.011447613637
94638,14349.210260715248
78474,29857.003983014147
78282,16572.009260262028
83765,14560.389196477161
81798,21597.978496901065
84877,14931.326075696212
107924,3405.3895974888583
107870,8962.747079079563
86640,-1215.4779031847793
90317,11848.089036735415
90787,14879.005425202835
102045,7459.443076070165
95893,28766.31907404431
104067,12923.071740919753
83702,6511.941166462173
88581,19966.842528289242
76140,22055.411340447972
87782,15097.129667729372
96924,28932.73104614785
81993,26745.69762692583
92440,17364.92962090655
97803,8432.85642360861
90468,7651.006883347523
77617,27299.789797219113
108325,12362.989055233833
78387,24281.386422382144
93953,41705.021891550816
87120,10158.033296267793
103344,12301.887332329294
86899,15725.263152398911
79585,24815.901307554203
86908,9452.69767741047
101362,14499.911963076913
89150,16043.7574640011
92083,18324.12064239905
81913,17181.988915746988
86370,5711.823090791542
78733,25138.9779009185
92552,24665.47794873119
89154,17791.61187143618
97775,10328.0847546047
94930,49175.819540860844
79476,14651.98489518906
76220,12830.94554564025
98869,15326.123247921176
97474,14682.598303533247
99008,7689.333905176463
107702,25022.846712223894
102495,13185.859827881504
76423,20778.762141178508
76460,11800.584838673822
83918,12221.406161834893
90937,25011.459129337585
98893,8723.103365605755
95015,40155.374874811474
94231,22779.25313556088
107866,15485.340139061329
91935,19765.253108506673
94141,25628.48130127575
84712,11883.788859158522
85125,14576.494417381065
102606,16949.8483480195
82305,16566.446186194342
83086,7930.414906347374
87329,10232.590284375037
100213,9331.680003399757
93661,25622.466101590267
95973,26072.03383119183
103243,6082.859458948427
77036,15296.504679574136
82262,6353.762034448271
103648,9739.80541467166
91920,27426.05768372849
85960,12194.770183292596
92632,29738.524299730663
97381,9081.59947766352
100466,11037.373801370617
77087,14616.80537214884
89734,15704.297274104669
83766,12289.739568097313
91812,48693.064792124176
93927,40600.32118501855
93439,16053.033954081795
98318,9684.130027462757
86863,10594.140613507509
95233,23935.548073304642
78974,15946.804675856387
89793,7339.757570720802
92799,29006.963985506198
91635,25049.242106666177
78414,15420.96861000784
90596,13851.891153804521
80519,33299.49051042802
89515,8235.23133837062
86481,15481.338082776958
92047,19718.68076951678
77635,20038.62096930502
98546,6511.614708876921
93556,14430.419170059147
76764,29836.25534430507
104600,15790.582594829
107170,23568.680809900325
104809,12118.483029588257
104957,36438.302440941916
100565,15484.0530293911
82733,9218.293205194495
90487,4473.514938071923
104778,-147.02749879705516
106916,26887.288516772693
85771,8844.262308594247
99896,11624.166525054417
94796,17201.113439580397
105856,18536.83428990592
85845,16205.318978195108
102590,12219.994179904636
95913,34719.46080442509
104395,15544.745462204883
96422,15250.891855378082
101279,9589.793599396362
98041,3376.8003754523234
90702,10067.515373872011
104988,16205.55205610345
99996,15829.331469453726
103713,8764.244941205427
79170,37416.9057481441
80452,14412.496029412112
105657,26281.346834844517
94986,22406.07841111711
106339,12830.18272489708
98568,6550.372756987606
88304,8293.900339251442
87628,14626.025017353662
92003,23211.44400493712
97111,14613.351254670837
98892,16344.036818302076
97778,11206.06790956721
95960,27214.525463982136
80575,15651.440150241455
94709,26327.65251771742
103647,11049.55490152826
87784,8862.387539513307
77344,28930.08206153255
104068,16335.936119891674
94747,24405.989014631516
82797,12849.567915017891
77079,16436.459057799366
99217,10487.490227260292
84624,12286.991310289508
79999,12347.379655784054
107791,11517.59465563469
86274,5819.110014028323
92407,13137.953045772869
98109,24607.39124430754
104428,25439.609329796425
76693,22562.76159971654
96321,7032.2975694680645
107222,10753.240583203471
80693,20210.70754242016
87795,10314.299932735128
83814,9339.97197320874
85548,10633.101389656018
103252,12098.773257615598
104453,18476.70113228455
80578,27880.41333509673
103826,3897.7807662409323
103199,3959.5890056120406
97338,7912.41020618222
107287,12627.683410632511
77059,34476.44460189846
93965,22471.049787987184
89513,11265.95788256546
83064,7218.530216241314
103490,2108.5984590605076
99116,8101.014088206226
99690,12128.319578186944
96405,10499.757705368684
96969,8606.158267526014
84317,17885.05833457125
86480,18375.117491201177
78305,41331.40616269405
96458,17511.342362873416
96847,14255.817440516403
87888,10306.229562366818
92753,35230.183896875955
84191,7693.0330579718575
84830,10075.267689171393
100910,9220.474529455358
94969,51038.8494852258
89103,7845.436820943316
93092,21920.336325743046
106511,17235.2659118866
100549,18526.04651356273
90741,12386.25661358537
78118,18769.59596590948
94087,18323.743179001365
87584,17401.51006513348
107254,13269.629899351246
105985,21328.863292413793
88323,13947.01291174977
105221,12603.731604210712
101901,14336.346109681355
90944,29895.60975847466
98634,9672.427265763428
94057,21660.027922446272
77391,12611.855373216618
77284,33083.88753508314
95838,38230.637128779286
105720,12362.349105078727
97257,25581.728648035685
96339,6761.270390036196
81848,29015.77090172832
79581,27184.344437228487
97762,12262.444782154984
101710,7371.271751100867
104892,8976.04758625562
98689,14108.348277122714
102340,9757.190195869276
103335,8061.877796041517
80348,21562.056636040215
101717,2022.7161796110158
84797,15856.138637117489
80101,20755.523358195773
83224,14760.650661507068
93736,10965.205645066759
78612,13522.7566133996
80009,12087.37540802361
90246,12919.248920328275
83348,15885.117240680105
102263,10419.969288392487
84153,16069.128484463377
90556,18436.416086130543
83726,12782.604753644555
86153,5976.708418355731
99219,15052.255249324051
79008,22838.78517644835
76574,16186.684019937646
93345,10627.025663861394
89271,18550.629806321667
84424,16200.050148494222
104788,22042.16018747061
96178,13107.738661556417
90344,12433.525492309578
105532,19753.169022322327
83994,11775.928991363733
91151,22662.072136054267
77889,34126.0790465312
76382,18980.67818373526
97738,6976.9433302288235
86371,15782.348452848033
79800,41461.074567815944
79323,23107.93916196964
88652,10773.024361837684
94397,27180.83452276305
80125,14083.003048207698
103621,8844.170305352018
103073,8601.429867043087
104977,22445.645391593775
101232,10627.898824082236
92921,14159.889480902028
96524,18540.786456438247
108206,5980.789878390002
98011,9699.001165943948
82282,45526.251070477956
92162,12650.11391415153
91162,24025.234710141376
98222,3839.1909995351743
106388,25227.115610962937
76194,14468.675706141512
93165,18553.662955842563
77080,21208.318924141553
88188,12829.287871692708
95987,14870.615715393928
82919,21982.07317378497
106334,9301.321263693011
92868,29078.447543273476
83314,13764.961279297568
83498,17663.509539872786
99081,7897.056780973711
101875,13853.297916897078
76353,35918.98679254377
97969,24395.265569000825
86292,22682.58987300287
76622,28689.237941869156
103480,18577.435898820608
85818,11748.0310545502
83971,13574.719796606514
97382,14693.729720181189
101439,10199.97188019121
96661,13141.617930293083
77795,14490.263728363294
105731,21352.05319785091
91696,18965.557623721776
93939,22443.1974775056
97415,12503.29873132211
103354,13328.55659576549
98909,25499.70096816917
78125,20627.54010121156
106866,9031.132404111238
98910,6319.747553142195
106208,24900.88160553496
89885,6833.405463209885
76580,11950.487530154467
95892,17838.005007273823
91957,16147.626681044814
99645,11251.373660476733
79562,44379.09076711135
82838,3636.8942983126617
101076,8236.00486201074
81361,21469.002375883516
108419,16557.512187016895
93085,20823.333270225645
104426,19718.944407651084
88313,14003.121807154006
104866,17299.661944228457
101788,11740.301923955587
103172,12153.02608805502
98374,24918.776142508126
107111,23330.499344744487
93480,18089.245002761367
94099,38940.543703405274
100358,10649.040324277943
82106,25347.473012357295
92783,26793.00693206016
95978,17293.12247225079
79394,13948.769172012893
81521,21362.809435510542
88260,5238.7739839248825
98649,9142.051433179266
81422,20553.632584365885
86500,11084.832282921649
92997,24682.023596548315
107940,11225.119956459006
80225,41698.21608997141
94805,27376.485815486987
88709,12253.00638444093
106470,10342.09143531762
78835,19624.956136272813
90721,11609.657012336407
105429,37683.27813980346
107998,25441.696406641044
89287,10530.658917842025
77311,15112.250828403921
87200,17489.318402153236
95348,14590.47440074636
83148,11043.628135992942
100616,11132.453295784071
81487,45747.282194218555
85031,10614.63284584682
86761,11251.917118358062
108219,23112.7402764968
106290,15627.622316151072
81428,8842.011217027699
94572,27228.884102393306
99173,19284.078134295298
85760,9632.668091911299
89013,28141.611971050297
85726,17551.87458828269
98647,10499.314757174987
76300,44808.9383443821
76204,13726.107949928322
99199,28841.995585627417
81833,16498.742601498263
79245,26611.590701568595
83196,11390.118992690986
85013,2106.328629673022
99200,12275.617166180135
96238,18994.35905831876
96548,20565.161351059753
104251,23253.714462016505
91169,26328.945266088587
91530,22606.5775965926
103143,7143.805687575194
106804,12522.291007263266
108066,24767.029477148273
76048,32864.99132761214
75977,15758.084227554238
96347,12562.956444677693
90190,18062.83383746096
77081,30539.51196512436
83861,4013.0497649644967
100546,5282.3836864495825
78182,28658.753994293133
89589,11290.017136493232
85606,7892.341780442046
78359,23206.761533076467
97559,11597.457713658689
76721,19098.7205222028
88097,22016.2486291019
87435,4215.677984551323
80798,14757.978353726678
90537,3541.5642747156235
100528,8658.530797973901
106401,21557.025592764156
81910,16268.275560296039
92691,25510.164991791404
100615,6864.590110420424
77234,47603.11465776204
78332,25919.749053687672
77572,6885.748269574571
90150,7568.4354706600425
105917,13063.036409675056
76449,23996.292530895502
93412,19825.437715867898
86269,15092.167683998588
87995,7040.788243288203
100075,-3210.8926708863655
80021,44238.416055638314
90343,2644.7798039707995
106349,11297.16602063051
87255,13227.405083419973
85507,17491.71971844253
76232,13885.67177794996
106308,14063.00530009513
92289,22637.376423365247
104499,27222.7108334972
81788,10128.911252556922
100405,14891.071264355603
106380,12561.721944521298
81018,16905.963760809653
83259,13120.734187010996
94489,28500.424132680608
92430,26078.95489644121
82401,12555.263647534885
79510,41566.86623302693
84456,18411.958496047737
98445,14286.414308319174
88466,15558.63621741088
94340,21016.453344173657
104411,19402.933218549122
85378,12516.836181082967
93363,25170.037512195806
108217,26209.96025494834
84003,10037.211907701887
78674,14987.991841525189
83754,7829.609493915079
107659,34767.13785285161
104134,10803.064779979526
80428,15983.726122723849
107034,9949.236456286904
105024,21240.124294773064
105501,15645.415608703552
100183,15303.75223000397
96262,14445.69516256082
102419,10681.071713254933
76520,21383.930981503174
87564,6379.9526894363225
95034,16058.33417313498
102071,14938.474868683727
92236,26233.53933187785
108245,10922.913733305657
90472,-3578.1008709576854
91733,25128.55317329381
86418,12884.311552531522
91544,20414.484282595266
108294,6860.4225193091115
103067,16900.142597263126
87683,15482.288355981436
99427,4451.248461311305
78592,17345.25582221325
79477,25976.498122173696
100575,5612.363047639243
103629,21024.474253286826
86341,17150.069247719104
87901,6148.800648664925
100467,11040.404405446345
77769,16030.13021709377
90466,10923.715837201133
105120,33976.0866733406
94434,25804.196187612906
90333,12053.329283066792
100483,7746.88251462311
91083,22324.952628251296
86536,11873.565330503741
108361,16737.77101734637
102652,15186.690764160274
84120,11862.978682788482
99541,10435.402906561503
80658,14040.818073361384
96028,22336.416265104694
82478,7272.175936881278
99296,15296.448463776556
92923,24799.0425386203
84564,14724.516380455272
83515,12145.729550590419
80070,30705.23320571163
104027,21830.109794185875
79391,30790.25835697219
108108,6894.374236111689
99156,7817.454049897642
94668,18666.09574893478
107534,11919.303121533463
88509,10793.022937558286
78713,30110.06166244774
95033,24056.30991341597
105878,14697.85634502818
84590,14006.811952023316
104297,19579.070714529196
93140,25224.643993586753
95943,34392.91763127713
87298,19541.62017417162
105774,10984.913306109229
98658,4235.425672606623
87070,19309.369671741108
99465,10024.049657925454
105845,9119.305903943023
85369,22057.20112609623
83600,4464.313502638426
93030,32257.244647195286
82159,26441.155594235242
88527,12187.172079592056
94866,15491.317748825444
81680,27622.182795211877
85293,13181.506704367755
83020,12475.177200182632
92112,16211.644000288827
97809,8566.660431917233
83970,5257.369263501954
86745,13717.87397340851
100652,13433.900523882316
78837,25732.663169773237
96354,8557.716487003883
90084,13681.098037965567
84838,16063.837956306277
90416,20123.062710988597
82908,6434.494769711484
81469,23585.712499980073
97939,14811.16993256475
84109,3659.3376148154202
94042,34183.03608102734
78843,20024.626834748167
94386,27671.438169662084
79961,38584.95008177895
98556,13271.83078477296
78323,11736.557249140576
98349,11288.390574028366
104599,11423.60011909694
92804,15185.3192282354
81485,30298.122329499965
86984,12453.086650815298
84902,11831.298729116024
87230,16606.369257983635
101698,11942.348104334043
81187,28380.402987571273
91728,25599.356786768636
90136,21079.413908773247
96483,13334.322533679282
103424,16893.36537732478
85712,15856.993192912341
85509,7445.627681936952
79976,23748.383761935664
93406,22127.61025718435
84108,12159.296512796922
82598,9681.408428481256
88086,9022.553827771073
78975,41618.43679193313
78989,13313.99557106763
93597,18456.813164523555
76707,32028.685293480536
99370,25338.16185926435
90372,14999.928724561876
97227,15375.29985869379
93053,33354.871710832434
99724,12113.641009492305
101261,10160.636917238531
85273,7191.535210931368
105019,21085.350151704042
107234,13286.458431780164
80816,40706.727636746145
101175,7804.647922962235
105866,36612.389894697975
96858,10430.254647916401
96226,11445.350224195747
97454,16757.987546776334
94540,25770.865817437792
99937,13885.685338128184
96637,11183.503218165351
82607,8842.612533217936
107708,26617.463283276244
104404,24139.72507978989
80758,13940.823037672395
99346,15560.936175040522
100310,16875.481155571455
91670,25193.122819759592
91353,24200.440238752417
96061,11510.666330964305
88206,17973.69856043611
101814,6378.80049748742
82298,9222.09923063658
94958,23582.62853965287
80444,29521.007377491245
93957,26491.464764092278
100830,11381.169717362645
82523,10815.505544612883
96073,6800.828967254638
87933,16521.58727136247
100553,11188.71791683248
86623,14209.886698257673
87445,10109.677513266011
87890,10858.21078918106
103149,17058.543335086375
102862,10119.838256656512
77553,23172.072427740262
104728,16720.133178839606
77884,28666.779929104538
85105,20225.44050923
76064,32965.69207892442
86071,9511.84176378233
97148,22721.521326998307
76161,19830.035640015587
82950,5973.749433920311
87334,11020.191353505274
104120,13649.030749961734
104591,3334.0573438796127
106665,13725.020428720323
103766,9036.855135255784
104087,9354.431103862575
95947,34508.372384274044
87165,3869.0445682067366
76294,25498.787788338304
108455,20053.046964625246
85399,8786.196970288409
84698,10287.118353110447
80713,9817.604240648085
85799,9697.123112995498
100254,9871.818136360904
80264,10452.722210646083
94211,13014.798321121794
98839,22007.24070053184
99631,22072.015614388292
81506,33148.430645974295
76167,15571.198371981649
91308,36199.19171297022
78803,20097.077399341448
92010,18574.04163228393
99424,6008.631624024274
82042,15148.646713597424
89760,9297.236082769727
78489,26933.87449838278
102712,9817.453679326136
90935,27580.432393040028
102912,12775.837753747124
99041,5898.0020637245325
79903,38540.205710389
96670,9568.279163388797
76729,33763.48173258887
91107,25089.362310910947
87286,14387.276759599772
102303,11563.630438845765
106623,23322.849077211053
86955,14031.8774213992
90173,20985.68846859288
99829,4346.326770047483
106155,15728.960529272736
95426,45818.88683485061
82218,17698.23649999642
97534,4253.39233905093
104186,17939.318825485665
94450,22374.808998323846
77720,27326.18657146122
83278,12466.25237169207
90401,16080.392902211766
95842,22154.694617201923
77025,18025.108135569506
88288,11772.910732921402
83552,17480.27817783685
91467,26869.537436946775
78417,25457.405528061383
81312,25913.04410083691
106656,16188.236314394831
93396,22854.050079910478
89063,10555.850802803528
94830,21226.39164638493
98183,1182.0404176318552
101338,11622.97094045693
86784,9917.253069642291
99315,9282.512277268906
100058,4046.291893148358
89181,15012.259094938563
92271,25460.56225919508
97562,12824.793257520869
79601,15000.338014775916
95361,18820.679235011834
82021,21202.90249678577
80766,14752.49722137503
107591,20472.159639810125
97689,9217.854991529239
77322,19343.8065136323
83942,9029.498201743278
80703,35471.7216621602
84304,9623.535777694313
92976,28415.591161985038
104652,5530.794211987319
81684,23627.95128976577
90189,15871.70828341128
92960,37356.132682173804
91335,25121.92490748006
105310,16010.051268272873
97940,8845.072704873804
79726,26880.085151667954
97677,14629.19595017274
76868,29871.2582550511
82008,46800.741573627834
96078,21176.12810492958
87835,16535.945765344077
79247,17587.29626007883
77781,190.70786932946066
83214,14461.611623615754
108215,26640.864611208613
93824,29194.31725838859
80787,15422.382141399677
91615,35861.08803098125
80389,30281.28962361913
103596,13822.940391541168
105821,21291.737259489513
82476,9123.23466813151
95265,17012.51938399022
98399,21681.317709467752
76238,70974.5328826678
99100,3526.1578616352635
104714,9526.439106390128
90919,12941.452272069815
83623,24063.95027174939
104865,12218.60331478581
82002,19993.577797906037
78910,23201.347038590713
95502,27657.06318525887
103857,11615.547197608801
97624,12525.12677153034
85720,9118.133709022455
96531,11022.782372749702
83085,14498.14704603309
107580,20825.239364540306
100283,10703.36901001056
82635,9478.046662505803
83319,4282.353930029174
82752,22126.340948516852
89036,20157.080572797262
83309,12316.842547398468
91103,24677.71379936843
78064,87465.2067717639
93250,35716.75975423897
104512,17145.44037608146
79857,10351.22411666435
105526,24474.21907934516
95901,29931.359948234574
88558,4555.432667017521
106352,20794.048725965768
77802,18747.030522631918
87315,8614.291587843938
78742,29195.685440099624
102737,12227.110349156836
102515,7763.751378416258
89811,5820.4770546086365
83376,17841.59208809868
81478,28622.648925002402
90640,12944.539858913806
77782,12922.636357088835
95954,18635.307807517995
102593,10394.307285371266
103795,9478.120103119436
90806,9606.665859398054
89657,16867.984037833798
86003,20269.57731425049
95380,23518.474776388335
105152,26267.544240206873
89783,10052.120065798023
94941,17034.974958071238
97059,12825.130359303046
94104,34502.935575360054
108398,9815.318063047249
84930,7615.013778939407
107156,22233.38338680219
95687,16842.5775074922
97033,9201.141420649568
103036,9889.415936159
85849,11679.837862971835
103638,13296.886314177027
76938,28751.381608068943
86884,-711.65006358744
88711,11430.083458602589
105179,26236.74663423194
103858,12187.634319918143
105362,28408.528824120163
77038,17767.160546781786
98935,17227.0148933405
83763,6060.838448602648
106254,23843.143523580686
96326,21596.777478566713
91225,28910.985559919136
90336,7854.300359618268
99070,7810.437342193472
88213,14123.317448419839
80925,45866.21876113654
99202,15288.131420090198
98190,4524.148917453116
93632,14051.690261744865
103377,7999.508564215095
106788,21048.654379926826
104266,22119.0255092156
97957,7079.983465533238
79055,24717.31835476625
99963,13859.333678876399
104883,15596.169846969773
77565,19527.11052749169
104641,9807.529633622267
92456,27021.635666892194
90989,40880.46795400516
96336,6820.255316974406
75990,16062.833669761108
81685,29948.860137126103
93610,30586.41036583793
92156,23524.190646877207
98823,15614.774068320432
92141,41845.53771673962
87756,9349.130906963284
87211,10561.541064914374
93983,27405.44722072537
87098,4304.827583921491
88453,21682.052973349724
78408,17892.445871589385
82661,10013.170754091785
105658,9789.034643609164
82377,11712.790312101424
86738,15045.88605555988
90498,9273.230131071803
96128,17822.068776784014
81136,25994.05058106639
96840,10716.919578193338
104970,20614.828257672212
102228,14341.086230007815
77466,16419.160499963997
77981,11907.479161745927
94406,49981.097576666216
107110,10895.795392537257
106442,21332.03896083843
90593,12598.76834891783
85731,7369.568450678431
91243,22033.422036288597
88327,16459.189667785307
101596,11973.92679498333
91216,28410.54998468158
82093,30413.893122405818
106882,19131.895418540138
89713,12433.749133268502
93144,-1167.0622947002557
88299,17330.543116648463
78242,24920.650536607864
93200,29737.870537438386
97874,11831.747800995538
93836,34578.983695383344
77774,23792.06009464529
94322,26238.871033673175
98230,12145.283658669883
96006,9229.692943196103
85959,16118.191941021534
88398,17686.755343103083
99305,3213.9819344345597
86936,14067.512076315033
107147,14311.305346836874
89432,17160.38228601546
104475,17666.365590553265
93164,18949.902430492162
77276,19338.358236844913
107454,18453.914757715043
89979,22897.614906272298
105360,3492.9363388286147
88586,11340.07002418398
84105,14936.163350804418
104625,15479.351003387957
78707,23047.333751250684
98962,1006.0061347214505
105679,5599.513408679428
107418,15166.525648327137
93072,40060.24098307791
78519,17446.35229819396
98281,23131.733569510063
99872,5600.394731696928
99188,-17.77148819948343
102719,13688.326354684032
107129,13349.72541378002
86785,15214.77351769351
80533,20325.766357518864
78168,20352.39212734229
96300,20558.018497307043
85605,9350.607476353645
77676,16436.365542719723
86360,9948.608777070622
95177,35330.88529735015
77263,9061.061624021735
83488,18167.077612553083
106949,21265.926001079933
86400,12143.695589993207
103763,12562.960316061537
98495,9955.600381247845
94363,9704.535986798292
101940,9382.47721190672
81366,19482.32245569503
99546,12899.355803708211
80651,20013.690918100983
101196,14605.781323477888
102050,10296.644466767553
99804,7348.851580175367
87153,7887.492676283931
81225,14458.921101606975
76181,25802.666181233595
98469,16728.160188446986
93979,15366.315989594616
87480,20479.330559741924
76369,15250.605668660224
88375,13680.873541225854
79983,10528.347918897256
87393,14844.108474663226
88732,10660.542069058894
85383,8430.29412250634
101126,7829.006339511165
95928,21642.750415006434
103011,-3640.4991787078834
80083,32960.12304946597
96118,11554.91987350781
85674,20626.63429718619
82917,19571.95174328031
91143,18201.959545030084
101645,11629.99764959955
92817,14653.524374676417
97402,12058.888953108573
83885,22973.359331939166
101758,11502.714922351588
98594,9064.938753369119
102018,-687.419807317543
77568,18963.511907693028
92202,21456.827109317484
83954,14679.678245863237
92567,12129.131978218298
99006,21206.4129880259
90732,16328.259741312038
81955,14756.328601667148
82585,11846.543749079632
106285,10162.014218837416
93620,22788.934539422902
90725,13933.438177569158
92088,16490.166121131508
107174,5450.628555778909
90304,14825.546712374984
104127,19680.112279546127
98880,9575.673408535687
83303,4772.468486418045
94770,27248.861797464604
89074,18238.70931037044
107549,20642.960353619987
99624,21887.49914165381
105181,5466.514766647626
88189,6871.522649753111
76455,24361.588582491197
101020,11876.6775938621
76745,13681.235764390993
89568,17312.082346687326
83478,9677.55764256083
85747,15614.424502701513
106272,28198.090243468367
82872,16551.44393468008
107532,12496.325891864544
90049,14111.274534199081
81364,15826.734883300902
98040,9087.187948143459
102958,16141.654775795396
79260,27107.522752733043
92243,28572.027550236933
88478,16047.979749954655
86621,11676.425023682095
104072,23310.0385421893
90813,16779.13613957609
107620,19928.66091829633
85958,8490.612873625389
91758,26799.47347729717
92388,34888.53804311935
95940,18785.506155340176
95423,26821.485207603095
78205,20348.22481519828
92781,18928.48850208099
76964,19421.220553295047
91309,25401.622685089096
87312,14836.84227659917
99960,13013.102765489675
105615,19294.193559522406
81777,16334.3677346388
90088,7715.240154857762
101916,11176.315205558116
102032,14404.030414277804
78757,36129.810542622785
85089,10927.308987021446
107536,14099.230526857049
79554,12312.672349671993
100053,12061.490434877123
102087,18112.238128410972
79180,42679.19728785264
78292,11643.798811607747
87547,20326.285192875133
96714,12524.099737862474
101388,13826.18806752014
98889,5629.7535972558835
90037,12947.838765739376
95831,24982.638252505494
101678,11236.235733900918
77780,27261.77945702408
104014,16980.042790828884
105304,4303.940110430907
77837,20207.184860347916
88541,7402.919434765936
89143,20952.643181403473
90294,15413.392208767094
94097,27117.606892223703
99108,14051.021491145686
107044,12609.651470052908
108467,21974.709426352987
88739,25226.47870396552
102441,15477.25400070929
86183,12795.427492962219
106346,14011.895242783416
84130,16266.760505419326
107757,10141.914680619579
84412,5845.74663771168
96522,27634.86771743241
79372,21266.24249301394
106945,15907.630222269858
88312,8789.248317901569
97814,14579.842900226591
94724,45587.29405970636
79892,18100.160572745794
94500,18201.56540966226
102161,14472.67129430236
85073,12104.22730845782
103316,10679.968271564983
81537,15579.508402668973
79187,25083.996617768964
93646,24807.226259845353
84942,12039.80400437658
105305,31984.62324229603
102440,8294.438770702167
99694,18790.084574620036
97189,18119.15836773973
89680,14618.754441733268
104471,14651.832418892416
98066,-1574.6100607141925
104541,11168.494179194764
90039,6600.168085965037
99640,13478.102750313643
85034,14974.001193171149
105699,9739.891520907026
103097,7449.842002960111
79154,24414.255103811432
79730,23973.51881544465
93954,13091.963398672626
106821,12939.285204580345
108129,13829.794794758112
81433,24805.854252926656
106810,11032.801484572337
89340,7464.576120682876
92137,28626.335375432493
89457,3086.6800503725244
91797,24091.818685892926
92334,26803.52161746286
99141,15705.377613643504
104901,16504.274213879384
98189,8605.008657593455
95071,21269.5581226402
85149,15616.690658163978
83164,13466.487907033414
79589,5168.315790540597
96533,24047.27526000433
79514,21371.953033215876
97024,19764.924075333634
84010,5584.861200787491
77716,33133.31546135878
99999,8331.905609915964
91937,28562.873274879967
83222,16840.61966984949
83874,12733.17948615289
85379,7113.102592809184
80923,40584.96223728977
87263,20055.228980256506
77648,16507.619048351888
90784,20237.405810930417
76092,27644.325952462474
85877,9382.741777536925
108297,9134.466193854547
81020,29983.638955271614
80092,27149.654470793103
94008,21424.599478180593
101425,5089.791903329882
81218,23692.142192648083
102599,15310.188758693024
79959,22261.425370490004
88223,16408.827247987152
97792,17402.901255941222
98438,7215.615430886246
107986,34540.1639778712
83947,10230.173437874415
105867,20110.32135552654
107403,19171.27441516376
88885,14505.58585085257
98450,9936.355539305645
83554,3618.237480536831
92398,27219.042568465127
97238,1218.5644145121041
79115,52213.40255666214
92394,15762.448024266923
86813,13062.06703981875
106364,9303.658755474811
93974,24080.37363428058
96921,6617.614454932365
76493,15867.391221497732
76358,15586.995008112426
89895,10116.401633339206
91354,25007.259075791808
105589,20723.901259901962
96412,24810.986259291283
98970,11648.503977133165
103020,9047.51935573644
87261,18956.02948009901
76112,25420.00473066792
96166,18228.97585692088
90696,17067.32609473425
94089,26310.598100758478
78422,15194.221909521148
106298,11817.797141776042
105489,17979.8935989295
108304,28818.604576665515
102353,10108.920716800785
76411,19513.808158519867
84847,12608.093031123572
91646,14803.061395595854
76141,19976.768468213268
90730,5126.268399763358
100429,12958.665405841486
85989,11060.321130295983
105539,13193.037669821759
79951,31048.578761375975
96676,6823.649892437592
100762,2365.6387918333057
92509,26943.82441226364
79582,28750.98161118997
108529,22447.451311022014
86542,12051.997623086674
80669,18421.45225913833
99953,13385.537613268883
93023,19606.1391677277
102223,12937.5526583842
102167,7648.2076976730605
84525,8460.66302364743
76654,27935.553187170328
96998,14558.683117719804
94337,20929.400616293206
105106,9333.819560521515
77494,36223.644764239536
91245,28437.653275687117
98303,21133.574726599196
96838,23734.51380719764
82064,17774.678030237832
101129,6261.06296142083
78108,15775.963690225588
95497,21572.658050463608
81175,13081.779994935932
89631,29203.291306973697
93976,19125.671509936175
86199,20608.814907174674
106842,2528.8653802821063
78263,14698.843915495192
89187,16328.299571656331
104396,22454.7366270849
87198,22454.663400369725
78994,14821.593024661706
82655,12235.260403637658
76432,21830.40594025403
95404,19947.16876814392
83767,11824.770864265476
87719,9942.58775178052
105980,10973.130960672512
99851,21264.5410848771
80432,9550.736284224025
80344,31372.003303163612
83694,22359.494403196746
96247,23493.726303600226
86395,19800.18440179515
103276,3021.9123385721177
80262,18180.355733709584
88698,554.7511021934333
101575,10822.190223408776
101293,-344.5612958934653
76732,18662.10710277094
108287,22421.561883654562
100140,10558.379590402852
85239,11672.545463626971
85252,13104.147739497072
77174,10391.403404027355
86250,18183.170781932306
101740,15381.917455418705
108134,2623.651583188417
82406,26135.48018425569
88667,15620.003030541702
96978,7846.29263134551
78635,18569.9559357338
96572,7492.143730977288
87841,14053.7367910686
77951,17641.213318795708
77253,10119.520741968954
99102,11676.381692485462
105959,4277.0826470584
91687,25679.644802679904
83483,11101.303377001459
80361,43214.446569646214
94647,12643.62024736515
100857,9786.402275315835
82465,14580.596914751135
100672,6414.550536843803
88369,17129.45909456935
89345,13089.227620420425
89610,6108.040096261451
108452,39221.94346084479
77913,59045.49135540759
94990,34353.89823593515
78501,13524.428616208024
78393,13111.183129558805
101975,6994.542429443303
93585,26438.543833837713
80079,26338.577334237634
92292,26095.779902194845
88595,12072.411882342974
107865,23506.77142256261
106687,16204.51633712041
101741,13796.985602673289
93999,18498.166837943223
107722,15428.556067705009
80167,25331.067195352647
81844,8109.467755057311
77048,19314.840470465657
107873,21731.137099350846
84939,10043.606620968028
106486,18625.417928764567
84683,11815.900358275307
83721,25779.157516387597
95371,18348.77793997628
77370,25440.102004564367
81285,26078.36680160764
92306,17245.448930787214
107739,23411.95909225948
89483,9165.10101634523
78832,24990.82914243327
95190,27198.210176060078
100747,4404.102180934278
106957,13081.556575133523
101143,10163.017685577128
92745,28152.896492439788
96890,-236.27424367197818
76809,12710.433463327849
101202,10701.164802906773
98845,18721.30794648055
106599,8812.030151922954
102195,8696.748625795764
92630,25329.693529703844
94558,22385.24800526697
93959,25928.033980932727
77993,30128.78450118551
105814,28130.398777979135
90144,14726.73722732767
102474,12763.098668320818
93582,33933.850151749124
95183,21451.72547568867
102451,6912.2053328863985
90109,-2167.7266855210983
78889,12891.800730830728
94338,27481.756469552798
88104,18109.6598942821
99955,10301.239492791181
91274,19902.2638110766
82254,26127.600735337008
94279,22849.80826143986
84677,1526.1360413143411
86814,15946.663220962902
107316,19981.54347283265
108497,25399.356242157868
97403,14068.151372175751
104859,10550.429768906193
76106,27918.795908699365
77307,28624.198200406245
105083,15442.947362403123
101644,8626.780107982398
75980,30452.357282771918
80678,27258.6138996754
96987,8291.29513892156
84261,14471.14388441955
103391,10454.986261157741
84290,5524.362702494807
103179,8366.678268939984
92887,20423.855955390725
88486,12173.711079608183
95325,21148.673484622137
108122,4392.6170395205845
85364,17859.117200939916
80688,34452.99933385172
84356,16635.812552077172
82717,17142.464154858288
95166,25656.579267177134
81154,13740.462027396396
105294,21100.60876508533
101409,18958.065858639937
90808,11616.163339934486
91000,27116.83517715041
107931,30389.179107424163
80058,20608.630658912778
90511,18098.91636212234
92525,27707.384356480805
90057,10148.878386449738
80266,14751.433584443803
84467,15385.280208577693
90576,20902.54005388677
82575,15150.216463496967
91601,19048.570836736282
80196,20894.98491588654
83418,11746.323149507516
97121,17448.538386393397
102024,11081.946314057088
85225,13118.640678855736
107001,26228.004068449736
82592,15386.139537975396
96681,13082.78337930271
87462,8312.56235184148
96787,14993.315517893323
98868,2940.956232559576
86472,19652.681367527024
91250,19673.915748946194
84328,10932.017199902446
101840,9315.738723358503
78225,19921.805619188366
81026,10631.736483361921
82325,13748.188057156905
106596,16324.89419772799
99810,18521.067946548166
88054,18416.825555595133
80041,30421.761341355654
102577,9855.18908538131
95870,23509.236599379234
76937,18896.814219269058
108359,16779.320695149945
102482,13777.873335612952
105228,22946.469295724528
94110,40875.317183071034
91022,35678.97471627286
84243,6045.3067222879035
88868,17869.06357769214
86994,14226.135154428775
103924,13843.141342846531
102415,11161.696277551804
89954,13036.479418315837
98212,6700.3863044639
101117,8947.007837594894
103865,7996.558344376477
81944,17693.86769256553
87371,16832.41244954271
103778,6123.339146095997
84310,17540.989012876234
78146,25256.38370296276
83910,16670.682518595277
96498,29392.406860190677
103937,1146.707121676649
97439,16330.511439548893
85156,11665.925821712648
93197,20682.354032606774
98573,6271.65048991912
96816,14303.62715083576
94610,21897.003161167813
102536,2734.0208089408115
81021,14364.432475999667
105037,24884.29462163837
82891,16038.414722172718
83601,16425.326297182648
93413,16069.58054885373
84517,12205.365405014716
98296,9384.011387110717
83442,12789.076312929363
83641,6317.051358937999
106454,22539.96278224203
88540,6343.7187933039095
101350,17068.980497663535
86741,21964.997794338007
79411,41339.96564818718
81400,20005.59011058265
92460,14776.656826691033
76076,27171.283353382692
85593,12088.14125533057
99476,12451.849589061778
99991,16840.14701966269
80184,16722.183391070997
91365,33164.01225868502
87967,9901.154714211996
97960,8822.785405502713
106216,9875.357186799098
94470,35448.845715946605
105054,20664.001973935476
76801,19180.344858626922
84376,14504.75315900211
95818,26707.63858819309
101354,5597.699225658216
81184,13183.52644021393
95386,27935.82122779735
94813,20726.61468338876
100188,12750.970387967449
97816,18443.366420242266
101948,7007.882904020051
108229,24475.61117036968
77604,25481.927144879897
103052,16560.756908058567
83998,6481.452233022486
103163,13186.612536901695
78407,22621.616892487567
106267,13187.026021811675
84808,18213.48069506357
102176,3539.3157986137085
103807,11507.159227461525
102936,12791.343575594961
77803,19827.930341563522
91153,19451.83879054892
96806,26747.21480423356
107797,19772.327549542184
92654,12310.345379905048
82110,32777.46379141182
92570,20023.52874741245
84350,12909.089756320202
82022,33285.212618580335
101036,13433.576155303512
93012,18633.136470428915
104053,11000.749112338934
79339,17954.475436649664
79767,8934.162898613184
97252,15545.360031982855
95098,27607.81129984725
99791,23600.25611055772
95121,24327.615117012305
100598,10514.315787076659
88806,16496.38129583368
93433,16341.905436854853
85064,22263.08503535911
103820,5517.137645529845
86190,19736.9733766579
96438,17648.04874311747
106282,9976.964842043468
93667,16184.304118034517
93191,20745.012297188412
103899,13003.038809253005
93568,35284.49424224309
104546,24565.133808316867
80852,28801.49839322832
91782,19059.559966458473
100867,24251.159482102332
96727,8627.228085567782
88787,15121.28716425423
80175,15252.244042757637
106215,15388.22106867825
82884,10233.882269100373
99701,10226.50810476669
96972,8231.766336810892
102844,15817.999327669211
85912,7441.08075311518
105580,15346.62457421387
92949,22457.811961690983
95794,28461.174899383637
81410,17721.41223179479
103413,10684.471079312265
94880,25154.26100813113
87634,8393.517097157921
94036,23250.24119991831
82130,15283.55406726028
97256,14808.668539751845
103817,10827.653829996372
104456,7978.988612270376
78003,14404.598729589445
104097,14111.464302900582
98797,5616.643577957875
107315,20906.480620267437
106755,27063.522534964693
81147,17767.804478848615
105271,2140.5243740087026
89017,9410.233884532994
90194,19134.1881867747
106608,6515.053937235381
106146,26176.709581706556
105471,14398.0073447373
104538,9117.1747214114
78198,35977.775140893864
104720,17105.695866087102
94900,27762.963883653414
94045,28425.85648212349
100816,12933.774739932298
85400,7903.322230243823
96876,26453.863979668866
93515,26850.826909280848
94077,25605.963273085945
87247,23475.837464656754
105067,20619.83123736945
95538,34987.34512235758
79301,16913.806142386107
89679,14641.585314071795
90677,25392.85104212376
100348,18798.8712248487
82373,22527.38743734591
104030,14217.313569916354
91200,24942.077459515713
108132,9269.10549734108
96587,11322.245459729602
92498,21271.105769176385
103409,13952.32007331797
91232,23354.633580801892
80016,23148.70724842552
98705,11487.803052170115
94058,100739.85865762302
107248,16160.593741061108
85165,2742.745957315754
87202,13779.30259180846
84291,14302.844880304532
96682,24114.360094644624
76451,30339.420310878166
91004,22810.989783980287
87541,13095.879708435008
84735,9734.88483426474
86029,13457.071769357164
87675,11219.759152464248
79434,32062.433697689135
104691,23834.256409804337
95401,16943.042315910934
103975,11684.133803145232
106441,14558.92633270385
105335,23565.291380589682
86453,2863.2607090697275
84490,23403.07911976111
96908,12517.33838438685
87472,12004.975492399011
99908,-1950.791705461721
84898,10333.646014001657
87539,11049.447312485892
100666,10155.873092469337
82231,20123.339762025207
92648,24770.640088768647
84694,9474.675718362705
81594,8873.800301249372
82685,9156.775637999905
76620,33584.50555352683
76943,19614.9779486661
80231,21862.840916819696
94782,10671.912803524261
83815,14129.6329784361
101713,10835.291845406871
86358,11905.65035061253
98701,20782.014144012865
106421,12198.866919036227
97920,9846.291032526424
108072,18209.732867658066
91315,24615.99729438011
98550,13079.354474958163
99263,3272.3425129601383
95373,19280.488445601222
80445,10450.685969176528
76982,17274.201821294773
85544,10398.162764441135
101977,13707.975936364965
80279,25052.70015628505
102808,6799.168208716699
107325,14410.741232431494
79988,40825.4470901724
83473,6003.743971683085
80074,26257.96679369417
87094,14804.750515549982
80523,18640.662231677925
84129,14740.526093839813
100159,12695.022650931642
94256,24391.71390330285
79199,27276.52318349194
106674,17471.900525297096
76299,17234.136084172496
82217,31975.25068372178
87294,17483.116416483856
87361,6722.585306462104
105782,12688.142633378797
99109,15122.540479919844
97733,21241.213497048113
80963,19487.291612429268
105129,17878.698610183492
103322,11560.283319763941
90068,14659.393580544507
93845,11185.790880735018
104956,24653.98845402515
103473,7669.855912026571
78167,22458.817528439453
80718,27987.85418651637
85621,15545.445474459499
88490,9210.753426527168
105456,13085.14970391219
98490,10052.793451636564
86488,10220.53801997166
107303,23103.69127385519
106463,10031.712678637618
100403,9592.759513843717
86991,18386.04750645507
95381,35280.52358636432
85219,11724.072628742986
104635,21268.695893931697
99004,14433.523829032376
80747,27633.00916673339
97854,29356.34640318071
102646,10040.420345092454
93364,36164.68241598761
101209,2095.7077414718515
89140,16107.572736993403
96244,12875.326890130731
93727,21253.480886637204
82138,23747.248496310815
97759,20159.77144057193
86015,15232.686261293798
81090,29702.980679048138
106085,5814.367508232419
101600,14657.348600434634
94831,23823.584440488456
96566,10737.85765497663
82361,28881.96565985713
80479,20549.523788503808
82068,11278.366452187489
104750,11573.870990858064
93539,16585.149332140572
98127,11940.134319869103
96971,15516.020301665878
94105,24068.319150746174
95326,21886.71707103288
107438,16626.468618480896
100536,8426.46098948564
92659,20413.64046416545
94809,25454.956528793162
84186,5107.558139095898
85631,12169.244612823706
86381,16145.176150474057
78721,23641.201034504265
91773,24056.293307907195
90453,13334.601700371248
107225,18213.621857804814
89949,11111.336754735006
104531,10549.456669408333
76979,15207.222574810497
104743,6770.157089142915
87731,9115.408746061003
79915,8178.286518150155
105072,28947.293137738743
99332,11416.43541362643
88800,5464.626908541424
89522,5445.539630843094
105361,9572.131811603118
96528,15218.587168411876
101546,4490.24800925469
78680,21059.77555467651
87029,14724.304205286171
80591,46343.58477361174
79887,25694.344522329047
76107,31518.590993384845
78272,15096.748125884144
88116,10366.188081488013
99644,15032.992824583052
87595,20617.585503579437
79324,18592.537357540205
76408,47301.29977483132
79173,17165.332358711312
95084,11865.428579441781
95455,25365.239601241352
83809,13234.665784695739
107320,16904.701724753046
78828,25177.097870307596
76284,17585.13583311088
105622,11677.4591203593
99344,6504.553091584035
79395,19292.209024972137
86906,12229.534832938167
107576,10946.829409927916
99418,11947.43779392098
89050,15065.18663066419
83758,9660.487710872228
76289,28641.5374113929
95798,38700.37051521138
76119,27788.305302950583
87583,19742.968610281285
93110,18961.367886497042
92911,24633.33419129641
99758,6991.985846961121
91697,27122.87828586706
85260,18469.295682153344
108475,18511.28790462714
84184,10289.117261792562
95737,21177.956369224034
105286,14294.323322890763
105354,12723.281852265529
101587,14317.014221762554
99526,13868.431312895147
82328,20004.021741042976
91052,17428.05161615697
81332,44607.38469109747
84562,10825.786781836767
86175,18835.010198935022
94828,26708.432685186606
76792,34660.15545286513
80436,12958.905662263074
88143,10559.77707076163
102644,17199.78288627445
79459,26542.16600258139
82225,15580.539259754136
83772,14492.48232548841
82109,21609.469640755007
102803,13937.897949314865
91947,51438.24655785912
88498,383.3152614076316
104204,17337.325095642882
103303,17745.933551910188
95989,28635.947422756857
90917,27612.806481931984
104994,15921.563249292405
91408,24845.746112272245
79084,24331.43940470615
94840,13569.84102474271
103127,13070.56349435437
93504,17171.824277866865
88642,12893.52520499035
95535,34551.74656724918
82775,-251.29691688436287
96490,10902.951242399256
77545,42520.1081676375
104939,7178.491160680351
97679,10367.652085632915
95462,17989.16323210475
82601,6838.769137299707
91541,24171.608880735308
82997,19550.277524785633
86757,4168.722178403899
86498,15081.018341520277
78468,21278.641485492743
98262,22755.760058297383
108488,21423.83732809745
84813,10715.505257231736
84965,7847.939989242965
78478,28357.22792479566
98819,17792.18492004447
101543,15160.291803886008
82061,23652.969217891005
101359,14825.383675628036
107203,15713.738349877283
98811,27468.261160541006
102982,14429.790815094137
89603,24324.088233140792
95083,46951.55134671497
102426,13476.9727167245
88264,12645.220536270848
87119,14072.866577851848
86554,15345.043562138773
103454,16638.623454401502
99382,24872.73041263777
84255,10368.180613202072
101580,6179.424758566805
82690,20512.186560557748
103650,11677.039580080018
92587,52821.19157232494
92831,15290.4525571852
104410,19253.99959704216
89264,12930.201841810194
82865,15715.760778527765
76984,23625.77750810914
94265,25588.315901610753
76786,11285.308168705684
86379,11647.967105868942
89735,11769.767242822767
97066,13046.588908570993
77007,23161.446923309035
89137,16343.115885673818
78243,20132.282231692443
76669,27740.83928663394
89281,21196.895274455892
105621,26177.700916338625
84020,11170.290176060385
90142,20227.152919820277
79677,22288.56049214705
101025,12267.92495464781
101821,10396.909798092209
77424,15945.614746595878
80188,23789.57179641488
94655,37229.52838687766
85282,8768.572679610777
78763,13484.29924761891
85774,16108.709182328836
79278,9456.70042350603
84460,15792.477513133199
81489,26487.144198433452
90788,23631.802398765256
90191,13045.590278870455
106772,29957.62880215913
108112,22358.481845683767
84380,13631.307695724943
93636,46545.889350609854
103749,2446.319300573552
93435,14637.541669988277
81394,12586.606403181446
82146,31111.81905785823
98362,-1645.7317037959801
88250,15268.802569473599
107041,19331.23611008648
103478,13312.23192717736
89273,9348.492116334004
93583,29300.35860608997
92107,25730.764503606362
79557,7195.296526405524
77861,12031.503574164788
84591,17346.095988399742
102756,4563.199478402676
91798,29267.69111097259
100309,17076.83755108685
94987,33885.81513994468
89991,15226.479703533114
81523,19908.82573522831
82815,14509.028918800177
84366,12271.856313246564
105609,6673.170141749171
89695,1050.3642027469905
86242,16204.09136212169
82477,4037.1278706679295
83774,8744.956700223469
103676,8840.48087715148
85371,18069.18714477995
77386,37010.67507558766
93572,8840.10764892277
77535,27363.590079994712
97174,9586.323282125988
78330,32497.996572288524
94032,15084.020772305259
97537,17057.412425096205
93975,21417.262250860484
80657,28972.987305887218
85971,15805.180765084835
77536,14441.329108331804
81757,12706.115143392672
81232,24793.36468377369
88606,12709.15012892976
107709,13931.785853424284
79596,21694.779089488162
85671,17099.188543788405
93617,26349.39274130859
104211,15098.093717718497
98843,17988.56198762401
76153,46604.9230511004
105258,7946.536992849811
94812,26534.331743073504
82892,17803.163882242865
87816,7497.792433802009
90058,6539.333988553015
95471,11133.539971189515
90419,11867.829734857834
88777,14314.374399867258
101559,6947.771997917065
86808,15873.677795953117
93637,22788.88899993582
81562,26074.75404484624
76442,30794.675129420502
79967,25343.252016113867
88683,18586.363481409673
78139,10642.602377773263
86530,10773.500230667909
77000,25984.352809726057
101915,10172.329639601521
90706,9186.284955329174
77396,20171.246263247376
83475,19539.611282617712
104217,17972.898908360017
101461,7955.008396730758
82676,10341.291579237339
104438,15401.790383177547
94757,24538.70191605111
84916,15509.402381424414
85934,22093.04742057361
93051,20981.699221440154
85136,11346.42842357236
86448,10172.338602234886
102828,13757.15236424806
101564,9112.426317188132
85740,23040.263962780955
107725,18936.17521021687
77165,21999.713403295784
107859,14637.43319645559
83065,7573.971992366365
83470,24629.100982571603
82147,23296.24472464004
103691,5618.638386465114
84024,13756.033377578831
99630,8311.13356646453
105243,19038.67268368884
103804,8771.333626608131
80130,11201.262868385907
97317,-1021.1686164528292
78532,34302.713044911914
98989,8425.70337892021
87716,8909.723803830333
103640,1982.2061435819778
100541,17514.478153527656
101428,5299.965018655726
100899,-496.3277207993742
91739,26861.745181380174
94502,34934.95017962536
93919,24912.646113165014
79707,46198.80465075275
91516,30928.896314459314
93156,30112.43053662771
93340,26224.48238860829
86892,14663.137081414781
80420,18043.684244591423
91660,46538.70627985522
104006,9331.900482208875
79833,38965.04780570332
101663,8694.905056853546
102471,11879.61270090664
105380,7086.216516102169
107076,22585.14562383249
97009,22225.86049030174
78577,30099.859910635205
100281,7245.3867409329105
81075,37308.89394014671
105712,29804.92639983732
90807,12550.203508466657
84240,14593.203277278953
96951,19113.426963536534
77270,16246.833361449942
81760,15359.07274269691
92040,33377.782333036404
89339,18003.635203121812
95256,26245.226904108247
84788,18722.487698911034
83686,13354.915190425236
98633,6607.388078161312
76608,21229.594349317616
98918,15966.391893585824
100264,8700.094206739246
93998,24478.864930847572
90051,8468.4645974827
100506,14828.963612839783
95747,15073.020781969492
91393,15671.730370020363
101051,13871.207842477219
107844,14993.325303493155
105479,19430.30000532324
102468,10672.875202544179
106785,16909.974576182256
91577,22119.722713889423
80832,10242.507094037777
88616,2786.512011585917
78897,24639.544219799034
83228,13437.87628686917
90389,6075.516900336603
90154,10707.483645979548
107664,22999.101632646823
84602,7259.286510938924
103155,10389.53994303578
94290,23224.446140170607
84292,10799.279892543535
82455,23760.420565276523
84453,7354.446981478861
89161,16481.297449426755
104207,16694.627450126165
85660,10299.64674494238
80032,28387.129264913703
75996,23168.96976023077
83712,13063.486895515089
89784,13322.053202438445
101364,-1962.67472948676
79099,21960.22731960968
101423,13970.899776377162
89977,6116.7064285709785
87688,12559.027529301267
87401,17536.636822713335
90723,14173.064349794062
85875,9117.365435534273
106387,25622.693050059053
76002,13856.253087727877
99436,10030.050293184642
107239,16392.969369320752
80251,23838.847962189844
85127,27170.42377501233
90351,10256.993000185481
95526,26561.1240991096
79335,29769.917918638588
104754,12849.02352739757
91081,33367.02585766316
82005,19078.5850967397
89414,25138.70224348901
102366,9957.377924063563
107017,8098.749576112532
88810,14213.121646424304
86694,7851.861342343327
79641,5943.7556653260835
104863,20448.852451128216
100526,18059.834285027377
80318,21689.37848687837
100931,14947.878474579848
102375,15560.382628663021
78617,24235.305493904016
103552,10799.14859250706
108268,16900.702051371132
77842,15284.33816438177
88774,10625.204046804458
82323,26362.217783216533
94125,25651.97829291917
98661,2250.755363771663
100997,15573.286774936976
76933,7169.083912456728
76957,36585.04525346379
84347,12915.933409178862
102000,7866.380130143487
84626,15900.014340643596
82214,40617.89681130262
105909,27801.561820678093
107442,10570.270257875061
102342,8659.69479893567
104461,20658.387264191
80095,45041.17267115919
83558,14447.949287297
104376,23247.77059760326
105494,14083.570257027837
81702,31529.20894964582
108056,15081.749924490388
84131,19151.546170557776
94242,25173.780174653584
102987,7742.069536736584
99643,16836.116965150417
78954,33740.99396123685
85511,20190.226149507303
85380,13079.849671716103
77232,30624.406066881464
86585,9427.224176647025
99729,14936.000182988486
94946,33998.79921750273
97768,17621.074170979467
83855,18927.844553872128
92397,15454.434188757019
90311,11857.340063365002
99324,8009.44216652555
81167,16739.733326898087
80030,32410.3992176506
103679,8420.66353211517
80164,11942.926117750685
103198,6368.825540405174
87658,11495.836954784405
102090,9059.629907708411
92710,16153.550412547818
88551,10318.711638327688
91001,26000.807237061425
100653,13055.62578635686
106050,16025.037316309463
92084,7869.1365953318455
77402,19800.876735350786
101296,7876.032985507831
107242,16749.585117046372
95646,20877.38498243448
99126,6827.132711481943
90982,22255.60090648089
94896,25576.258538667098
93011,19535.628527772336
84607,17781.902455132848
83352,7781.1704304342275
86097,18121.55138708584
99312,6182.029955396283
77584,27660.767693504415
97372,14421.735693008202
107179,18993.864331216493
105835,15362.724443012878
92924,23984.653251904732
90798,7852.6131531258
77487,17591.84898478951
87523,8445.792847185745
104328,25977.29999064232
91404,17271.445647901754
105702,20820.580210156448
86051,6452.294671925949
98136,8327.3510923078
91149,18228.16777241227
84015,11994.684312557569
78227,29175.180346839625
91810,35591.33847145537
92345,26401.82047423553
102647,17513.258270275284
106549,13221.7546872643
97007,20861.652048594973
86887,16103.91434945172
103983,17621.248487240868
89554,13197.068884819426
88066,12093.396205528377
98778,20651.356736642716
91459,26202.700801639498
79659,27298.745554189067
83978,4229.444522312464
88036,16537.758529491955
80483,17198.971734396546
101770,-5361.875477369082
98220,21339.15562268706
84427,12349.123855410784
94491,16903.35368256367
83782,14072.639851954067
101945,11908.50822312852
96613,12148.204999345326
80126,45497.9967461577
83381,16828.018323561322
100263,3598.1830308398057
94953,24627.461499835306
84413,14877.955224277277
94816,25278.434213991844
78578,21360.1712349922
89766,15472.538070849841
78560,29558.06366887843
106444,17317.768744261208
100883,-1223.0710098064228
102769,10171.852779120818
106426,32915.4049980546
92404,32974.09182562541
84800,7485.15699042879
90714,9429.125327527
96274,19391.712536751817
88259,9126.79063064295
90683,13819.515405453421
78878,16414.500268102274
78675,14049.247828602718
102189,19116.87817809987
97959,16318.154246570659
78324,23464.76686338414
100397,11767.292253671476
89808,11524.057408050518
102920,11368.167483502708
77724,13316.146349464136
97183,19075.676417074777
102360,9309.103288574814
81748,19343.561508772327
100225,13486.811881457455
101411,12525.57268353994
93887,26112.495987782328
94437,16796.44904478862
102317,8504.130740352528
100939,11175.831111908512
102016,6324.315924924682
88651,8726.461506720647
99340,13442.077519386017
107078,24909.186222261225
100937,12238.368153342453
86922,11780.971555516502
77864,28477.775766152292
105180,15918.1686967547
85599,8092.3418160556175
94556,36066.41811670274
88368,20955.504899175576
81005,40496.482958653316
79083,35842.831644254504
95200,29913.6667461998
94374,24548.39932984041
94160,25085.468988010995
104549,15990.221130196558
85933,16979.05574676761
104848,22299.35762980905
104424,28067.070090078807
78183,17258.025261473755
99280,22477.152979322433
97928,5148.838395305662
93122,17679.71758103599
107991,1958.5595263666473
92468,28293.821354680957
97451,7868.07644148072
94463,18607.575117829663
77629,17013.288271094847
86008,13817.172203351482
106210,28680.097671135853
106181,16111.86964441571
87485,11604.996919961122
107645,11054.318668387787
100084,11118.701384500979
88201,9984.093360789237
86236,16616.33249213532
97090,15431.912681975344
83909,14819.363988253783
77686,27495.66097435997
85505,20353.240184208946
92046,25599.563716678575
76681,13256.916708787103
102648,6849.709234022186
104998,38115.5207083814
86349,9774.637213402719
77229,17383.587102970065
93379,22747.004620208725
84973,1606.1851934877923
80681,29928.051923690233
97876,11482.64466000798
89330,10815.66273227305
106836,22007.87986854055
96449,10386.056071192972
88765,17155.747204102998
85710,7471.357840419194
104002,28933.52941269963
99224,5468.148884912778
96767,23908.857997125917
91035,27445.776815717094
91531,13280.234383225077
95857,24396.13310355303
81338,18743.44188100373
97921,15462.49140288739
94040,25198.63502784139
88240,11824.503978627443
104643,10753.813645540562
84702,9814.040412304632
79809,18842.49995797807
82171,17094.25187803169
102481,14340.491282345727
99514,9593.51669188519
76656,30763.280003594875
86176,14589.726895532658
85784,11158.092098034278
91529,24202.43285934173
96184,10919.981826906529
94982,26327.876985082243
89887,23104.987228510203
91306,20693.72675271865
94801,20308.183206148242
84873,14154.933241765917
105262,16792.503768400144
78755,21041.101298903784
105378,14434.471266098888
107314,24052.27590516064
88401,16880.513851684576
104523,10264.308929433464
95968,20561.05679210124
106940,16928.72532035812
85854,13454.004110250258
100090,14457.443712455686
94299,25817.17999734661
95815,36368.600443028365
83336,13485.055785229924
93357,11426.047643095371
83671,13082.410557414289
95352,24447.416186802497
81447,12192.768898335198
82530,12806.407190867845
84072,6329.385724884982
79590,45176.840189732364
81072,20753.600764358765
100894,15103.602367435582
94501,24852.68419783318
98410,16223.433862779086
77356,30543.283548914696
89008,9041.711027403624
79270,65502.55468253826
102768,9978.012189271365
104671,17103.791387422913
91482,25392.56901437638
93496,26215.88612797878
89699,6006.538684344705
93711,22040.19332169056
92768,24681.618642336223
102118,14747.007238862163
99410,5356.559653674456
101552,8118.1854729433835
105876,9012.946199491184
106386,27598.560047638617
94563,23767.731213802166
95860,17191.094599406817
83636,12142.87604512443
98837,2850.1362615140097
78724,9424.687133108731
92579,25358.243492946815
82223,27335.637926915588
84289,10695.019605358917
77579,20453.095418412384
83896,4538.5314418886555
87389,8762.427372341015
88139,7453.998956158437
106790,25887.3622090516
82260,38199.38405928713
101627,18765.426441859658
81876,23761.547827551316
91029,25039.120166799403
84583,238.93345399793907
108158,10115.964564102745
108203,15238.879056517791
98582,5642.01956206777
107003,39017.74958819384
107777,27018.89233580517
90308,5518.737317938983
76799,18730.382239667815
101387,16303.878714056991
79964,21844.476785640523
91606,22871.31863882953
103952,14857.696140213287
88622,6382.579303323146
94559,33501.58631349039
76143,18766.924562766886
94903,23323.557965132306
104486,8518.683435997838
87551,5291.582668262854
78063,48293.905284723995
102556,6886.310221627384
100052,14319.25154877035
107074,28104.496872828706
92069,24437.706334800518
107850,29002.859363737618
104540,14309.21955366226
96846,23413.142312497803
92391,25062.471859545738
84659,18960.420485819574
84117,16310.720658868464
79120,13569.919146574714
91389,16829.469262426268
84349,11075.918748474636
90954,33755.28914954548
92695,18888.820951032918
107811,22673.928271943587
81971,22366.793372236338
83450,10785.78129415917
75976,26544.724784503924
102965,13597.313115642013
90287,22998.40396163224
77605,46347.72429619574
91214,31147.54981972721
108303,14845.728125270456
94860,44047.90162422665
79366,26654.940050417586
106091,15033.150516050839
76439,34138.67879766095
87417,29003.98309326
93478,15970.84229860286
107216,22843.69615517884
103764,16162.226906114956
86879,12058.46672969099
103625,13334.031207504217
76402,10658.643076071487
80311,22747.09061536187
80391,32042.588774455347
100880,12038.605286245962
83171,6602.30811208376
88078,9536.010812800698
84318,19146.415320442902
93526,26868.901317056196
94190,16969.418812444128
97052,11173.827872390539
86101,9761.54543239082
87543,20763.32684176546
85029,12133.528171425161
83740,15426.97743203168
100089,4694.691853069147
98227,15966.236416631058
98248,4712.530346720785
107138,31712.434460768403
86854,11009.087978488242
102785,9802.630174293328
87839,14911.014346720884
93906,21106.974420443352
84661,17122.25982267091
87432,12326.537581269076
85654,20293.63184154191
90678,14754.621445683573
95299,19928.304403684117
95236,36386.31214484833
107608,29799.04208792023
87004,20473.49811580991
100566,10766.606604921399
80665,11675.80446616112
88010,7505.724938928761
102663,12543.746547920746
85485,11176.531348312274
101269,13616.426917596604
104674,22934.468456191375
89263,16248.308942889213
95420,25386.542154638315
102691,-1192.1647157540501
86663,9537.569579185307
106138,15714.518643524469
91571,24078.29826529899
93819,15816.230657942098
78571,18426.676874645753
94985,11080.331393056797
93301,21573.21065355584
106718,14595.213386345393
86771,16494.143275969094
87704,5983.2191796762345
79666,16519.18801296712
107584,17561.295383758363
84895,10429.53793437581
108408,9520.773876080435
98171,15312.423322350602
83310,9007.122555049194
86673,14810.573849614331
82853,14801.430016263184
105650,13935.958125087098
98670,14357.741871617327
85066,4009.032638761608
83794,4717.911424695878
80583,12523.437446098571
88130,13850.146941514919
98999,10456.265491020342
101330,10983.35141234519
94984,23017.32331474188
97990,5659.697523800147
86985,20436.222366279515
105865,21215.359840426478
108519,22007.00022913702
85264,18548.906326891156
99920,15594.711006025958
79757,22711.95389705646
102991,12936.539160002314
82734,13989.130613124697
93798,26262.58089284014
78739,19113.028691862623
94102,26960.242257319434
107720,11365.782318338024
104818,24579.617167152508
105035,2736.8764607546327
78882,8857.314656942952
106768,11869.62534830335
104488,20224.16218898617
83401,21182.955362210094
96513,12255.77654303977
103742,8427.197147354978
85746,10217.357468331684
89503,8364.987036436825
86162,10303.963816069067
90081,12162.456451066275
87809,16676.998506018543
105903,14414.621021636674
91476,24329.632455389583
77323,24023.621714347246
79344,40244.36034595336
86967,3656.43094618374
87631,13271.59323590211
91478,21464.493751683098
87477,16805.88372954697
97456,22836.273060809428
91210,29115.48287056775
88841,19246.264472238952
86262,14069.39585758216
98038,24004.18744047734
108461,14579.53425961017
95645,24095.54562010443
91233,22970.67858403019
81480,25962.295499127926
82671,17131.923056615633
105275,11307.67272776051
77852,17047.64079193992
90565,22606.029264865152
89172,11099.131762408186
102384,12193.678692917572
88944,11906.402474097908
80531,22833.001288644096
101795,8104.819203010411
90744,3186.8856818040076
78179,29879.434718717268
94388,33373.827945284895
92546,23006.42741936918
84282,14037.434066689777
87078,16429.86062457203
93190,28564.091203041273
92014,15553.483679780737
104501,23441.234897112125
79523,21534.282188772107
81096,18802.578656311423
78193,39766.601293294734
94720,34454.64163270722
97242,9055.689588957874
103784,10769.0910488058
100186,9785.38011341248
91494,14903.19196308343
98765,4644.684946726571
97370,22730.67465558414
76295,31378.017378349774
105840,19798.84468932473
100641,9057.211556901166
97160,29059.08428435956
96440,23686.323557476047
84853,6315.016750856332
105223,7459.922419358423
105879,16412.231558897678
80347,30390.506857817032
84534,7998.854627587629
85045,11896.59483787106
99348,24935.466944220098
105487,20147.448090615566
101906,1788.8367627290427
84905,14291.652458763274
105810,10438.566445398785
76346,14009.926095265677
104163,9415.028451715902
91997,21102.885393842414
94182,22027.35055795929
98583,12240.825155636368
78048,22545.187504056128
91650,19005.924256029684
99045,23783.523256113185
90167,12555.312009658286
81936,-3221.372608862199
97322,7073.978372280457
79506,16383.050238309443
101689,10839.562179445493
99677,1542.1124419834377
104364,5891.871413784655
104493,21462.37737463211
85811,12048.993384796588
76088,21234.157202765113
107014,9912.527350324119
85517,12812.79556656412
100065,11393.751077689813
100700,8029.018370788748
100178,8481.585470217397
86072,19030.734193263037
89071,6211.053431895649
76027,12765.897115194704
84394,10284.833932764683
97989,18049.393634260356
77527,11957.28905422859
89342,10411.583437285619
94118,20731.60562866986
94468,33706.07451441247
76061,20806.321402218047
85744,9790.35244530061
105185,8918.29120312618
79043,20625.52767796925
103948,12242.662257178046
98325,6000.233684053674
77056,19830.79189319948
85262,12584.504829093828
94885,28581.38886011373
92436,46793.69273041932
105339,9839.846893049398
85288,9993.749325220007
92944,30566.151525640395
83145,15846.682395296215
87905,12461.080587994104
89188,13566.5243412345
90245,17942.908790597314
80370,20277.04945759871
92165,33845.55843682059
91638,20993.710408955827
103657,14849.45386027664
81016,22377.939295420758
103792,17368.489423777675
94815,18531.63806359397
78957,11902.975344188977
83141,9057.40753359301
107365,13631.797651001281
95563,24606.281073313352
76918,22828.04957929258
87215,13499.910765968554
108328,11197.83423237849
108027,19998.096677163092
79325,31868.897796678895
89545,13861.126763523614
103967,7032.643846985826
77530,33691.1985153366
95330,29660.583767457152
78671,2950.7606687682855
102103,9489.252047019429
80024,16325.909934562544
89481,11924.962105273124
89138,11489.79196313076
98762,7141.145637629321
86166,17576.64285059391
91396,16896.264600421855
94749,30299.72434376148
95788,19927.44176281462
99730,14698.689519105741
102801,15113.284778605972
87208,12916.228068512442
83098,10617.377098696568
96015,25913.820874217417
107970,24810.49525449988
77471,27404.11141568687
85822,9432.385902352253
100518,9934.03049234234
97282,21962.719416277905
107193,7276.782658823184
104825,9068.3407392113
82687,28286.239183343627
83026,12851.460818483174
77470,17749.655405166995
79254,14956.77466310907
108020,394.56934973652096
99103,6110.118896272557
78665,39471.44127858491
86932,13210.22751005285
79269,16089.429456062746
92024,47403.088171470765
95652,26299.805111513502
96170,10173.996032894502
83586,14909.503935845569
100804,11104.365003136598
100758,14137.046017188753
107628,20044.21084653944
108337,9775.839623957349
83175,15880.986457589752
90838,4797.241143652587
102741,17034.921363123794
81263,15791.876858669464
97071,8932.03019234621
95004,35744.1708153653
107019,19452.75777812839
95503,18363.347787933628
86249,11361.03957483286
106921,27245.830298424145
89972,17572.82551833293
77660,28811.584983234847
77328,27654.45639657363
98264,10185.734039068193
86800,15925.092276395939
76661,20133.06438578134
81734,39023.00565476273
84741,12390.277260784584
89926,30216.7730595694
79502,14233.247714632773
96963,11398.785510442249
97855,29273.273431098147
86877,21095.536156052665
96814,22275.627095455668
94648,37758.027865659154
103104,9049.34850590481
77999,26012.848889831497
77500,23538.84068083181
108189,13183.991637994244
107124,16684.761576829595
105320,17602.13485931288
84589,12313.252720835328
100502,1203.6720888326818
84272,20636.24508683823
90146,4889.994500764558
89016,11100.56039907597
92360,23544.043492108918
97341,15125.863446854695
99635,12439.125114102935
93758,20337.43880973707
104345,22237.16718673322
104346,11576.99407415837
103219,17993.827969054342
94240,16839.784091418624
100510,17072.74660115631
97788,8446.633953791592
87877,20849.825317757844
83993,5623.224694241391
95268,38622.18489494102
90857,13771.791371438128
89897,19346.847683938802
103642,11622.989353454643
79712,27063.471274490104
84733,5543.67103046499
103510,10403.027617738262
82151,20560.16382209171
89275,4470.727356480842
97022,22396.057857705935
89964,6192.298785933715
103169,14382.800784688763
98586,11529.114185624989
78199,7706.456008453126
78507,21161.707028055098
88856,13461.394761995442
79309,20850.066242712972
85685,15791.649701342278
76527,18059.545983153803
81636,15669.862213518427
86638,13494.718119715573
106517,20622.05430358881
102023,14599.551719394629
91620,42829.22224166218
101886,8525.900846659992
84887,13809.579120027163
84751,8315.456447759789
92613,25949.053689903187
91825,24460.11449606513
101895,12227.858069918424
90560,17651.897322316043
105545,7043.325988237892
78700,19784.032379298616
82886,19685.955976675992
105649,9934.92750638684
77577,18597.97726876478
98003,22609.206483312184
80537,25143.90939318255
87387,14532.010439347825
97626,6348.982836620155
92948,23646.59229320551
104000,11177.692569296283
78385,23746.066338029646
103301,10350.953431300499
100102,6185.916002888291
91401,14166.667790488777
105726,10888.571995091363
108002,6772.634336751507
96055,8511.58137214405
86533,21517.47471017629
84966,14583.121102874458
82750,9416.368809232838
84780,15826.3839407349
99760,9311.68013220944
96353,23164.535712159864
90252,22420.424638177326
92114,21323.208383444973
85641,12980.88774306004
78846,31560.135583651965
97479,24296.64938449154
100657,2166.41718882219
92553,24224.668702792813
87684,7039.08643363585
76579,25227.971634009562
104441,8351.908778192825
102915,14258.637440934428
98255,11436.425100371882
84716,11584.129603841473
85426,12941.967460714077
76829,18498.233319313833
77899,36251.9964717744
93875,16844.809424101593
94170,34729.89569185996
96206,18296.712219105946
82777,15604.326080181476
99399,7136.537854620372
76017,23954.951764919664
78785,19417.525325320312
104195,8190.862595883809
100767,12846.35532603116
93500,18757.087254192607
103248,6760.033964958624
101828,8932.847342061345
93209,28194.813742416518
96665,11094.750514029147
94208,22414.475863519227
81789,43881.409906643574
92578,17244.079334871873
84750,13930.950300917611
107543,15109.995461102022
83294,16132.218439303047
82408,10108.283705550508
104836,27086.683291439054
87366,9765.314615643845
100488,9007.526557193283
87296,16007.12546618664
99820,4399.548976106133
103856,9602.775453008333
80536,24195.375528243516
95407,18537.789134991588
78024,22420.055860295834
88166,18000.01079937053
79046,3693.083039490768
100829,8362.075110650534
99250,13161.916775583974
107164,7956.225103525008
83857,13497.475818621751
90031,24350.7625726478
97531,29492.965358718502
78237,18952.262634403596
77205,20077.948392721533
84796,17193.10943589249
79769,18747.426971416004
79899,12451.063805123034
81570,25927.771977614044
96209,8433.427780995873
108012,14027.22412970895
83784,12533.19780576002
95293,25741.30685645176
107894,9254.06035942494
90118,8723.529640381952
81548,16293.830884483716
91246,17572.432234343752
106066,28481.999654219384
76349,58913.779201476704
84792,11920.958684774901
94792,20763.208192772785
98772,12595.728452929296
81023,27719.731109928558
92760,17038.455675239966
81049,29011.226257568967
103697,10772.342568263412
82248,27882.08276915198
85475,23970.029697988153
80927,24866.322814984524
93520,20204.286564949783
103034,8993.268157872983
88006,14785.965225230058
80697,17392.76022129091
89565,19222.555631677562
106983,15686.33321061643
76042,24154.268300499112
95214,24248.190532007357
77712,19132.338056494773
102226,7340.700067279104
106128,28853.52553694909
94347,34410.43785110717
84176,9908.035200047336
92633,29122.104304817884
89147,12126.268875587222
76200,15643.507074934721
91972,24649.801491887163
95624,24519.37043235857
88237,11856.876958739682
90626,19579.230407615134
79402,30741.139993141755
92751,17440.93871572544
93494,26342.3716114102
77785,29386.215684974944
108502,10330.599048796052
76356,11015.521265269665
90256,12379.205531214757
76286,21467.754486696795
98835,23444.68263012386
78799,26873.623495250227
99864,15528.363238792299
89317,21655.084763457387
81235,33191.24643490344
82980,6057.974059714674
79032,13278.86120318345
94549,19963.120947146686
86872,10658.589924238971
101730,13402.484089844977
82684,11310.296468144312
99516,12473.106158682334
80017,8147.626290253364
99863,15205.190683930326
92792,37692.20009801602
100593,9172.614728145447
86135,3285.158020930161
78870,10991.460738489142
107586,22796.579750112083
83757,12985.722768689142
92765,24219.50750508219
84890,9110.576137402895
108290,14735.745366412972
82893,26635.514873256732
89660,9102.463520000252
105543,14346.320789978476
106368,12494.622293158172
81799,40927.551442179654
102757,3608.309090530529
87520,5926.288183228753
85172,7823.196450630669
76593,18438.765259446678
99431,9667.248938875462
104403,17693.95749635389
102932,13993.670711169427
81998,14081.451212724729
81391,12151.457569751103
108151,15232.996116417577
100164,17276.8386765475
77950,36321.6312369997
100416,14617.672826165159
108237,13846.444152539218
93464,27172.975568920738
83899,13099.612151875888
107184,15520.475105385078
78001,37937.90742703933
98816,6611.017760351591
98737,22465.18954901524
105432,20808.5214693023
99160,-1125.3516132686636
99195,-5189.783353832732
90337,8567.685706612683
85546,15054.833361915604
107128,22093.366712753355
93327,27609.150289582423
81501,27738.993631465128
78485,20658.02390699426
98491,22226.299165673467
91265,30032.218056709753
97185,16379.947738242074
95708,23245.826217272304
92269,24153.242688296683
90122,15928.454526024434
84219,12995.94499491161
95920,20414.61874594554
82679,13014.311427766632
105174,17075.064529723066
90879,12523.198609232932
77507,39320.711838917385
88757,11557.127292469173
101256,6861.2551805441035
83426,17770.11443939671
76075,38241.06847950627
76871,22361.15210949132
77695,37238.39082752865
103555,10533.052172058437
94893,21471.485560397487
95836,23136.394418989905
92061,15985.264648322074
79710,13134.090762472508
93899,14880.398451285524
83299,11459.729700516385
95620,27279.639689295887
104279,20633.09287646931
83705,16499.095196610375
95472,27478.941105289516
106260,15531.436556427332
76886,16279.408298852228
97248,11743.5375411422
80660,19981.271879879612
101333,11885.397196732869
89360,6073.393891170243
85450,8770.052974806487
88836,16026.811316914682
77416,27459.198593996378
79577,37507.25234151301
98503,-453.35959567149257
76778,15781.873727734346
93681,17563.31715757404
98418,5750.443319088605
98615,11796.26522194079
91857,33385.837928069624
85059,3109.388144464392
84064,13472.216194628272
83511,9300.558204620436
87961,12985.657042424922
89756,10469.29854019219
106904,13679.30903958829
78218,21996.662902362703
91503,19341.5972728935
77126,10286.283187509485
97801,8277.338832326757
87474,12375.05906533674
77057,23225.677604256693
79478,24841.834558730712
90041,7052.333355710507
83374,14645.74258615807
102094,10597.940643627284
103780,20341.299316014192
105079,8210.781407419476
80462,28767.008307744298
101705,11262.739308990218
105756,24711.48985128048
88993,10672.325306936225
89593,8844.36176866565
86338,25490.138232452446
77853,26726.706332144735
92077,27198.04546225691
102494,8683.29466822237
92534,36579.98112873403
78971,25707.010020915113
84687,18975.552871026157
88376,10710.110760859854
105707,15477.629931324118
80939,25498.36648700443
82258,23156.57474530839
104917,9158.853451796196
95086,21813.230602469223
79275,18459.32654396398
104721,8141.06384261651
107939,21294.312038823264
106703,10454.308432895661
107820,10736.010404923727
79947,22836.572979441247
89961,14926.942014361179
106451,9317.344787018737
98821,9645.075987546443
77748,32271.088229698784
104802,27084.693353441733
81481,42590.16446768804
93544,16945.375065673215
89611,14571.140089425608
79850,29516.893469507922
81466,24534.099370861877
90668,5229.001687523953
89743,15760.211776948287
106672,25163.406110737953
76030,17045.05126548634
97231,5622.222167365748
93484,27994.415440529687
81393,11160.255774776902
94369,14677.963777201498
93507,29551.379245332806
100752,7721.317309038321
95565,26869.495210863824
98749,16870.65205710694
99634,12276.81529117978
86127,-795.0075331769767
101842,15461.357835711795
108481,10373.577160335437
82863,14545.286362847546
90043,11176.662296795243
76857,28310.437141526054
83241,13296.870640699082
103197,6215.261076155672
95458,14571.09951996425
76515,4434.577472500765
84987,13283.103135088255
80199,21655.36333063073
77835,23985.155498934517
80809,12537.37707225648
77245,25816.031334322077
104828,17204.288556232394
107338,5851.2819627106655
78811,28128.418797573235
76708,22099.013629288544
88559,9911.860225971555
99380,-2219.2567550547174
89411,6500.431904328638
94532,26348.93734677846
88046,5171.114868892182
99155,10483.942460868391
80986,15422.730728726441
96122,27532.894661770493
78618,19543.28028163212
98205,-3874.7557605080437
98995,26562.44408254954
102432,9262.541377678717
78709,10501.991455522395
93586,22705.277810812302
98147,9892.32154613029
95468,34683.24334600869
95425,15478.393281338576
89106,12126.761507694551
85764,14101.816284775196
87674,10822.964119131851
106365,30210.943933575996
106263,7680.87460235288
97423,16446.653963106917
86855,16116.942324110947
101637,8170.627867333387
100129,4854.836415827973
89346,10217.899286617117
80037,3129.4604848654126
87439,6482.834724871558
76329,55853.527007693556
101234,13115.10256552804
93715,26285.106699674187
96728,20809.19414084812
88023,16317.860561700902
100289,15727.236402404145
93685,12707.497611106402
97301,12814.330018975423
100588,12099.287253465038
78240,18455.46608868902
91194,29341.447079629812
78088,20436.41163736071
103811,11290.594308172236
79852,19142.707153142634
77718,19709.595405172484
99968,5884.670946475293
82937,13562.123005648114
106774,18797.628645803765
85107,9005.37181395883
77329,25656.976194339877
106498,14938.459771892492
80946,24492.71803133536
89630,24730.789807480294
105995,25605.156834568566
79926,45089.14553963959
93982,18499.378196183927
95152,36845.12587212131
102460,16711.44953464641
86797,17438.86532531734
98696,17257.43946127675
87491,22828.77873149964
93185,19895.002616057653
90910,25165.60825703846
102510,6625.907785608084
99707,11025.360023812042
106468,11705.421694361256
97505,16347.508366879803
85240,17101.699047269765
89795,26159.708347395426
78677,17075.461176414727
94311,22701.190997053738
79406,29474.093926454472
85528,22013.185867511434
95656,18920.875948540503
102783,15399.324940811915
76191,25409.792805483303
96193,11175.195987628831
108352,15623.91135932377
94226,23797.170372938897
94472,21636.65103016344
78628,8051.209690161748
96861,18048.465288640204
89698,15313.062379520008
89021,16772.966028299037
98919,14582.539271385263
107511,28228.20752294929
104317,12729.18920472925
105587,16508.796467555134
89244,13108.279277240566
108221,38424.28141354017
104558,22983.227688529427
99691,11392.188403395878
81153,20319.997470882925
83019,13081.17590721343
84699,8189.690349501092
92354,35802.670922843914
77258,34032.37990170454
81991,16771.97127020487
99191,14245.08641421271
80072,19384.741669812196
97195,19324.855454930905
83104,13977.063489476102
104712,13642.786229916179
100443,10473.951294008279
93443,25312.149634225774
85543,21803.425586341444
82977,16546.062510314892
92597,27856.036912888565
89182,17192.96226741196
89737,11926.633547311882
103093,15481.175151693169
103417,2183.56809356538
78550,16295.733174941415
93081,34504.96292393262
80992,14815.66313459436
83725,11664.15692780487
90755,14704.860954248987
89727,18998.171958317194
82723,14255.522850131878
85046,7468.306795692537
105507,22493.54720420901
102497,10571.880702021706
86897,9414.605495284719
81522,12886.634701477262
106201,22167.961578209564
87615,10840.719249921356
84646,10675.97926773617
104296,24098.468648134192
84433,2696.8282613586925
101470,12735.179499189573
76641,27828.927841806086
88265,11218.458490985096
101728,12704.596556182369
83541,9036.019110055902
93807,28425.695096690804
83873,11000.786148994783
76785,46202.734477311606
83629,11436.886173238978
87576,15996.521617911698
93395,21764.11699275591
95537,20482.074285111856
89598,6356.180863739806
78074,33321.61790049364
102980,12782.464787565754
104929,18511.130131824888
97395,13452.345944806555
106751,23853.785905772078
101628,15522.205544180586
103613,14971.25731682111
103641,12695.278184322582
95834,22358.012282828902
101797,-3296.0609729105563
80042,23896.42518671973
81608,20652.708210358236
86535,13733.593089272908
98235,22420.892949079484
94784,21386.628877278345
79342,11623.048182324274
97906,19155.12444730976
84622,13093.068573608965
85948,20816.1191203333
88274,13401.083923515398
92480,22969.021466201564
86378,16475.792146752123
107558,20530.93671652455
88531,12932.080848780693
103681,14550.99875689877
103559,7784.777103451081
102821,13419.944215340744
77372,29236.298917384134
108078,10117.834365937393
96014,6853.661357930352
91072,21918.654223746053
78981,17485.83320940165
85860,5861.585979499054
91538,21621.313593340732
100904,15814.344195150668
83903,1979.9475791584991
89075,13008.597080584732
87210,3989.9936946929665
95405,19178.61556644131
101957,15116.387964193913
91384,25045.375919140555
91816,21600.00906434549
93271,21661.88294030851
106951,15731.510922519665
77457,15614.282832814468
99216,11220.735964844032
106683,6502.400940980879
79593,15976.400360430474
92575,18753.80089106156
106332,24521.569303724493
99751,13337.21628914593
97844,21579.246338021185
90776,7708.051770347869
107788,28831.34456352878
97552,11075.272514229291
85396,9738.099483819125
90072,-680.3587662813079
104380,10381.557382740895
108171,14887.977390750195
82534,15435.036780031252
77917,25686.48418560758
76212,18666.145307224535
77975,19877.65108908368
96718,27329.97659555031
101250,7324.795317519049
102875,19700.83580776662
97385,9611.364517627255
93943,23179.794622683592
76389,23871.53565946885
104653,25309.945042557956
85000,12581.142246847245
100844,6968.746318732476
94384,41912.91682273107
91625,24126.933802821397
92124,26571.42468777833
100983,11478.23023994785
97669,24006.46674578068
76674,20940.39093437708
104012,20819.546153924515
100742,13354.266654847685
97937,10209.150252571984
99509,23861.20930238944
99834,10145.773011574318
104037,15665.2904293943
96369,14656.683477994811
86125,11909.085093072179
102999,4563.223558820377
85473,10135.140114664595
90508,-640.6851556394904
105281,29685.945071724316
90368,11927.224263598982
84029,7838.195631639333
88603,11387.931324535719
102423,4873.635558535665
105253,27872.952774563077
76230,19246.664195114776
100316,7714.359186661677
102553,12900.584380486776
76308,33172.6718520289
101348,11059.959146595182
105689,27476.307935067234
78347,20752.7853213864
88127,17291.87857711861
97320,13543.583013951938
98421,14393.15570229628
87422,11992.58760661885
90886,1903.6952572363662
82580,6670.189100030169
106420,10582.089842566755
80218,13290.157522116395
77197,12374.402289767138
81116,17460.1586495292
103847,13785.960240413959
76611,26874.487127589528
80677,14775.633232752516
91546,16162.447946516244
83706,9816.664100808324
83288,10299.08776019371
83664,13370.076070756462
81103,26739.447770717437
104136,25779.457563086326
79754,26032.3565715234
80794,25386.915385623477
90027,5659.6389575031935
99186,13272.664100012102
79957,12526.82306052788
83420,13668.563063568436
106971,12985.70602672812
88929,16804.814950667787
79354,19556.947410011067
104624,22229.90782331495
103631,-3900.580965356952
106329,14574.831771295081
94466,29774.951544065087
79495,25317.633286153665
92262,16833.292535608052
103626,9453.957726194145
102620,9916.424816790823
103026,11591.951464720245
95440,26459.86512396949
90675,8392.326390613045
92169,22969.093502958684
85598,11864.55087109565
93980,15281.656651075944
89884,6367.457402005777
100361,12394.086273796216
95314,22776.454810042982
102984,13760.995969074283
97290,25420.30551521806
88702,7363.519091814465
79250,25272.579469103657
101218,11500.53368308219
85994,16140.04510529965
91181,26060.515271191747
105974,11971.893039519811
92222,26412.787487943613
91691,35247.60930743109
103472,6343.8276329081855
90116,17015.961238280288
94185,21189.073984262883
95705,26556.388718466056
92442,12461.925134888035
83759,11606.96279974161
106311,26379.573118435466
108531,17106.34936259751
88487,6807.5382222869375
88956,12955.078203756508
80477,25148.518518997138
95422,15821.655873876152
77410,13739.997990758886
91873,25217.745009417005
95274,25408.114542039097
90023,8460.316375504306
77204,17696.57874337754
76504,19946.442503414815
105902,2086.0405366405903
81820,20377.93630454519
89405,10726.80458775413
92206,15144.79843448344
79328,19608.978169141657
94971,20380.446152751247
91185,36876.59854813763
103332,11227.200258369587
105983,19068.72687589399
81775,19791.621754784966
81946,25236.875605499532
97846,23541.974850409635
103884,13863.11097069498
105182,9131.978997791186
76148,26232.745940650348
99255,19962.128509208997
87785,12183.497448483715
78903,13188.263705902791
94578,28509.250748859733
107853,13223.905890533031
76717,28703.987602041365
99052,10390.916605617778
82390,25908.481684109996
83676,9778.139241433382
87748,21753.359710410616
95443,28478.985064892375
94430,19676.403495002654
83886,16929.36962061131
78492,14104.482593640685
97540,12459.103159283433
103167,17257.190572118343
82621,12204.437958831753
88729,22337.09543398842
97779,9306.483129406508
87179,7645.836030605831
83693,11083.767423559882
83068,17556.868132687086
87978,12054.819633382664
77547,10341.20426920135
104135,10694.78643732291
91838,21092.326342852568
81044,18733.009657535527
82100,32356.798690889613
79196,11229.505708602868
103420,8581.359688063938
84430,11731.753908619401
95116,26262.281438091435
88758,8945.359756991267
102600,15322.45172457851
97943,25398.182249548205
82923,17322.893126118754
84173,17180.550313641157
91455,23446.612961761275
104107,13647.472730412497
84031,6670.889010618703
103307,2118.9534792188206
103516,13231.990593269642
94534,20257.39004693115
89498,18752.867651028544
78100,19097.479886041183
86728,10039.094340777228
89787,19003.519644538086
99604,4045.573360002687
87920,12801.715675023646
95679,27632.328725437357
106342,11145.279570888772
105013,7905.195825401257
94526,23818.172639866098
79217,15517.594430704718
105206,22906.43359850868
80930,15072.580402646723
101748,13053.347613065882
108486,11972.650313230872
93949,29732.445361543243
99658,27114.003798913036
97561,18454.165650337178
101617,9277.04522038807
81330,41873.83534512839
101771,3616.174985810241
97270,3523.529168711597
101595,14987.946804027742
98215,10632.975393873377
84007,12465.62797650168
92680,25385.557800161667
78992,19785.443156167486
107596,22495.308521131592
77206,14137.542669572591
82743,12303.946795460331
83701,17619.285625421442
99165,18103.557939388236
94432,25416.791387747726
86548,16878.477916221236
76397,25706.154133939533
100070,3723.0041719448345
103513,5164.69955406824
80091,23021.52594987907
76782,22316.168654162815
100886,10297.034673875954
103951,8249.536747519422
87351,17248.56354705931
85974,18036.95688761027
79314,21759.526634052672
102475,14004.869519976957
101614,4475.478691598895
99033,9387.667657110724
97666,13005.420562770567
99253,14265.234280864417
91658,21987.494967701787
82007,19245.28840173733
76687,57792.64987135942
83921,11579.801425650745
92186,27974.410314561523
85865,13389.464632117393
78521,5814.4053470207145
77902,15826.55412522389
101697,14887.88636149111
98102,8686.919080234671
88037,12464.417747209227
87226,7309.977587228379
107492,3668.5782622110273
100723,5347.2327061282995
78581,18491.490076843897
104777,10509.786453149587
95606,16359.605876794478
101145,6331.972621071807
98544,10192.584534000809
96417,23876.265896124823
102714,14316.31868476732
85830,8396.768333957036
80541,25869.80476832902
88142,14193.13440184758
95553,27649.4302254019
107711,7923.525858632376
82572,10304.73580389336
77820,50261.57225151746
94456,20703.786779304442
90433,4324.575257980498
78161,26794.27291746052
98322,26459.38789536005
101884,6667.906938450586
98723,7804.158135908161
100828,10187.752765106241
100612,14129.567970396223
78754,17554.899404350377
95053,37429.5933486983
87293,7373.372742529726
83679,15408.342181726039
102810,7842.11244741414
103021,14725.378239433863
90497,15427.767256917607
106798,4923.658332603605
96234,13843.080465134874
97962,4562.66741521933
81585,10404.13881181553
101255,61.43398227690341
95824,21317.37663614971
97053,12779.94113432421
106657,21437.111691956583
107453,20821.005252799543
77979,14059.36344291357
93717,21438.93919331988
100424,8071.9591746746155
105579,25105.829765508708
85608,21371.995329555997
107878,24882.493477949014
83229,15625.681056412257
95478,26974.85347093588
104405,21845.786125819504
86681,7369.472931295983
81901,17935.109392580154
77806,15120.177954027633
102650,12854.462309149021
80845,22824.08984003056
77445,18317.697592419543
79206,35555.84836894786
105219,17598.34829000794
82665,4071.635106465983
79532,23166.015947968597
98125,4631.401618389427
77147,19987.108166649297
84836,9491.13030606744
105376,19088.592675674445
77343,28656.204177259075
108114,16562.856632009556
94994,13299.601020252318
88610,5351.121272847347
99609,4959.00624369405
107243,22785.53584750771
98829,17017.960607141213
85362,16218.593302051158
87409,10404.350767414508
95322,23946.6065512349
86185,10794.424853467877
81792,29337.472497575276
84113,10893.334661044966
86139,16734.015276234757
84719,16350.180982532751
85120,15643.224159639343
101693,2241.718442888203
77413,18666.611919525836
77179,21032.682459961696
91580,39291.65675943058
84116,12459.941209440149
93025,36588.86536928397
105224,7408.248650829788
102854,13964.902021564048
76237,22512.234083162257
105595,20384.516015151312
80155,34547.193629630754
92056,26910.7797673265
103229,15617.794508014456
98783,11829.325738598709
106357,8646.989266733493
92305,25873.20125667985
96312,8954.163943748339
86890,6860.579813526478
93354,16949.697212939835
86898,14060.617997185764
76058,18122.43198153995
90555,10336.1341576681
107136,14262.374836126226
107052,24824.74872739357
76384,37015.389374005346
101670,15267.0384200275
102438,10698.152031790174
81063,18659.043682539326
88254,11986.947816179105
87041,9313.72278378674
84909,7327.554105529765
79053,21259.604758388377
88187,9828.090846757084
85814,12758.174027047848
106396,17821.034387334017
90460,16214.83108046325
79261,21209.189463912524
105167,17835.8701909034
84047,18547.790965761073
96771,12465.77121639192
91074,101241.40793482486
92357,26300.43647576279
99588,9752.609759046172
78138,28853.69625662807
94328,18099.368392049946
92019,14114.888790634053
77557,24687.550308292368
83024,15811.262811859895
94888,12724.205219039286
94193,29038.050889629754
97909,18361.031654287406
79111,35147.13301211115
97936,15554.347319770444
95276,35219.5629296
107815,17216.945350839407
92806,25467.658937638582
91317,21959.498145623133
89507,21156.736808778485
97462,17992.17927962885
93693,16988.126459153733
81331,28328.868485408064
77260,47068.878890402775
105287,16865.693749584243
86064,2084.1913872751174
94906,27333.404018575457
94965,25777.81937185755
105863,5468.859545520885
96962,12176.408949284247
82573,14249.026412282808
83271,9588.518915885652
94624,6314.435426588563
105014,23817.33204650914
99965,14307.379277300322
98009,14035.313490153989
108442,9650.919042038673
78211,35186.59439726977
87609,404.5384483648231
95639,18208.24008194782
83389,12558.701576343417
84086,16458.211219552977
105956,14714.96177758486
108384,1470.9574562347552
99053,9935.786082845807
85503,10248.126695699611
100879,2665.540181903809
102238,17856.849802992423
107311,22547.89460701248
90740,7974.348809524265
96463,25093.52920656753
96521,28017.15091433091
100020,10050.597763498517
86048,16738.57850084323
90310,19066.144645007298
95810,13276.785319320246
106809,4117.4401544299035
90420,12633.473610501824
77189,27325.03691302288
103940,10378.740149570847
99054,21830.902765298917
86669,15074.40533323877
108226,6725.313833323773
107731,15663.506487435632
102410,5712.202685618278
107012,11963.013176925015
85117,3839.5199326082075
89298,9697.065766351501
80880,22179.844822231855
86954,14582.925350795587
100029,18458.594317407595
98943,12159.084521517565
81089,29626.412908246522
89148,11722.901694326429
98024,12063.658845537153
84621,14589.033018075017
98748,22923.493297671157
106824,19781.21388954397
106049,22456.369802363944
108266,18735.158460610925
98763,1835.639259602758
100238,10150.153755330655
107279,12447.363881108147
78188,47882.97886877121
90443,16793.97280401553
95384,9482.782023170817
98928,22503.174245540024
83992,8042.467120077228
94914,21149.214373159164
92340,16285.362698501078
77677,11545.003149815602
90840,18775.233057484817
106434,27884.58751597801
83736,16421.507450025296
90022,12816.699640131425
87633,2464.8972973132913
101312,14635.7696250148
92614,26215.96058818225
79410,12706.347180097684
83220,11065.17785444163
96064,12578.573872727924
96470,10048.523168273707
77247,7865.270336469432
102732,21072.76197027188
92569,27124.86062792389
103467,16281.397900875803
102976,6429.462190009217
87220,19529.932077673933
82183,16354.94521611015
88173,13178.374539969838
94227,25819.537554496812
83048,16580.74617724438
85320,16570.85808745789
90217,15856.520248285058
97112,12983.135223543606
78246,9473.45984219233
82000,24485.52974178047
79672,13401.879098435573
93499,23649.80603865617
103355,8740.969644682395
93334,29140.584059045315
77302,14861.598297899662
87100,16211.03675601237
92568,34230.674621355356
102148,8212.618895179883
81098,22735.69738297991
77544,29095.427059963244
92644,27938.999426460257
95996,28436.024054539113
79138,16839.434494875793
97082,24138.551311351897
85843,9159.975177377317
103831,10181.407847297058
78047,25712.813239958894
99184,15412.002559849498
83023,6781.76072253054
100629,6916.946371768485
106087,15568.281085241775
87161,13762.400861309172
97572,10040.835029512731
86106,18349.06203993704
90163,22894.787490413408
95623,37986.44588812684
104349,15619.437597592536
84422,8404.078490002896
107061,10110.990426557517
78175,36870.9128766371
87468,13808.19230975266
87136,12747.1218216462
84238,10105.551330359187
85432,11636.888441604795
85363,19864.705087533584
105017,12315.279136361423
80633,24822.387314464024
82273,27107.25454734906
76668,20968.43548016109
100970,12342.219651810534
104985,9474.701851532009
76457,18795.65160954591
102241,10768.199935816301
90884,9323.920451800019
79706,24417.73661529187
92608,21819.322580177773
86284,10375.5101241238
103990,8919.905401944445
106152,17910.667164803846
97553,18416.119027821085
106477,8682.289518465434
78423,27685.372120714484
82766,16846.862689513422
77477,48182.437821328655
97680,13238.89532913301
96346,15965.828159282682
104141,18202.868617608503
80807,23433.594894808077
100442,11900.845690438146
107029,18117.658593900982
90213,6319.926170246632
88434,19549.43544627173
96441,12233.963490448223
80102,15490.554057656394
105520,25321.975031897033
78279,29484.92422030722
95023,4868.097800151852
76739,24876.87421421893
76776,30547.995515891744
89754,21378.934742370664
92585,19019.292222863325
83197,9234.14771398739
99947,14443.25004054245
108399,12102.14981709527
99140,8181.4429273930145
91454,10246.115805581008
104130,3662.979818173015
108320,13298.713761966093
93440,25942.255923184202
105567,17010.70422783011
89460,7479.74842832156
79662,24652.467231386297
88491,16180.933234439464
77034,16669.03874866545
90404,19794.929392533813
76014,15669.085443841104
104971,10560.116310910758
92516,16602.39566292493
86856,11187.820363711944
90648,19325.77405568713
97201,10649.93753342994
79186,24314.11705474496
98204,8726.72878199564
82568,29720.809224880883
97595,6085.863832828822
101703,10167.874076510867
84202,8990.788333234232
97310,5270.016235879477
105498,17533.37579070512
78896,34194.32393519931
106029,17617.18863520598
90047,13144.157947605418
83277,20212.980347866644
103503,12515.784583831963
104327,20846.897606142797
78026,30854.521545221403
80909,25689.92499450562
85733,8801.731249931909
103986,15780.48523950632
103236,17037.214702947313
94181,25319.10016784098
78518,26171.243026693002
88239,11739.529882236064
94503,40509.342058606926
76074,13154.50940888103
94424,22303.2451377923
97663,19803.15630207074
82357,25209.27095515463
92631,24515.633591794758
95482,42626.66766704252
90697,15596.27547398876
78798,20825.042560591974
103348,14287.25051212046
83659,11102.566404228943
91108,11229.91234297349
77916,21594.918857958488
106086,15853.080822230404
81928,21599.157185633638
108406,12634.760347515854
89731,15836.768624040371
106178,13251.794783943187
107719,29401.591143359896
90633,20071.39826338555
100003,2590.7009666243393
98978,17251.056067567522
88009,16025.179090652266
96631,15422.816868814407
93628,20144.82057331693
87288,12826.628067713493
82057,26473.354655441668
82925,15129.35025875413
100038,12576.086749682901
78420,18159.87107826228
96271,7355.095088045957
97966,16127.756400227576
96110,11646.939844636247
80393,16613.919426215987
78706,16393.94302618751
107484,17632.280890173017
103084,11600.112398612138
99792,6536.453906618277
93476,35098.592876986295
88975,11562.402990814211
83981,14918.01084399593
79492,17834.298089680728
76802,28311.76714318196
83781,5243.045986207726
95719,27938.85945722631
106177,24998.243131058873
80626,30274.314581903454
76158,14673.187773363286
91434,19651.951307387222
80463,23926.903564543623
86263,7155.383245329489
107666,22773.59453257997
94262,25328.881464213366
103501,15177.482577316521
89996,15783.120570371771
87306,9756.973079910676
82265,16189.47940668778
106825,18988.667207282502
98851,19536.590835773648
80547,25838.881859638626
100440,12370.057854445942
103194,13458.902613137063
90394,28849.24900312323
86111,5997.587247042829
88528,19974.802559718722
86857,10353.39796326033
78099,11017.784273907091
92331,25224.57088914908
96016,17138.192593199492
91750,27132.337700752323
92459,27052.879071760428
107321,24050.731595479316
87091,14836.306713850689
97925,-4040.4978898884365
81737,18832.65535870433
99093,11900.274174439444
99531,13294.53763926585
84423,-452.532990339525
76406,22792.152109833958
107350,20025.64014454854
76326,48185.00610626748
84338,24170.624291463042
76577,25020.98008143317
95385,15528.54501139914
90391,22127.1024222446
107624,23502.433432177786
99241,3142.48862374523
80248,24529.35439268872
85295,16713.59388898054
96343,8955.681376542634
80926,13991.4914365211
94027,21201.225024340107
79544,20845.20721900351
84425,11698.952778424049
105264,12251.379449552158
82643,7934.519023129571
93474,13427.038846469237
107072,11042.8134002281
83519,4118.235396649223
85962,16742.078909304488
96932,27469.423484627318
100759,10612.100903354003
107022,4905.483057421239
77012,35821.78940773122
100651,7564.47282477931
89430,22404.867045177627
88981,15709.088182563719
95740,23263.675499906312
101954,13707.542490001433
103408,4737.718885340408
81304,13006.51965562893
108421,28215.01154323158
93532,21191.917008240314
101576,15056.058570312103
79931,20188.50060203347
108176,11197.92466031108
84455,18589.159973008384
106797,28927.99013885035
76513,20983.848026054067
89674,18284.06503867553
77722,22582.830791578337
84754,17087.143209383183
106492,10491.570046822453
99242,8322.06500450299
107569,14852.152483399375
94320,21243.54511204672
82637,10196.275363391323
96550,18583.44226193652
105480,18775.500560606
100624,1759.0331582884974
89114,12658.0915993573
100866,7287.975263114509
81896,18257.96550282283
102689,17695.784917671815
97911,12575.448126546922
97099,7341.561610063305
92071,20608.607460935324
95849,34425.70768978269
102903,10876.670739119
103725,15042.87043240547
101176,11375.419151079463
103887,8695.562881043297
80921,21743.320615064295
92266,23610.145775909754
106467,4967.326348162256
92139,25442.268040157243
106826,25138.929566741135
88193,14427.59041083626
106211,21541.75381366814
88612,15264.47942258403
89179,16900.534301984793
80004,27000.192837612674
98225,6994.193144881865
99856,21414.500911298397
87150,23879.884739460584
94786,27982.604977902156
98471,19537.41597214865
103319,15290.693089021108
89393,7792.807196205482
85789,16876.42044045402
97761,19912.464369860376
101800,10010.573250455142
91588,28623.935786753107
76096,8947.298588496313
77378,20008.545650949163
105010,19760.49444338899
93587,28300.33754760037
90171,7129.802422624314
90438,8590.518928485515
91148,17742.599359128915
91323,12626.997799129094
98577,11465.684087230882
77741,15962.731493866624
87789,16043.354047615794
94742,27245.20098980314
78295,6385.916876063362
104797,6665.950905471094
77425,13221.368973204488
96208,17633.005250269547
100731,8407.040651748073
93163,35168.90588414842
85915,8187.3539118921035
89993,11605.906249517298
99626,24687.147065109137
78228,22806.76925377907
78779,12908.02102746215
78654,21648.242786118906
82947,21270.68809879871
99479,2922.470811158011
90585,14828.754564211966
79933,22239.250967730884
79287,24991.1263665788
92899,26025.012712154858
93755,26304.731394962757
92117,31014.33247477276
102417,11455.137846416968
106587,27325.56691574733
108201,37326.54934367648
88442,7064.295244830428
82673,11012.955672991491
104223,12333.412111530866
86036,6736.659994792542
93425,25744.20914351147
96693,9798.714063029256
82050,31233.52380541031
99460,6510.392104105675
81829,31101.389925680924
83925,12081.655452859588
94041,28861.92682935961
82035,13840.01930764124
107368,7776.458944222744
105591,34243.78342944718
107782,9452.177285286452
96340,14502.620634166757
97566,9150.648966165027
91719,16088.477744959077
79210,16711.90325443176
89898,10535.171751345042
106642,11466.413032510638
93485,20111.230482574276
98774,14465.32182310961
90967,19878.72054365948
89550,19156.344123974268
99247,6441.879062123786
99897,6570.429628015903
91394,24074.1914795326
88135,4815.992410381965
84111,16878.46535883304
91479,26087.296489784407
82622,6793.643177315069
104106,25278.927090289755
77050,28034.76289020016
105631,12738.877560950481
86427,5428.066934332877
93552,36822.49086835298
81830,32427.96542871208
82034,22084.6049957114
105857,16232.55217266141
91623,27028.898201559598
87886,16543.65348593812
78123,5443.427209576985
101951,7668.805198669434
97543,12016.445574600104
79462,44875.168576308715
90234,1644.9239875964704
81860,23734.70113957842
87045,4112.9704300868325
107162,14984.63508856199
90414,14231.401188647607
78353,25515.372833111644
90940,26724.41041478541
104123,24452.651199469692
88330,9854.76641992366
84769,4708.851761834085
108396,20776.513613470874
89556,11392.647468004667
91348,15624.778373510606
107687,17235.594249571615
90777,18818.216477786424
104801,24989.33679969769
82951,19835.186038440414
106440,20080.806752046425
83562,8878.833842516004
95283,31275.423985313013
84042,9117.791715479441
97883,10861.559708152767
101997,7549.991314710554
82566,10514.99510095561
87497,12187.216190628562
79697,13571.350262163352
85723,19423.570502204995
103511,14848.506655925186
101075,12579.490589104855
108424,11881.323834546201
102011,13647.96064342311
90054,13610.154257301081
105933,14895.869719113689
83807,15642.062071295019
77338,28517.067704099638
96060,5459.633078872503
103133,14203.82171312414
76548,16792.4218092354
79177,16974.253095224034
88937,17850.976444735148
105216,11389.648515762994
80415,15031.431326150632
89404,5710.935064987323
99503,14886.71683939398
102640,14512.096292778326
108003,19348.231053679352
78038,13267.583305498658
96267,21765.667107405723
106361,27285.288688734654
90046,6721.534826477087
81034,21220.049677946197
77832,23043.97504922765
76482,13545.268015211375
103687,11001.123300701278
104148,18626.802129424803
96008,10939.98313536821
77464,28039.676346775188
83612,16867.90352891604
88727,16398.977855402496
92881,21618.90817778505
78787,28086.042209603125
92593,16628.609083434014
93216,16746.324661168095
108447,7645.908585209632
91746,32709.228922533322
78670,17402.29517525033
93142,28591.911493652835
103515,13973.62057442934
101254,13107.69929682251
103532,11325.679245611478
95650,21486.51090195561
100251,15697.423039902438
82597,8633.787757396713
83045,10248.350415824883
95764,25188.74003970073
83685,9787.790489911567
108088,24885.692891734026
99800,9216.08873111321
104273,10986.006648548995
86860,5915.052111826983
103756,8949.290674193151
90038,8264.27121664313
81692,13171.617552725787
76875,12651.887295171764
82474,11534.36084168317
84165,12532.397543895713
92416,21854.379363912405
76486,19099.01249886374
83332,14488.941622659157
86362,7308.697805970063
99000,16676.679671459337
79474,13094.72321562859
81625,19276.162940088296
84416,11177.849467250722
107026,37300.649802676606
78888,28146.042890513258
91402,14795.887099882937
104996,15183.978987257433
108161,18860.40458561349
95547,20184.310309341527
81861,14117.953657566875
77574,31421.946314496716
88480,10623.86283955042
78311,30059.426699793083
79130,25335.851125489222
86087,21559.288835271174
96083,8387.426574946701
102730,4346.169391110452
93459,27105.64159645677
103121,5980.784779203925
106519,11265.984633887507
90685,10936.495244103891
95357,15379.744143824239
104263,-4966.947235135442
92978,24580.632994868836
85290,13359.74057951098
90632,93.25622710428433
105283,16210.715832816146
77070,21633.786881258828
97304,17888.93737334911
97350,19495.526821136926
88499,8049.608249754849
88773,16462.57745511156
97413,11923.616384253051
97795,16068.607613964254
102571,391.00056397990556
100395,8753.976029107667
83692,20495.388287339592
88058,8426.293124046424
88108,20059.09081750011
89818,5442.58723153398
84732,11611.76440776288
79794,15590.252224505748
103320,2961.921611948841
91794,15370.82521376235
83061,13915.690281310235
88593,12496.101064798597
100252,9940.985557629756
87177,7205.072175768015
108018,9020.317966069924
102667,15006.241241094453
77541,23200.975127015525
78985,31230.98573107242
96495,13521.487081351574
91698,22419.551803392038
80282,19875.653523461544
92825,32202.507091390275
92684,24504.33903665506
93840,41193.173758042016
85266,6842.021170200693
96656,11194.3382680043
87600,9742.89992422954
106994,6378.3576754847745
101405,13267.578022503236
86756,2425.7994145281555
91439,14036.324623447275
85088,9280.716636958256
93892,20716.06421700839
108240,18497.065450096095
91934,23162.95702698952
79263,19547.433155625375
99012,15388.465401146983
99507,20324.827435080806
104775,13274.224439725323
76783,20827.836473745992
98630,3948.3688403502165
105799,14669.728422068321
79687,18722.685757206476
102242,14586.052686778916
104987,16721.15582631805
76197,16649.586675633385
79819,44941.46946020126
105059,14549.112330514297
103748,10475.876714938058
104789,17340.185860928832
107740,20285.88815017535
94310,21199.96863264058
95974,23730.567939049666
78991,27961.53192479597
85346,11105.47950455299
104905,21395.174308337824
84858,6591.0146036972
95021,23951.575447127252
79234,47066.846997194414
93929,26230.05812064663
93964,23750.543846004497
102327,16579.847940573964
93930,38882.72119678759
94220,40744.26018594591
97355,16873.751239413017
101356,18705.6874098173
80132,44586.93050090711
96537,11250.913157976116
95767,9792.217352944135
102780,11889.33453919238
98549,2516.976613465813
91031,32112.11127070937
91922,22916.026811649557
92327,20392.55265036547
101273,13106.702654914028
83564,9576.27395257962
93121,21425.450473292323
91848,29449.08263779244
99112,12770.405832063858
79484,22003.652033967184
83792,13135.719980284863
88337,21678.323351363622
98896,2665.324082458159
82576,20381.42191240168
85186,10870.205011400845
103570,7049.446567308041
94806,20444.488029218075
107394,7133.10175684304
106891,9510.157291228796
77508,32972.6088166571
78851,33409.658354711355
81113,21862.772647843056
85437,13167.020651206345
82280,10726.256119126396
85886,17543.393823797815
79625,26140.208071908928
95239,39352.21517441387
82313,47214.34601652171
90789,18992.101374549587
92484,23655.28128957344
88349,6802.200244780019
87936,1951.5707412330958
96057,9939.248279377469
102286,9988.827939410956
97187,7898.730168548456
85499,7832.850764226867
104015,16491.114121927923
99732,11983.789260200821
87915,12052.016777705881
81687,9765.871958596515
86009,22347.398252776635
97444,17808.73873831358
102004,14057.495291786647
104458,6479.827657960617
98519,4866.233537236636
82785,18498.632046545114
103479,19244.68541585721
100675,13241.23265803975
102764,7280.392054419965
84770,12240.403523621513
106124,3859.425172159972
103447,9173.140700098913
101681,17550.583374808746
97714,14705.075324620571
101446,13987.357848467393
108526,15476.016227276123
92403,17324.173252357796
76218,49675.70583145463
81456,11916.785271056477
81297,31472.110316056423
90637,19319.129971994887
90327,7222.242699910916
95775,17598.978451507515
89328,9057.547879241174
76281,12966.000096486037
105285,24451.684666577683
97967,17499.09388120391
103677,3941.8654036084336
89371,18024.19142424091
93864,10824.416902316545
103191,5626.746462281444
84138,16582.1534867108
88931,23279.882710330363
83174,15455.641502856568
96700,16491.75997013229
90557,7283.669817794173
106224,19611.273405132204
76032,17786.421049959405
93904,11625.513994608016
83233,9395.476259055402
97166,15433.184892063815
107008,13766.13899530904
98411,7615.783834363057
76898,16282.663695325304
77335,24183.328873559338
103661,14614.074480315714
89251,20663.926038539925
107278,10763.867785180686
76306,24456.147176356346
95821,25140.631765483413
93738,27354.853493199276
102085,15740.118688696151
87697,14510.17720761287
95925,19722.42575354142
86432,11625.537138683809
77843,10996.163871869881
91784,19239.349195294155
101658,17614.316280188912
77139,26872.795643777703
82509,9286.549334577183
92105,26705.979288978473
89714,14517.159500162234
104701,18239.94988257432
96529,12577.674188433302
86466,12477.682359000231
91745,14791.191705071818
89336,14084.640532049729
77392,8252.852552216107
107821,25211.050626338954
96431,7337.790675837925
96177,12467.842783530912
103091,6460.522459112282
91003,21013.393358520916
95781,19483.2996516391
96216,13533.576869799552
78178,54968.89428113036
108259,18936.292257006076
81909,9125.465307026418
87054,5103.099161808204
95949,21964.079137915658
84912,15489.007162970782
106750,10733.031969762029
105535,7990.118484461302
104790,8550.021110455767
82394,39619.64941077071
85536,8769.190316147782
88663,10014.156392702425
95114,17031.875177999143
87720,9209.168920571392
105355,4536.060273791707
82633,11367.34684184732
77178,20256.22102804997
82650,12037.476352104772
88354,17402.84403684373
91594,16682.899812837364
106838,28567.53500071395
92201,25048.3063820526
86903,17497.20987140751
91790,35902.68229080881
89435,22030.28787829877
106192,11385.497336696702
100291,4556.310326689039
80263,20387.887685146605
105259,3846.351492452275
90581,11215.521565970354
82168,17353.046265094046
78900,22847.320165344805
92927,23426.57353410496
86035,13454.7109924572
82812,3683.3374761020677
90960,20690.049408985782
80564,25742.44676413911
88136,15579.025867711345
81598,10887.42277380728
84515,19219.29996286449
76559,25139.350713164968
85602,13141.507612639805
87221,19889.6703383289
103271,-3931.1015338565194
94627,19930.87613182896
79016,5263.553704400081
89875,19449.189098237403
89037,16158.0650936866
100203,5394.7078806653735
86521,6988.79060578745
100287,6893.973890307505
100028,12791.98801171426
99993,11498.316734844731
89572,18695.29940229458
89439,9806.275394906683
105686,9638.561139811733
92939,16931.1890326079
94055,22887.620317854584
80380,23921.030181997223
99967,2900.1504384461005
95543,16521.52424754604
97455,11699.696215806762
77160,14637.128557768767
105212,23318.400629283322
100236,13219.120854584427
107291,12124.540934378965
104571,9510.499090205674
107474,14752.468805974437
93115,46571.154851121275
92068,27970.70236050854
101225,12884.321175294463
87087,13663.59604822348
98133,15280.629871620738
108494,20014.375822152768
93501,25589.24672404128
99785,11632.524481446875
99377,10356.058203820547
104791,26739.143568411877
95521,25277.555109992492
98752,19791.384428019723
100191,1414.2884804762143
86298,10375.920481399342
85617,10348.506068528339
101651,15730.226828562358
93014,20718.146239412905
89934,7770.836116593418
85334,13954.122390118951
97879,16603.589222031267
79690,25903.21551049447
108126,21496.08553517607
77117,39112.43377433783
99027,17299.52060228253
102822,12366.696809816916
80603,12128.547778493157
98014,6035.540512698237
77131,46567.69623831891
93449,23468.46916151166
96996,16965.89982360702
86682,6224.610100627207
88766,2540.9158964676317
89860,1956.4476062548638
103646,6853.266980429558
97690,19276.0169029065
101168,1029.5785589097359
106415,6251.829688113212
83711,20977.087060113976
87996,12773.214219107322
79855,13547.327216382793
105266,8427.337578179839
92717,38737.026416437555
88833,16462.332318667643
100290,-9889.533428054085
79845,13454.247679366468
102781,17877.650625248032
80780,25354.325785436697
95643,21821.740741724745
90478,3944.7376891354797
78919,40490.66984795089
87599,10878.133886933152
83576,13992.709258581745
97582,25407.262050603036
98560,-5348.26704951618
94839,22127.827697896428
79584,32609.40086588457
95009,34286.06043194422
86194,10699.680152048211
81291,20161.193573086988
108264,6097.362183295743
91618,26887.242634553928
103987,-4404.373891167219
98687,8023.580763797741
89683,10138.510413189128
80178,16280.563502288729
85041,7724.47108354079
85795,7255.630654880661
92667,26804.7288932785
88648,10551.367412785039
81003,22277.05916784647
89530,11876.469514869474
89343,19704.82034630135
84383,11997.466256970787
95447,22140.075389642472
103195,12506.981574672827
87916,10400.008140890757
79701,5999.197967608357
78939,33530.214352640294
90700,7701.900842881791
92770,24079.345223689917
108076,25590.386633099304
76716,22458.925787706452
94223,17594.307772785207
97551,23707.958342576938
92126,33948.6629613619
92616,25610.08120652176
101680,15083.4496839067
91237,26052.897052635046
105108,11439.3999817156
96867,4044.5854207422235
89088,15839.370647704141
92402,22656.478710466457
94049,22912.315625061194
86720,12230.87723680574
100554,15410.11770994871
102551,14740.167468984131
88297,10087.945117126976
85365,11305.750076088443
82994,7069.1919810671825
79914,13557.550333625739
108258,20199.56564857885
76068,15082.621107443032
82252,10179.37336000803
85769,19102.00219459785
90927,35927.664743716174
106917,12803.044951218733
97051,7629.566972081928
89757,8799.810025712359
90517,8305.680401642894
100679,7400.442229896551
102698,13625.44844718452
76935,16577.91157637215
94802,26861.41521119795
106017,27210.28636416189
105400,9919.250644637883
107120,17206.84508574943
102046,13774.675843406148
90067,11578.791068675811
82781,13689.921654879843
95277,30413.750666368447
95689,23232.736529679125
105027,20212.105221294274
85236,17577.46475997407
97380,17536.27286531251
100285,20126.058728990814
98812,11230.142671964597
96265,24306.59463343484
101336,9232.48833946255
107335,14803.764328471982
96385,13361.12196007838
78322,32652.402802130586
91805,34431.585890147864
106808,6522.499544029764
91272,25831.465782185493
97409,9800.343274490035
84801,12928.19615269656
84783,16993.794186309387
78594,23347.12164367715
84618,12608.207973235723
95162,19681.290309843796
87803,13670.88877569788
92565,13568.962324357984
107155,21554.007604393802
93075,25956.963666889715
102973,8496.899325397972
89247,8227.812880328449
79555,23269.490162095375
90326,21102.748552787452
107169,20203.716952458606
79268,20287.96929311173
99954,10897.121529463053
80374,25087.391672227022
101695,2477.7586208509747
91260,33853.82377414474
78376,22596.24116550821
105554,9149.094777191262
106897,14757.634712112398
88890,23010.94044500192
85043,8213.51723948121
90014,18855.607056519017
99924,15947.825690936792
102210,14898.877418995165
102041,10319.814181326801
78082,41061.5628921559
106653,8795.408270796936
85042,3730.147043740726
90502,14532.023011248006
87396,18714.647615665162
92489,23258.82648718622
76383,14023.811235027417
82522,10481.297985674712
89906,15234.748413930443
103260,8385.80265327156
78162,14993.940995343
102594,7205.736531383169
103841,8593.943880993349
78789,19385.921599900656
106717,11193.251550168716
88775,8276.745508538108
88109,12221.084470463393
87997,17368.53783446405
88027,19302.81511095236
93890,20464.14182162237
94101,22223.206598657373
102675,4358.155009943468
101475,11642.376200412662
80558,9159.469023570302
87171,6558.816432646243
88266,10485.219622933742
101850,15674.954993702908
99649,17837.35013206156
105512,14560.395355947607
102290,13114.692654103594
80390,21003.041151778176
90266,6032.748788814468
84938,10555.106557593244
93151,39325.42801828541
95267,27155.86881791259
92188,27823.546569753293
80014,24944.08604165337
103390,13325.036795188586
77627,22501.146230944694
104741,5662.766741364147
107297,9567.638923790859
93101,25483.696392270227
94142,21573.497892404135
93814,27078.699304500376
92300,42692.47233839733
89616,10730.22759467995
102876,8506.972853977524
106731,24071.26923494262
97653,13729.754360999199
86484,11793.059243250784
97041,11101.457653497637
88263,18236.394012128003
79035,21363.837048582092
85171,22388.417024831055
99949,10774.647321818367
97528,8052.489282706229
89333,6678.507406656659
108420,13244.185125851101
103545,12923.52452198451
87578,12237.161603355795
89794,7251.116667348397
78220,23240.32695096328
86074,11345.214172142965
82330,19238.714937526267
77108,12345.73693137709
90682,21757.991797883893
105643,38445.89655525051
104819,26277.680691723814
98722,1277.8496829684882
82464,12987.318252629091
80687,13601.66401067331
101340,4504.876521538448
86763,15811.608118334116
103549,5316.406520134537
85520,11363.056610012689
95658,36741.73394620957
98745,22645.97916412998
102751,10400.930669989495
86044,19344.50425851537
87791,7527.852448706602
85907,10787.140077189833
82976,16869.529130059702
87738,17547.47055599079
96035,11147.808273453615
88577,14804.818959818047
87932,857.8396827965626
100197,15631.995037365414
87983,20881.129591915713
83455,15712.395857797368
100627,8366.166012515867
108491,7852.212875978148
103896,-4106.236687369725
100166,18052.952648141567
84224,18471.87880381313
82279,11715.110032486598
102695,10530.820889924158
91730,15623.591581799745
91520,16270.986675471038
93441,24284.27976669767
104061,15759.92963061329
85328,17378.501948305115
78431,13621.259115047578
89987,11760.7720502476
89785,10422.441479603323
87524,14068.635058457585
105313,22152.55151181639
97204,23864.783283052428
81190,28667.54043427625
106185,25518.13671449058
90483,12748.799521957495
85436,13259.907831740857
89422,13306.189444832213
94943,22341.811543320247
84834,10750.29258745478
104864,12139.308682730742
104593,19395.560338555806
97614,6071.611156851606
105794,11244.082923847862
87647,16592.498725290672
79445,23131.741203063037
86179,11100.695711630062
80653,32687.253201629137
86987,9985.212298232625
94399,16303.777946577204
85016,9447.360612910226
97822,10699.079208866955
78119,20743.47743752296
100744,5551.851486892687
105979,10133.19287264286
99994,10216.123927651846
100774,11724.469987768593
92935,19905.86514420224
98288,14237.240517073471
76583,11792.603942439891
83919,11884.729361949314
81696,25145.356199578295
82491,16188.332207963045
105912,8308.716961867583
81324,22442.372074117564
76616,27890.569330588478
77437,27782.96400831439
87372,12257.09784301641
92668,25642.725779880653
89936,7436.830150961556
103228,11245.578692686584
97587,10283.37746076494
101465,16593.40092781809
83831,10200.490720093687
106127,19013.130362033407
81306,31209.821155697224
90977,19631.77472182861
104439,19406.737462628604
93212,18305.785323043863
102209,18273.255018788186
100072,9025.506187100138
82518,13572.373069570109
103988,429.4602787404074
89788,6223.735993766197
81061,19739.949047694885
102430,6594.35139609655
97938,5726.407264886337
82243,25170.43118620869
98210,17535.96309939574
108342,21446.27071547229
83764,10833.148138770222
106233,16533.375102623104
99659,7690.671197368036
99142,11722.38737943268
98655,12925.967469142342
108449,16466.885586425866
104515,8718.60935152878
97931,9490.292842959068
100995,8824.244312752038
96070,23173.68801526884
76333,16139.487099837192
106307,12102.938269963692
92092,19902.648541734918
78883,10578.826195198606
94921,36042.84786376897
78172,36318.53272485953
96430,23757.736255672164
82844,7467.758068479685
82378,7316.484903188641
105297,20262.26769284872
95050,26394.79831756263
93124,21595.761474456973
80112,23806.157043228464
86478,9023.95235037239
83917,15005.362788108527
100721,12929.46875232979
94123,26630.710123574856
100693,14834.929841656398
106688,18863.203540439834
102131,12696.83759581155
99935,4971.4204284376465
102108,10245.279818964249
82729,1877.7502305352828
77495,17861.0119932276
98827,13273.804628521902
97526,19740.49426970628
104954,9510.651663423429
78155,21983.50470651299
79469,11743.73180872688
98055,11480.540916293612
102443,8384.503842674996
91468,23911.041383038028
96944,11896.735394631454
90974,22568.40512451029
97294,8339.42649957849
98347,7799.402432224306
96505,16181.108907748654
100542,12578.027335218474
79348,19646.608221266637
95285,25023.09545662564
103440,13151.344347881619
91432,25868.192982297376
84815,13141.824327656417
88959,18762.5352436721
96017,23986.073044854653
105760,9356.861559613346
102874,11827.846526228226
103528,3450.239699362166
87558,11982.997408869385
95691,22539.94232296027
106122,22346.92477421122
92479,13225.900646856157
106673,2256.0653454738494
108143,25422.218629138748
88298,9525.871370753215
102149,16330.09851951152
87765,17922.116305434683
90258,12930.51487233564
96940,12030.328185338061
108032,6386.610962997103
77733,22469.79803599468
90186,7060.436443779676
94702,25470.476935933068
95120,27192.33915313972
91144,18914.290114430434
103053,8726.124437671679
99408,12311.087932682974
79533,24557.276790459946
99369,10050.962040809827
105062,18382.353165257227
102029,13107.138133635322
96368,15325.90308583052
101066,11275.070045606932
100088,3694.6040069336595
84869,17008.09827581566
100736,17145.49010435416
85981,17160.095649552808
98872,13595.724890598955
84037,6533.473278489124
89217,10689.933874002338
89775,22054.446971934085
88379,22289.988855648917
80011,24018.370536167306
80836,23130.97168228902
105215,14230.39052333904
93719,35788.80281621838
107968,18347.386433584106
98967,10368.761858249345
85591,16520.066293090116
80478,12103.020727148396
92882,19918.798488237924
89721,12241.004220303235
101878,8878.94134209081
102301,13080.051075665033
101408,7321.30123009847
81446,15961.209342282018
100045,9447.397474558325
82986,14707.861010073611
78772,22762.781519978656
78208,21308.835741801566
81689,11059.366686153691
96791,17015.636512643672
79141,13593.502824020921
84271,15752.08362372857
94879,18079.85198756671
107759,24845.13487015068
83675,7649.983913041564
88258,14179.897921859752
96976,18609.429040992167
92824,16550.888802537986
98414,6512.903720821254
85028,12034.68367517332
97506,7761.992039008459
92767,22844.521139530538
100210,12391.351180062658
84470,13837.153216234845
90627,5139.374832015543
98768,7833.62461853007
105263,7539.571845703846
81662,33219.46520021005
93787,20079.575824569052
82688,8654.718353228149
88923,8038.567448449219
97463,9711.504357150407
93008,14049.254628029215
86807,9156.484164562731
79997,25490.68271950206
106742,18450.3564086517
94777,13935.13310492324
86594,18938.21448013076
82991,16423.675811856432
102203,6455.405225184673
103539,14659.858411451918
96264,18203.38472775252
77721,15091.606065103944
107801,13583.24807326778
99511,8924.148680274171
92801,24080.454726164404
82658,6754.200932865351
91732,19290.284559899912
76557,29528.448899859737
91314,35028.05646939477
82198,18017.732911983883
100607,16112.60204903569
80984,6529.342416858039
77901,12636.76715417995
95736,20086.749574072208
86809,17780.032179613554
78288,27804.104039258396
101339,12627.029427916132
87249,9453.111510266317
82143,30661.30921840036
83850,14861.27080499215
106952,15028.574424897088
106504,33613.26566088086
87341,13564.50968762653
94165,48811.51374894686
79986,25820.62580880581
97235,12900.835583836626
84860,12238.691001939209
94913,20916.179119102206
82439,9497.109691645717
83066,17324.048651418037
76993,27980.826959676662
88803,20606.971809146547
77506,26207.2959082257
76456,22437.01588555095
84599,5461.783875912224
76680,23902.9083280662
78685,30852.421361680754
80310,18855.75999630813
107412,27754.67030951343
89792,5384.327531947842
87421,1434.7157112416462
88821,12304.947908493923
101930,11665.225066740852
105822,12088.88960742086
97642,16356.887907177254
107339,10053.067507558357
76550,20722.210266847716
88272,6391.787173654302
85777,4940.993635199935
104995,15184.666103978525
82640,5839.725923697726
80887,13373.1844461125
105022,15067.387776410527
79920,17051.298355810795
96724,15155.505266421766
87654,11670.78355592722
80242,32321.636344983068
103464,9857.850821899614
99537,8946.651798878098
92524,25026.604139959527
83634,15129.825476186568
77597,17739.84212781176
87830,17943.608777648886
87700,17421.623336425633
86513,9019.493353601516
92891,14607.33952783591
79513,473.75730122717505
101087,15841.725614160998
85729,9777.694299562427
107672,29077.603451497125
77549,34601.23852248778
94307,18816.757261142906
84500,13753.715066096658
98867,7650.929378891757
103039,14547.143059921102
91192,26283.935793649915
82205,13527.63946842948
100369,10931.965204945605
107529,15642.576721729623
106073,14988.087954280607
87934,8838.781195283722
99978,14456.125731590408
97512,18963.71810397746
78085,23741.67095436112
83329,8528.412813113944
106679,19676.424339110134
102680,8711.608295912913
100260,19059.70193490463
98100,20924.96124077635
79452,44899.3051759684
94814,23382.09108664682
83431,5716.55330833848
102298,-1252.1509497247825
86411,10374.630488610768
105783,14522.518677931672
79588,20959.081217443993
77976,10436.381799729395
103387,17881.13321003472
93070,33742.43689931971
108393,15723.083435653665
105094,18199.550581921038
101152,10441.186712007591
87464,12988.831281916035
92410,12269.722149804584
102395,8905.537444660571
98531,14651.895545436666
89945,9973.59996463728
102454,16752.884823797707
104729,16825.87606530187
89493,11929.99269379137
92058,26043.715867041654
93884,21674.63683372934
87594,6351.158092076716
100891,13574.038047232898
81535,25696.43244210635
80847,31510.910452700526
90120,10789.698376805914
76004,13921.088920334994
76670,18136.087035893695
82018,8428.414127603202
90007,17381.39638713449
76604,9010.423364868591
88324,6144.5969094594475
84260,13231.831973679858
104662,17583.689080812183
80740,20862.800558486153
94973,19541.50650486363
89099,23733.79099276758
89528,19412.60455766981
87947,23381.33576725518
76967,24126.88879055706
94126,25556.558478698644
92187,48314.23228424911
104140,7259.645780424995
80573,16683.604457015914
99372,13506.488297174728
79790,26794.08711750807
94392,25474.406304916178
103573,11023.523626083668
96538,10530.742850967712
96774,24025.26431061515
83631,14124.930672805523
89532,11798.593184176774
83991,17751.1212702684
95769,29782.200057474765
83263,15444.325664256627
87065,10407.698637954527
107642,17041.80020232487
85968,10150.955107280228
77321,18889.008802792523
79237,25614.061286849377
98975,24829.507711601982
95590,31505.85379320252
104906,17829.183351733795
103289,12060.43183229072
82134,19903.893968779666
108432,17261.331090377673
79361,10916.025485545542
79283,18841.79185106809
108270,11138.959416329802
100333,-1758.6516290831423
89059,6510.795974222914
96852,3426.143322417047
89651,22080.616791764158
82856,2104.990499715088
103072,18591.125843624337
108315,17793.917705727334
95664,19760.262940342785
87882,25661.945958738972
81682,26741.11432559362
102981,-398.4915817027286
104776,9107.824010439974
97621,21430.52049325251
100451,12030.119594055475
94393,33564.96433657927
87416,16197.607405696108
105999,8232.180646174413
91075,8166.793036921852
104390,17117.432787942293
78471,42745.27730785146
91077,16109.28002651014
81733,17030.865954181063
81475,25893.359610647327
89546,15264.856640580707
81968,18887.070695820585
82201,23491.68881770184
100703,19682.34635281298
108173,8512.987486453261
99283,-2312.847952723954
88618,9803.157707183796
77172,17769.520325354388
105813,13428.6742841932
85410,8944.011929397122
77665,15864.841880227497
106427,13362.867674649839
100684,8715.671466555636
77682,101291.33903316666
106196,-1488.8303231808823
88627,18046.99141887235
108029,15065.633841510047
80142,24098.827052026652
101534,13554.145294060683
106737,21015.35565381305
84776,7526.041683651507
100686,8911.017454371846
100393,17218.254213223932
95593,25325.625500786045
106482,27056.26839462336
82594,17779.806032517954
95052,21610.372716081372
77581,27712.358122102916
105894,18415.807193964472
98981,18483.074531148406
103791,9145.246619970421
89035,23686.454396522953
78988,41673.501785405926
102284,2055.5411141206423
78961,21813.330763993843
100824,10838.009662257522
80563,19394.33297325179
106006,24366.691766535732
98874,2684.7319425046735
92004,29965.39466917784
76541,279.6251999745
76087,10906.5149100626
96383,9845.829784495581
89403,10380.93395905188
85502,9994.351406115602
78453,18758.175222673744
105672,10044.73294778369
94086,26235.205506635437
103223,10307.598431330858
106894,4212.544367863273
104079,16604.04500655124
76659,48804.512620796726
78970,12263.905582134787
94467,6368.580735616604
106317,14704.239234765206
90990,25029.780536901075
85168,16029.219661379262
85329,19697.536447488703
90573,19474.512121664156
87552,3890.5313610342855
106650,12604.192608840676
97658,11008.83638209608
103443,9910.876930118946
108293,10833.366582101444
106230,15894.483714673406
90762,578.6165740665965
90385,13635.398483473109
92892,26021.566870434996
87166,11350.202559930985
88217,17118.584940638102
107357,13523.981206786542
104588,15289.408765031578
106711,24725.555650481823
82117,26717.76955301428
76811,24144.61645755211
96629,14310.5697026813
82497,13475.521947987087
105204,9091.101436036028
92020,24126.05494902139
103534,9849.991823455042
87801,13959.203925641254
76388,23057.696813696588
101512,4915.276843890693
88523,13974.182931721269
82847,21405.114878185384
96295,23773.243580231254
104555,15310.780143011827
82459,7505.10426538912
88896,12198.60920948934
98912,21436.092938666363
87904,13221.276374564302
97899,9106.503287436237
84404,11768.542536064953
83628,39348.99369146323
98240,6547.484728594398
77405,46727.72800718178
95241,20328.990251386902
86588,13852.098580529797
100568,6324.984574498434
103330,10600.036701014033
88168,37174.217091047845
99695,6621.095497974573
105415,27266.683423458948
108291,11345.966540214038
82483,20201.26866965898
76215,13404.522779307008
95883,11614.220322065288
93944,19286.51783683611
80545,16017.869624765299
87133,13752.07959141754
107929,15691.323248301778
103594,8654.952389972575
98090,-4543.3794277728375
85950,6731.81536680524
97817,22172.603829846077
80349,13044.636105153011
92065,25214.03325749896
81419,24044.28933572487
103547,16123.470987058026
82647,16458.12252166093
103287,6339.659108630556
92620,23748.380620521086
97818,13264.22810065138
94762,19792.882005911117
86986,14133.190789731598
80244,15601.340837888347
81808,28568.363911975175
101955,14892.809216116817
100277,9328.746483676601
97433,10673.401441741356
101701,11475.092692070582
88891,18118.372480981314
97998,7259.4116895159095
84676,5319.5280725169
85102,12111.770162617991
95997,25398.290092547148
108269,19486.470536395238
101745,10251.039453379868
94167,24086.94122496601
100965,895.674418466806
96695,7891.209245869395
84077,11764.489786075079
95666,29942.170471995647
93525,28962.129792826614
86442,11096.657577955222
98856,21804.114155337607
102762,12335.08906489535
91868,22873.66283098812
85895,10117.489299218825
83837,11878.646953479212
97933,26376.505589531735
77159,34153.74182179115
86267,13473.203130599315
102669,-151.27122627658537
99058,27110.78929536919
83648,18240.643332255422
90586,15156.022017865238
96303,12395.94433801173
91599,26625.806225283857
104830,13040.360081576946
103867,14302.85859164552
103352,5923.642366020562
85911,15836.391198814948
86215,6679.990177762593
100026,10287.272333310335
87347,10846.820728960622
95363,18617.069485996617
105922,25876.305500202725
100582,9562.626564386024
90707,12731.906292169733
89442,12725.87045596412
107455,14218.430718382093
79441,33632.92375972953
99119,15845.928079524252
84855,10524.04858273713
95694,24908.040156519797
98802,22714.806637359332
93759,23463.82522097914
100855,424.9943877392652
93601,28364.904894509848
103425,10575.584323784831
79810,29921.610207766367
106082,11934.12140822396
96555,10858.262666620984
76273,16695.4606377203
81265,16010.091800211769
76722,20824.5300046342
87080,10092.264890368824
85477,15057.801690142805
100688,10004.962588780705
101612,7004.736846496191
107135,9294.81127604931
82754,6996.140726577782
77167,18510.03318992615
95627,29665.865019962905
77685,22663.464759296185
81835,19789.588402751673
108459,14813.696751347015
99976,19402.331803943787
77873,18561.57169086057
91574,21482.12283961018
98487,14209.997323912321
101067,1142.999332801206
86888,15966.683721874899
79051,14548.280393325273
105704,15394.89762350457
93009,20619.966995228562
79182,25076.376047404396
77226,19798.857882643642
83439,10291.483974446746
106093,19283.211829765147
85243,16404.923855709654
77181,18036.03308420346
85451,15873.640653199356
76412,48946.99715943093
87990,18217.02671574644
82077,24495.24784936993
86289,18553.737027931755
81566,21465.647293769478
82864,11246.33088340878
99130,9487.726596518449
96176,14244.391258346528
102269,9923.659479099559
91841,22662.174030879833
76041,23004.04868802108
104840,16041.713644968579
106253,20996.359443189576
98245,24364.93500258449
77039,21413.68400185657
100730,9152.053036105935
87739,2364.227701634576
107559,14517.597207142593
103282,15159.427961719965
76646,26637.413389884343
80252,13631.704855502569
103895,7738.259990538078
92491,24420.361098365072
89765,15613.088682730318
106652,18637.15637911264
88005,7550.681105922791
99470,11449.963012596389
77069,18743.55189461229
77955,22242.6054363015
90809,4638.218481063814
91610,23849.35122958191
102774,11855.109896430673
78231,7970.71104779141
101171,7465.185320678502
94420,9937.126284148137
91378,26223.784679854478
82771,11287.039787333837
99918,-4414.111527746711
103574,15606.384147739634
86799,13931.352961249737
94318,21386.467857531956
76950,28677.667360866515
101720,7962.082066493953
106698,23083.916121655173
103488,15010.24504735542
99153,17415.02564292398
104945,21493.80616425314
82708,17132.775021680645
80674,18776.82131854813
84122,10903.974731620547
100375,-4630.3855713062585
89456,18070.37139504042
82974,13234.933645628043
104716,25491.527703190397
88124,15238.908918873625
101244,9545.312551109266
82069,19979.47965546971
98606,16074.2180532192
94412,27115.811350465723
106030,22877.403385900223
89877,7060.603662168491
83349,16398.21358630866
84253,10503.117293758216
79774,20862.48533087042
87259,9392.076035455975
81587,9118.595934857382
94407,20951.069181693645
105889,14993.537659807946
90829,15260.05965336709
90286,9802.23450447101
90162,15365.780314898642
86022,14154.571610191837
108101,22620.865774604026
76814,16728.543705196586
106162,28614.365646561215
106605,17592.046494956725
99590,13614.436117205318
102676,12908.366344862705
107658,14466.297844411398
82396,13800.782151393389
108051,27504.081294263146
92955,24720.248072842704
83520,9289.804348679463
80338,16861.832631486584
89312,7055.256896521634
80751,28893.398124301137
90622,6066.18285778616
79431,22351.741595846877
82870,12051.339665358682
106446,22544.256725689746
96223,8448.979771873128
100491,2587.897206797119
90125,30097.28608588771
107869,17736.324260594833
78278,26961.344489318348
104244,13843.480787393608
93810,25956.258258902933
90911,25306.750399811775
81869,29831.421209033448
100472,18392.951426753527
101927,14203.40886819872
99713,17544.67544130693
108184,14190.031655522063
99764,6767.940394148638
101286,19245.070945811778
106534,7415.809189844644
77461,10575.807767626276
108272,11644.90534924384
106010,23660.897131283986
89193,13604.410327191086
87761,9260.337226725678
88154,13519.302123266942
97789,13011.922416729445
98271,5988.3722838740505
84160,17035.774011344256
80752,12051.047245852125
106107,13205.176143898978
87260,11898.920393398876
76549,5807.856910837116
106619,9073.84471045954
93849,34386.73586829765
96045,21114.911484488664
98306,10169.106364212232
91896,27345.372941106805
94048,23769.71320768929
104918,10173.234576743504
97720,5440.441098600655
97482,12474.339192618645
94156,22728.227283849672
96469,11435.946521467646
96918,19773.35163539216
97241,5221.954428383979
78150,13247.673317421955
77808,30588.525980260863
103265,8917.042802282813
99485,6687.843960110753
77860,12360.130681247174
83834,18623.257490282514
82565,4415.309909702366
104344,25829.211899726797
88984,7993.097426120687
92161,21870.75739913108
102199,18286.019117245334
103723,9550.104008889684
94677,22382.384153316918
104806,14385.38150261117
87148,15070.31682499891
78411,17948.297728547957
97856,13115.714381768805
80535,24009.45594338674
90156,12686.82038449726
82176,32892.03998739534
76790,13313.830371466815
91762,29657.258094153745
78650,34081.336284563295
82763,15976.674791837722
82678,10643.81588379608
100137,22857.33166937894
78365,25086.3701239395
88768,10421.329800059204
80346,27135.459178870107
106682,19417.922936179835
97171,22214.634544016415
81701,16962.458900916332
84073,12781.864837773639
79549,7003.479150695493
100269,6428.935857216973
78466,29376.307807360252
80489,6508.194061222195
100009,11634.442935823812
78769,14929.835628439469
96821,21127.355247176572
107253,6293.5169678023085
76045,12605.452721221707
85567,14725.629741662327
104651,10289.837907095818
94428,10104.476031423197
90549,16740.965633248503
100940,12862.44758683967
105608,19857.41924214136
105280,11810.784541342146
92200,16625.993485959072
91082,11382.597530852276
77298,25469.26131150016
99432,12166.142091157977
80426,7238.660035684035
100817,12051.523353563185
98552,15893.52731324923
102428,5143.073595595022
100978,11677.857638060348
96371,15734.410585334932
84334,9423.210868263355
90196,5201.26839685443
102540,11989.410291561217
96914,7439.365804901812
100895,9354.74791847929
105296,24645.78814250177
101888,2926.1540220059687
104077,5586.593959055317
94267,27606.691187270655
96803,23325.997057668035
88905,9832.409362102844
106132,8606.087228649878
104388,10962.02333825214
92704,22833.135697635516
86345,20951.991696215307
98326,51790.47988270967
98572,33082.17614735373
98754,27861.838337004257
77794,12026.727245781192
101082,8957.185304569954
98455,12901.087784494986
95796,18820.52070232459
98861,21952.96121470828
87570,1587.7212086861546
91904,21985.74265556292
84147,13877.017928292946
79470,25718.453391206436
100012,7841.244251139113
78698,20657.96544299957
84929,14618.174794407794
97808,16197.443048936824
85299,9907.331907955508
91297,44073.82194490089
100772,5561.794749638037
88500,8020.48925610166
86077,20631.737713194874
91891,20120.530851869684
81059,21297.934458605523
91023,27100.490678669987
94693,26728.97906764195
83779,13030.504147623695
102323,8442.976373104524
86078,11035.861757599341
85595,18230.951071260788
78582,29007.449178422656
82311,31347.489771748704
107228,22686.752506009245
90613,13958.191371308814
102643,9373.156212498434
87044,15770.89654068611
94680,23627.59789321643
86222,16435.094694544183
92844,23221.118337537613
107625,2876.394305054506
98155,6591.71582396733
95145,11389.341882840716
79545,21789.767313237695
86312,14420.472226946411
106466,13808.82143637733
102721,6322.803025273548
82720,3928.9565456683777
89908,15286.18352459179
86593,1756.6621805164614
86930,7599.658682894835
80460,15514.878706949996
85235,20161.090193724405
103331,13952.516082693823
96526,21674.375052043833
93359,19429.327392402367
104761,14551.765220437956
76684,29019.187757057938
76697,20789.35546384871
92488,23019.07179427697
107148,22500.455295621563
100685,5463.530295031145
79407,13147.123183516756
90983,17917.544448859597
80435,15163.652455694464
106658,22871.98471362797
76894,33764.584999511004
77367,17287.888317985926
80301,37412.13838873651
81032,26190.8019870797
107900,38420.65869356239
83046,13997.357186781795
102331,10492.59623468321
94376,14684.194923258852
83559,12271.86163441022
103509,14110.768739788953
76553,20870.292628231866
85897,11002.233028813105
91644,18795.96554634979
101598,18858.61293412572
89707,14502.982378750894
106964,14956.129376192795
86117,7642.960203459021
100179,14599.905948010157
98605,27961.008055553422
99719,6610.349935728489
96764,18690.588015109824
97262,9570.27226176209
79645,23836.26601162665
85785,13288.926734885521
103444,4266.270267455911
105639,14895.477632090595
106379,24376.369657832984
94283,15226.621500660927
80195,15685.689588067267
84709,17120.19283005086
106270,19732.90534529033
106321,26917.63921075649
102975,11189.341994264949
77231,30969.873177646135
82488,5201.96413242392
100406,14718.770463529218
79606,11193.044620555549
81036,16535.443583928805
95806,28612.072300831453
97217,16059.696150651827
93696,27845.25199504725
84438,7960.200351908046
108083,15078.11290218326
94109,27356.40319639606
81873,24776.47125009462
83535,9854.242094213318
108253,9539.978799942153
103572,6928.088525746862
97782,21661.71081141758
85759,15951.633032801765
101313,7434.553270348086
98905,15119.535712414538
96344,22066.48058135806
79144,19777.736948711972
93593,19536.05992133655
99886,10171.612602577778
96085,9028.460898117482
91717,25913.49975920681
100170,15037.630096006309
101760,14462.566511557205
104762,25458.891836749623
94364,17554.74877025711
81819,19986.06990616492
88720,11788.7444796997
76810,20801.773877251006
91505,25566.417705727275
91740,26955.33748890378
107115,28071.471950462466
79860,20823.886848480746
103392,9759.088931370818
107926,5850.189770700876
98206,14265.916175557155
91551,34785.470174988746
100331,14343.930758800576
76115,20005.40934218926
82255,16185.981552876125
104007,21260.597968249494
77667,6501.176293275712
97247,13803.368301851267
104182,37847.92938162651
84802,12127.732830879919
82517,6642.272750758246
79978,30538.86121510582
104400,29943.065416677317
98809,17182.317439902472
96889,18411.769244991534
106291,25372.18453524934
99347,9729.075689997786
101462,5682.252460782125
92841,29547.72286250323
78210,57258.21002913122
90440,19358.05726584242
84119,13059.51317241008
96872,11313.45424339117
99411,8481.895040981224
88399,14716.208553773351
93645,18444.329216855258
106472,12083.693280133011
93223,22660.623015758887
100761,12433.90805147629
84396,10543.194769743248
81694,23075.288102347607
91499,45853.55300388999
86428,1611.3199081618222
95718,20985.820658817654
102532,7734.486714273546
101976,8836.579607586056
101696,10962.175890075392
98887,5447.905350959918
88660,15905.66396878782
88640,1871.2688321257883
84379,16368.56864738281
84581,16290.193029963586
102278,11044.00157457788
87590,11224.079438713874
105244,22626.620341514878
85140,20850.81755886748
100212,5804.930204543489
82463,6174.491869281366
89649,11405.021232443338
105119,21152.925219722238
101138,12115.812536797632
97613,5628.152900379326
106323,12227.582094182493
102910,7512.652709165966
106664,18953.61325271515
78285,19891.329659012743
90102,14286.637802546902
96386,3673.455006719101
90800,8900.0314476692
98566,20320.404479058052
101815,14408.96841993637
101798,14478.348707419791
97728,16293.26494320258
99174,14587.20739224559
94250,20859.515351282927
88827,12421.730836226008
105493,8684.805175592715
77991,26737.34179306595
106003,11007.859708152042
102938,14684.361179043859
80815,19882.721809379436
102775,14641.302085101226
106108,9136.10685480226
86213,13248.069985877257
97119,17866.649658771814
90341,16803.129923176006
81713,23172.857780886872
99887,6486.234589681262
80067,42173.76823252249
104710,23335.434969498412
99374,15572.095520976785
102685,12652.35471213561
88454,10792.685515045072
88121,17785.632102697535
104607,15532.488900638971
108321,18206.018483155203
100788,17114.02178456486
79504,22788.611021046716
108273,19171.677755125915
94291,24849.735421655
92974,22094.570139826537
98506,4851.111808212299
92238,23522.085017462625
101214,8428.284095081239
92872,24952.28276823758
92412,16489.790762876015
99487,30857.5774067311
95246,27697.2924957277
83843,10045.185043665173
77705,20228.759554840843
82903,14722.33671111938
99335,8517.153486172945
83112,13417.412753134879
82946,10435.090027825354
105777,16942.89461894508
87013,12193.063048317475
96752,10263.521451498818
106136,20648.480060342757
79867,27925.946753783486
84377,11512.750028260605
100807,14314.62963493279
77327,31311.5220715545
90531,11603.3586082713
80907,11348.395068861602
84019,19201.33400128907
90542,17466.25668144558
77431,11441.079644019832
100648,14416.968993553106
86836,11452.218407329667
85657,9529.219731374178
104881,21376.857715591323
87108,1406.1039767317998
103909,16716.765271725977
101363,14203.789795566438
83894,9525.973608425527
87239,16849.36312380065
99880,6038.655973843182
101105,9105.283431547083
103682,13534.538479263487
84580,19586.543902362057
103278,2823.1874923640426
81972,9664.44595846461
96088,6505.8598079633375
89815,9960.527439984755
83189,14123.942473698145
93790,29680.286874647194
86893,4454.435340765689
85632,3073.646033223704
84891,8092.231290688302
81765,24326.490351479966
104808,10699.941533820034
78274,21674.68331153685
104323,14366.791600961966
104215,25794.318138893388
83258,15650.130267039407
85415,10196.325912029686
76352,17803.367177915177
105843,25594.774349308223
79923,8827.495257438364
86788,21601.304158898914
106140,10994.615193279722
107298,15538.760028143151
80097,57473.08284077226
84584,10722.850821582455
97123,12694.644867154391
82024,40611.95187538893
80482,31043.67197642765
85092,14662.250031030067
107615,3262.645394146006
83158,19597.822043847438
98377,11255.448446482784
101038,11195.420432283514
86398,10847.770484276756
93257,22735.847580654765
76372,23520.523945385998
91976,27791.30703246499
89914,30033.4085133428
102249,6947.170193617843
92223,20592.481941709077
96162,8170.205878857145
78476,33629.27014699268
84032,21228.331659108706
87790,9100.661505301905
99047,7566.688817063754
85743,15419.184317506704
100359,7419.064118799521
105381,22256.524418070607
87011,12754.900610042168
106016,23881.150758054748
104246,17292.210934120958
98535,1334.3975361275661
101636,7236.456293529074
86057,18358.6452807725
103082,8274.02317905832
98076,4425.812429921629
83514,8007.675850855769
103770,7427.158139930136
81344,19136.347673082986
95622,28962.36285559107
103797,187.7128247648143
93056,25134.796235820482
78395,21350.841347022884
89628,9632.872088822653
103060,-187.24075685108983
76440,20578.857595881564
91172,26226.64888905789
92399,27147.67088700873
93498,25070.66186616906
88211,3392.0176085905696
101974,4630.996384412865
92110,16506.745731063595
108282,11601.59229671635
91046,21416.674704340956
87325,15583.396673653828
91442,21908.349898604705
105058,10370.802534598799
83755,8847.431403115857
84596,12278.062436756009
86642,7844.167842327064
104884,31948.960634685398
99464,14055.44725533019
76380,17580.847775672126
84398,11495.346963913413
86695,12464.870257402188
84967,17774.553960375968
91413,34857.51179894319
104536,25902.00441201871
103653,12538.655450431965
82660,6995.1330189575965
96278,15999.976628359713
104281,9633.150225880061
96493,13264.017216583277
84816,18407.717100455615
96248,6801.795387601684
84910,16058.438344971524
76150,35149.98198911121
84168,10316.485626441427
91284,21191.2472030786
95359,18575.963992803358
99809,19635.257461759815
97478,12575.211848500301
90354,5510.060482447996
76268,23272.114889919976
99017,2440.472136986704
92966,19904.77965397366
98031,6729.659532952966
102949,14770.615999625152
96793,11847.833907240245
88706,6971.629188814317
100609,11277.962449844985
89116,9529.332448046101
85861,5447.777774399918
81217,24929.770006841238
93134,22011.345581686488
93383,22418.08716864478
108417,7546.332022900868
84549,13497.581341832483
97741,18713.694570486667
82038,22300.391085481155
104696,14879.038509989943
102985,7841.437927126244
76015,27963.055565990042
89233,3732.1954442121496
107693,8347.231737615191
79543,18165.38575626725
88941,14942.78250560147
107133,19628.793454144296
84262,8285.73117802979
80022,17816.376644261356
92947,7921.2533492053335
106355,25374.16224839726
84561,3347.627946174238
98987,19470.54556414303
106383,20134.06596574094
81784,12218.874861627322
100364,13810.106227100885
107310,37474.70476428492
95690,28345.027150507914
76393,27979.92327299554
99698,10994.448738995226
92142,27303.93797000694
83931,18693.057095038006
89216,7960.176308307229
78447,12855.84004202843
88380,16118.03116949668
106609,10354.122002063406
87906,16287.650426036853
107946,12351.450761285407
98084,15973.83428909049
86920,13752.6266829433
96738,13993.628638304217
90639,14139.158711655793
85170,25899.05435766754
78613,23142.909370759735
105247,15626.450407499273
90641,11145.500003874826
103803,10036.116650130047
101871,7349.029679621279
84737,12207.67142232295
88357,15735.352169661754
76060,25905.40601730543
96081,7754.587822747824
95771,20191.269495989633
90465,9939.785648109013
105795,3336.085114744332
99716,7069.762886717785
86627,7419.075887343759
76452,32331.933224279783
106972,21658.829630835768
85032,13083.121673350572
92339,25185.899314698574
92906,32659.99244256453
107476,28730.171150267342
98693,5316.331383405952
100745,14848.889637256652
93962,26899.05506661658
87071,22786.31578720732
78456,15075.80250013934
98616,6836.316040724079
89502,12395.113253158663
84812,16518.333692461863
99278,9096.450347389793
106760,28804.72476060965
93843,20939.543700054972
89686,13795.802471097646
89459,13936.671734074567
86882,21031.178378993616
89055,14150.13312474647
103280,10375.774447128264
82388,14531.978634339102
84322,21113.77479540647
99763,9797.579462527676
89240,7062.453650967713
89369,5198.571408294447
97845,12087.387811138411
98505,23751.311979716193
83594,11378.357299316238
76879,22276.891443054745
107542,9807.486614326946
80047,20200.05280777646
103396,11368.882456532301
91511,24691.954349576074
103680,8336.373742538097
90952,27444.02288744127
80329,26001.965236037402
95213,16585.63449907367
93454,20566.28777670044
98790,15522.283770984606
90991,47215.83794062266
103576,17004.622859893818
95054,19023.265529457436
91254,38839.228386346076
78354,26078.792550976897
82354,2802.8435586238775
88849,10796.51674249128
89577,860.2743152712646
92417,20764.69735225827
87390,22690.24799150793
90610,14942.546394465753
76083,29939.82317314892
81716,16492.819653969127
91781,27769.956242038636
90138,21261.79901182014
82651,8076.304047198311
97872,9483.661094958516
84809,17221.082854578053
107232,14616.45762901404
82070,16284.253276697142
98299,25987.109251484362
108152,6439.960022541316
81894,14459.619471061611
92170,24838.370624768373
76815,18838.851384332782
85318,16043.206196791027
101609,15218.22934107206
85681,13128.467786474765
90628,2100.3840546303254
81278,11318.081094651483
85022,11452.853531266766
106237,10154.50680233739
99060,15691.50715508053
97068,22381.996028303067
81590,23425.625854536833
87125,6722.468101923543
86034,3937.773989352223
92154,17553.36436446388
94085,18065.1027609679
84555,20043.194270757143
96138,19781.139629343612
87289,15724.172190203535
96099,18894.918927709776
92408,19788.352057101205
79885,25970.06403625192
77403,23120.469044007405
78502,36383.90080644205
101012,14387.851605503965
87470,12254.701376576413
85394,16267.81613441321
90467,15683.349453162402
101768,13631.21879500043
82421,11562.348776193248
85707,16895.63442746291
90630,19434.68077999413
83619,11528.838981418667
102793,8837.206893604947
78299,20100.506143901104
108074,9535.065982628963
80894,44260.87937887439
107622,12479.117219862586
89930,12811.534774139349
105194,20540.520658749345
87228,11177.685216618207
87821,22160.028092815424
79921,17265.47219318687
85109,16621.843852925434
104039,3330.1235545844247
103523,21965.743343489652
84724,11912.511473873354
101351,13767.465098169894
76444,27780.727742831776
108202,1563.415613233752
92774,37333.36530355032
97279,16847.54097513674
94079,15064.50151481721
101938,2793.4754685970256
105071,21807.138020101323
91761,35946.69099436054
79296,25524.16534324721
100769,13547.564011962764
88597,12021.502299377753
85935,12728.10626167123
100302,14785.000085805805
89081,21351.05454380902
86282,5435.339386911073
107202,7691.922527842253
101999,7389.435933215558
77135,20839.488691921375
99417,9092.380961189789
90406,21320.64293511385
94752,18406.204690572587
83342,14338.52238788754
98973,18558.027370313794
79768,31973.576550264566
77192,9985.611016970448
80500,10865.265674137976
76835,33655.181482627595
86983,12055.446251045301
97069,25772.054602305332
97193,9398.161289180076
105073,15651.989778211486
108405,5158.958422787633
90739,17009.102791889512
100079,19063.00019531467
97513,17967.500554063052
108004,27467.30300859826
100330,10598.830550519458
88508,18581.08523329081
81325,27335.014367019496
105920,17915.04277491753
81530,10064.061341064255
86776,11253.616440688886
80384,11937.044718659017
105020,18816.53986455014
104228,13581.077230848445
103926,3867.2483383483777
92044,27700.827530973707
107049,8097.588375246793
107408,20710.940527660074
97280,16454.68166909789
84121,23459.46567702468
107517,16911.527292999977
81847,11729.03106570615
93671,20222.02113224614
81276,22178.17913693127
105034,22590.096290861256
82559,16028.137552797198
97468,25382.593198815317
101227,10246.15031862355
84614,14840.580565089767
76259,21864.01743164772
81329,36838.996011366005
91999,26697.509362913086
83557,13392.976049272693
82819,8571.32648871177
83735,10888.815705678338
103607,3730.383591085003
93256,29708.531152228257
89255,14285.585416385264
102147,9830.35484821703
86853,13333.842561464437
76266,16514.189286330788
85025,18227.60853617327
79566,23873.53595151636
95663,23608.51356951536
96600,7887.127296256222
99798,6203.437929932552
96922,16616.272381371935
76888,32170.3893436699
78701,26652.87111870099
108246,8686.093385680317
102309,11583.363273135095
89158,14736.47781832525
95309,21677.326739366676
90997,39482.519793182335
88930,15429.599223661324
86235,18527.053794539228
86159,9044.07848373623
101049,16252.60199812321
81773,27847.39992609476
81389,26395.95988349449
88802,11024.936784313963
85702,9354.261552711105
98780,31554.926231256337
84786,16675.075184582092
85683,11486.016035612905
77857,18982.46907491579
88429,16309.047988860373
102069,12340.869125657919
104862,14459.753032980123
108204,22870.839193109627
105476,10277.360794295499
91778,25397.02280797655
100851,12551.189969528481
82960,13438.762701844651
84799,17066.8959171022
86912,11967.810089824168
101533,325.4184456173534
90657,10050.21895148576
88912,12414.912738804793
86715,15799.81670742613
87508,16888.975258218445
87984,8158.573536537515
94852,7384.382463952876
94905,21870.452014752416
76632,23368.5908669543
84100,5825.76792206151
95802,14801.557758866125
93740,34635.6227286646
98565,11321.47147774513
104153,10928.282794391183
82480,3670.7444584920304
100660,14534.551921036444
76089,28658.52752556598
104329,2142.3451274245017
76434,21513.523723972045
84061,15704.344804688473
92097,17351.79022243856
96236,11837.797162452189
78908,10982.525362899061
104602,13577.279080384149
102750,16347.155174421496
103394,16753.459082185276
88113,8831.790915644378
95654,26294.450831948838
86372,13342.37269986255
103110,14460.58521400213
88378,17250.090535762487
97704,6861.711170016439
90821,17815.00882681932
84901,23833.67842561452
93956,19354.805918844926
96320,25119.84680539042
81148,26471.661558109743
96461,21311.169312942715
84615,11046.165912125114
108104,24503.57175239935
78039,18887.549122790006
91425,28749.27833350809
77044,14012.52423407833
83049,17294.11853364602
99803,29518.467142824302
77693,21147.622578703318
95508,27571.140975811388
101593,11024.144121826044
101499,3200.276456335123
88319,18890.803596790254
107344,29349.963513324445
88590,10216.844177545165
102740,7001.282868273236
85931,13222.23963750439
77210,21530.594292854512
104732,15733.358716545947
101802,9364.852439107664
106071,10580.662917838112
107867,8751.598831678537
103449,-600.9049147315454
79433,25014.595925932983
94897,43523.91347862735
79851,18272.362306913812
103779,6790.236214162869
84206,8481.679976488304
101707,11746.925343220937
90924,15209.820844285263
92910,27710.404463139887
95774,35269.493313433995
78551,32075.822888204842
97038,13315.109376711684
107852,12219.508603711554
87639,6914.436795547954
89958,21553.61451504432
77096,14814.807355154771
80491,23344.640239558998
97835,12895.374694216589
88697,8618.569690532036
78196,48201.227994643225
100662,10785.041712372506
93739,13100.555476918336
101433,9438.501526831533
79620,12607.010029200668
98914,6322.410727032548
86750,13181.485907650465
99223,10093.24060751844
100046,1822.3363976200344
77452,25704.82494646813
104703,15301.784861241002
98198,9516.27961620051
104049,18837.68139714806
102264,12642.295524962363
104967,17200.155976863898
82009,33109.70710420686
79345,15904.204469380085
76063,30063.189188487566
92506,22521.711116991108
105509,5919.845641271444
87958,12339.088926892262
104150,19702.54015096574
76395,20822.639698516403
92933,22874.856474745553
105564,11902.51006519339
101877,18227.892544532573
97863,8034.401221941487
98886,22249.897685448
108166,27199.361906963764
84870,18404.766157537757
105095,18295.038760133422
91461,20217.007968419974
89581,7962.5316011164105
79917,11504.94316474488
86396,11060.48462859902
77190,23630.84891047173
81287,10993.624215296964
103138,12624.993018752633
87123,9689.34348094507
103793,9622.285670601152
93077,22973.92897320095
107545,29389.45385892334
99055,9585.395409461431
101183,7739.326227494326
100713,9523.62422914381
94948,26634.397378549562
104333,3535.4886232137214
99987,7232.288598562562
85251,12184.805864017195
78966,13801.320028102637
106038,15495.684140079844
80139,22974.664738381296
86167,10953.488284410312
99261,13398.311466240484
92352,14256.998866712733
106505,16270.580957605067
100845,13582.782827382296
99620,13048.535866280916
99159,19447.037882620178
106476,21595.50042514043
98980,24836.48348306866
93289,21603.82180804113
108209,13292.548744682455
83126,11844.47253718527
100563,6464.625402271369
105255,8877.136855274905
94179,22040.59665733062
90552,7959.984232465766
91267,13337.39129490775
96812,12603.135485893552
88257,19390.408259729476
88718,12527.474511681357
83854,17081.172200473142
94902,20305.024510449846
92523,16430.30842428145
89821,12863.194979340726
95400,34843.33403265315
84369,10584.077725054143
104199,11916.543633514986
82116,26541.39046785234
100708,14171.310529180802
82790,15929.379357411002
81821,18428.60361098648
88277,13452.626358143752
81500,32507.12915119961
86835,17418.831767888507
79378,33626.1208068313
91295,22723.091070507027
91973,31216.42914585574
104856,17904.06604381578
77543,17947.74868090317
108162,7548.02039178682
91217,46845.09210105447
87896,18660.68315152178
98107,8990.650915066857
100169,14353.945767202735
90709,8771.549419811461
80086,27872.58641843441
81299,28392.92690753666
96112,21409.282690207125
103775,4512.641860486154
95669,33644.871863800145
78443,15478.059277033753
83136,14181.711176875571
103945,7173.46015169131
93010,28222.3187550016
91906,27448.558176032195
85113,12988.377071544703
79454,20313.74926964543
95079,22718.091352319854
77330,48337.05639646204
83798,12714.69385489638
90237,9377.857581962395
90782,8494.369783982926
93557,25591.042883738453
80716,21822.825467715607
103222,10894.936429490277
88529,6108.086606651341
79327,17125.97868739524
103525,4710.967513526382
77294,14310.089779721195
86934,3369.260443446721
83687,11472.692135826568
101179,7702.994883854088
86285,16417.663080693063
108225,27269.62515521502
79458,22811.21407598068
79962,24483.95473375183
77878,28261.424992373213
79980,28821.224536460766
78111,23263.096322686295
96878,19460.63578344528
91368,26359.779154969467
85298,5694.831044107239
85082,19176.36273451525
91369,21329.35330991127
96485,23423.780649909473
77644,14771.18672206669
87187,16218.837427240593
108438,17797.777182280377
83884,21890.963199163525
79694,17106.26610325709
83581,17451.377212732943
89661,19490.61297418477
91756,18473.44198213052
94344,9034.143007452745
104700,33136.761149759055
82382,31205.099437590266
107594,36022.65838964611
78751,23549.522134729472
80127,12444.65227287868
99586,13341.282046882261
79871,18666.464558462583
107372,17364.03910644888
108028,24106.63935919566
85904,13063.597208536274
102788,15587.396345656569
99942,12413.711055889871
107103,17091.09040660913
84087,10168.744252608449
97292,11812.089654825744
104542,16017.52540479548
94429,23858.97653955777
86335,15371.848722610623
82367,13336.860584770271
86457,14860.998360982194
107346,12702.074744558166
77766,51435.23264116446
94768,34551.76597602456
84426,17185.242232963472
104173,19989.60201830123
80165,27938.602087502542
80521,24744.164705556293
95028,27826.45088800536
77278,31665.888648547407
104940,20373.413279534565
76864,29695.516377847118
87845,8270.083572041302
86391,14537.489632182172
85488,2146.0617469155695
87274,19532.692061227965
102371,9575.28065369933
77811,17442.23538716043
80166,24114.812469516764
85693,7694.606212230894
86192,18861.46045502284
104128,20637.889593675063
76805,9857.06535548708
76360,16052.057353174969
100706,4954.095698903286
101318,14554.415044324007
99579,22433.197428214262
77331,24731.48043599422
107340,14191.938115185272
90662,25848.59016436222
83565,4062.786639040016
89664,21803.627473982517
78421,23058.514147248017
85006,10979.388219166285
93876,29821.725228324503
97786,17717.9381253256
96174,26825.987924124027
87729,11802.669673528639
83280,12319.11984460117
102207,14274.540228844839
100949,997.4330781941244
105703,16396.799072011054
100936,266.7697729775755
80419,26943.633121924868
85990,5495.699704086117
107505,23205.432253781735
81337,15964.2341631374
93683,32943.858976487405
94646,26630.595782677832
93987,21308.524485373186
80512,19075.16927023929
76113,17096.6734323649
106835,4655.734296756738
100428,15174.232585765567
105624,26831.582072078047
89652,10858.330769185355
95108,25090.5406160829
99206,11689.206011899863
76036,18748.502671547
86230,11061.09747343867
84454,19343.825227719237
79349,16520.548984112655
85609,10774.864548423415
77345,16580.29279667532
78726,46661.00590379897
94445,29296.103976428974
107695,3697.9400084275985
106991,17369.13823966366
79308,12048.381378229475
86486,8176.237051423348
80429,32960.11777677355
87107,17509.64322954908
80582,14515.331363599413
90386,11157.769830209887
98363,11893.798992446682
76705,21183.26578010735
104824,5771.831380304968
104154,803.284230891848
91270,21482.69572868581
83116,11070.34369577773
105710,2950.0952774141915
95042,18356.14185933779
88001,14003.454755774495
85212,10866.165210935927
91875,23724.675361355825
108248,8086.885343877861
106378,14199.553773620166
89950,21257.86094041975
108165,7440.144500291703
83958,15881.495002164724
101582,4712.379646861431
106377,14963.105034090637
104057,12592.683520257124
92245,27342.287651079707
91187,29085.088016255264
88022,16758.292931873613
92561,23442.322423246616
96757,2033.4304062755255
104597,28702.17666626723
101485,9482.75655199564
88381,8831.899365625082
103776,8685.58088369589
91215,29029.934475098984
103022,15093.501313371598
101933,12824.497345022566
93174,38418.19462851678
105945,7846.908847308892
78879,17774.255570813548
82065,7389.847271071398
99235,18327.241839752256
81250,23377.41535822727
98942,15080.507030493653
82966,5063.590877621435
81141,22919.785508569403
101325,15599.551060658327
82470,8725.562346420687
79063,28738.426828826952
95324,33391.55184515777
86407,4371.424537084065
94026,31382.622967784235
106390,12053.705891594465
105069,21684.097119980404
88045,15477.971846805769
85356,14361.686249292252
80298,23000.573239532852
78479,8941.943600803177
98197,18231.27701224263
76490,23616.723295731033
77678,28646.882000191385
87021,17323.150110151255
107215,22342.583644518047
81404,34265.43615584052
84641,14047.470291585836
96328,20880.5659774893
83845,16181.404904459923
102745,6668.371595991397
105081,10766.349936599232
92135,19948.305416828676
105888,23057.004654621778
103985,7284.232513897165
92091,20334.88676773131
88090,17702.354445119752
106712,10667.590988777622
83446,16251.118457393604
84263,10546.270377936133
87277,12593.712635636155
90625,7207.21396467337
79466,20860.31360869376
77287,7227.073011569111
91628,20116.457630402816
89171,21471.762817142153
78750,22134.226422593056
77085,26703.58145657662
80877,24971.665516420122
76526,25613.667664427063
81085,23993.001001190743
107918,12791.810410354461
89072,7737.157745843622
103832,10307.254428491986
90495,14310.225206823132
100430,9721.956759121444
94346,14357.855699181004
94350,21941.169802230026
85431,10124.217178514024
105851,22376.39879186079
106969,16579.326142028876
95370,19566.102018394755
94611,19846.660127337396
79129,9882.164899237017
76596,22089.952013513932
93211,21724.359294077134
102753,11879.635967924813
98370,16175.813820606403
90773,11468.187685707526
98298,10171.504163123172
98150,7979.200320702104
101220,14097.840762027423
80802,32345.67344906654
91398,21965.144859780165
86010,19115.907232444006
81267,37842.810318170756
79745,18251.848555525852
105864,15893.023243614312
99245,17466.369038839155
77308,17252.810616036542
85341,12849.855592992652
78845,13520.942410955613
78542,17684.24550690771
95408,29267.376736917882
99562,6500.614535738685
82748,16811.55266865989
79419,32320.551010726675
107846,15356.211721226631
90929,21488.903970076208
77964,21722.61957738214
95902,23764.51918147187
105576,12472.43159814304
94067,25288.112046139257
82322,14813.582200742749
94533,11902.87094747249
102326,11197.731142128832
97048,9230.283006347308
84908,11647.415170339867
81143,18842.814128340586
90090,10968.76761691316
93029,23391.16184677495
85943,15045.152917607076
95392,19748.25167230393
107057,14264.570392456386
89067,8245.749772671494
85202,21875.548907689838
81457,36101.9185010341
77074,13798.569960408815
94378,23740.802168011054
78921,15910.343636713806
80414,27118.224484213686
78653,16525.944510197674
87185,17667.854438876675
103928,9638.55167262259
77930,16730.31143966384
93057,26863.218088118825
81986,26931.667683171894
87505,2056.3408122269902
104258,7246.320459441136
100795,9084.228063951567
82702,18270.564128089143
98156,13559.993163041829
81155,23497.04755333661
82204,8786.58411567629
79859,10753.642240664718
79501,31285.509285926033
78998,16586.471582222555
93846,7740.773495089728
83490,15503.294236902613
81890,27202.816984205943
78672,20616.089215236236
79310,20972.658977695843
81889,28613.5150173422
84975,13082.28589895909
104001,20346.11800477437
90374,20940.652827279177
76586,46030.13705048691
80099,34318.75584404559
78984,26562.832518623007
76198,16602.973407503814
106595,19122.50287805492
78327,18950.258732253
88954,10061.672939727025
94710,45260.58835991475
82380,7092.179132925579
95780,35296.91851793729
80440,49069.13722443041
103715,11098.318709352985
94371,24004.52241641814
105793,19753.880368680955
104941,10299.061692307529
77499,14669.406131947326
79776,15961.480470223672
102456,-3316.4332376767998
87034,6134.408477117919
98570,18262.252529641657
86294,13129.513917145028
86579,15765.660326761514
78767,27084.094146261108
101407,8063.402764967192
90427,11917.484450292104
86604,12600.153004523192
104481,3938.692588694903
102055,8467.72300178188
76565,30000.26341286811
101769,5290.430783508156
86849,6055.773539199552
89128,11608.554731495664
77119,9792.068070186535
94623,26504.171517157854
94988,29173.477568342627
107071,15609.050133460085
106724,13201.549822111512
79938,24383.18118574393
98217,14687.97799219974
96660,19166.175575378526
82817,12654.24765603857
89810,10563.059892503778
108212,11748.883100116975
82851,20328.711552539666
106739,19256.344965797573
98224,20585.719605147213
79457,29685.83369262368
87381,11521.026117134053
89127,4538.0700254758995
79388,23834.16023190129
100705,5646.038613391749
106385,13512.365093285072
76142,26709.089892861695
79007,16610.09872429396
95972,37389.31450197067
100737,8552.465569759981
81958,25576.289708432363
100805,8814.519740383039
81226,11522.660318154754
94857,20965.788332753596
103193,9448.983692484791
80622,23467.093489624298
92116,20200.347462396923
108228,7671.2280118947965
84744,12033.98516189758
90654,18228.886164284093
90551,20984.639773966337
78428,27001.71939334969
80781,25194.488091811378
87118,37545.03786292489
90187,12833.231902506552
76110,11823.926391332556
81102,20443.95143370272
89957,12251.0545168112
103585,9474.6229978404
95786,24435.545337961506
90883,9725.337982815487
94705,45802.618746171516
98890,17747.923353297985
91766,34735.18967546386
95207,10158.083225938113
77002,16286.320610062874
98428,20605.449388775713
85456,16104.784179860028
102472,17980.958017170255
83021,10062.772992969927
94063,15009.389734669894
94665,25157.573904614794
81432,23504.90035710692
79825,28982.559930174146
95008,26067.15921306424
104634,26657.297691218366
89960,8441.15800906578
99162,10189.479950069246
99269,9361.404692579672
102221,10160.13319238594
88075,15261.109848536726
86981,8727.112660898187
97144,7645.461330893246
95073,24067.652997355704
107794,11216.500846351948
82837,8986.29114678307
76265,25572.69338040329
102416,16028.350210501536
106292,24811.334974365265
94162,24896.02607126224
85715,8464.577529139526
108484,25437.562291543232
103120,6762.099926189403
98178,6999.148745168757
92208,13550.085579672625
82800,13852.24492589006
86660,14054.004337674982
94811,20734.68997183739
95020,14852.52916838885
103339,2801.773285996198
76719,16630.910021371703
106391,8436.253164103662
95855,37767.10256489947
107989,16324.815509073684
82154,20536.691919550503
77767,17742.5924415684
102776,14730.904549636092
79642,35237.70438828421
77306,16221.731250243523
98007,14850.048786834697
105538,17873.060593183676
84076,16197.426224434326
77749,28086.85629900494
95734,22311.866900039255
80602,32304.249519439312
100988,7099.823872333465
83690,11736.149241602194
84882,14122.701439969387
101699,7305.85051509249
86025,15017.06073575915
104331,21593.8882209703
93789,18994.868055944753
100427,12630.566673587105
89980,2261.120797350217
92989,24990.649545472654
96820,8443.221234419092
76354,21921.448590701184
93143,47710.62847778226
95045,22149.15888075641
78135,12929.878286622785
85841,10093.290877455933
105453,16384.106355900818
86843,11745.07764114876
76450,48855.28777758613
94878,35090.11000417305
85792,15585.329354491318
92518,16510.28925268723
91382,23874.991862149895
91966,33526.52058531887
95486,26992.25303260381
108090,20850.520280135766
83588,-1191.339851520759
101240,10940.750660039383
79797,27078.49329481789
101978,15053.354810266057
77559,9981.749715511658
84171,8576.787274126938
84012,11435.442705958762
78716,22180.298957288338
100485,10377.143056098197
98908,9279.303834221413
93238,28273.37278532177
95809,22757.638420985604
107070,24386.964483023447
102546,7919.408310364583
104507,18840.803853146994
92943,22919.92353609577
90241,9915.080031931546
79542,22791.577114558255
82510,8768.139784179337
93255,15074.143610736603
96559,12983.398739877477
108483,19933.07973003504
82288,25738.801506729884
104480,12452.097469628934
92328,37751.797592838586
95793,28029.52566856907
105673,12795.086073608662
95841,18471.14171404035
98338,7543.522190152187
103579,4885.689968416991
76861,22675.594013815018
84414,4031.037879848591
102508,4480.028346178442
83622,11827.819117812323
98822,11598.08003765071
86291,7132.125603517372
84831,8208.588501466147
82626,11887.70928981353
105508,16640.584625386487
77130,28847.08333199864
94652,26196.897030617198
83243,9053.879144975144
80908,46314.974201164296
106139,13624.623426494712
91617,22991.637903839524
83524,16226.756697350123
94486,26569.389082358335
106044,9380.090966553951
87195,10624.386632072448
77450,22502.101349024582
99239,12458.344828738496
104813,21584.51535430632
108254,10724.2191320165
105150,14749.448304740363
88390,10110.310907987558
97902,20049.668936863935
101186,11788.286992381472
79116,25102.16946246753
77214,22949.34041234119
79298,8500.220534019507
91370,27286.888512170815
84827,12029.097583007198
107282,10534.548547330895
97678,8329.476720675593
93570,17943.29420129805
77654,16469.77082855138
77227,24729.672028968474
106789,17617.49943601554
78869,21716.63014444716
76531,16930.671195550152
83469,11504.179329177423
92278,24452.85252010524
105949,13452.05263669102
89026,19973.495691465563
102066,11255.163356338307
96352,18766.88725779469
77819,27579.555598438586
79655,25194.11188890779
84059,14664.975750772675
96541,10160.862833467254
89319,4619.762023306481
107795,9610.629140992736
96961,22109.920918805845
78158,22720.068145017765
77428,31891.91583902872
101125,11567.014645378338
95105,22040.90111595452
80306,3971.8320019834064
88903,10940.767109217355
80574,28586.99252005275
76321,27512.955353975703
88786,30480.518781952705
95682,21707.105367239186
103135,15634.27253241271
84241,13804.430395547213
77809,12509.381168573804
92926,35117.90873532923
105895,26970.03863715168
86247,3122.362203974699
103470,10766.028415488981
98865,24150.334277026443
107363,25008.830101396103
76516,20661.391000735282
96506,12827.786602839653
106306,12107.4332122177
89093,14173.486319220538
108123,11566.329782161309
83510,8693.694966929572
86792,18673.761925190163
99984,14526.70223848545
76508,22845.356038825237
86580,12677.58355118474
88428,12002.226094267957
103922,16943.5508093237
96703,26847.8535047622
107626,20245.024494655896
90100,7031.743825796613
101987,7602.951566980395
88615,12193.123432246095
100138,10549.915739079122
83743,6256.922936906165
82321,14865.191262448949
88594,-601.7983511140628
93842,37186.86245273448
89350,16480.939761598114
87643,15083.592919984134
105892,14373.147866378262
105711,12126.483453975117
95657,26433.750566886665
96330,17074.465291918692
96906,13129.865888573127
82247,20187.115462203816
97125,7856.950617991359
101306,13630.817284640449
96708,17204.385938429623
77250,17546.305245395342
95451,22367.532299412473
99405,13768.981320059815
94758,19906.285645396623
101101,9489.6850096134
77643,30084.79598493103
90209,14764.338805487583
90312,15138.004922934255
93955,23631.84054311132
76334,26859.928995584836
85190,14204.482683918934
97992,5024.762575943867
92748,47641.491710527
79843,23148.906215346797
88769,14314.728845237318
97453,16567.982447685397
82550,9127.685280663252
90775,13160.970880428882
88190,13332.07385575569
100712,16729.868719170947
77237,30089.108502697927
78997,25374.5544391257
105656,21155.277869978832
93368,24352.83438496801
93469,14958.62714436675
98426,8015.120377149666
96832,14392.490017331264
85322,14089.392492540239
97139,13344.780187102064
78678,19776.47769706219
97821,15155.850996357156
95410,15343.903288244983
107358,17553.507083506163
96750,409.70406082471163
102529,3383.559379499173
76433,20409.158213592484
101626,13602.481022724765
77790,19200.73679496246
82932,14102.10731674706
89517,5443.646892367047
82905,13535.19257107965
88552,10394.028854754943
103006,15475.283088482829
88811,16314.464052111434
101734,9000.339145730104
99230,18270.841637454345
106537,20412.239536865178
107114,18014.554021979857
98513,18393.595981841267
92795,27255.265418940457
98563,15420.021788685466
78599,13758.354349738875
78911,21016.69683041505
84652,13606.509505184571
91014,29682.966020086096
90901,17123.0729176031
82041,43468.33052672578
79218,28519.47351646374
107371,39762.44061790136
94767,22326.49332746344
91910,47499.92711500544
103462,5288.59715761384
77125,19193.533004531186
95567,35690.56894988418
95039,27780.406121331194
85065,552.0967907341474
78252,22144.819411404053
89580,16760.97358529878
96742,7320.569963075381
79876,38189.63019953013
94674,24023.872357488333
107822,13508.311245552788
92586,21904.879533402243
78107,20992.610226183286
91241,30520.814195629704
79077,23801.635997199308
86212,12939.539751091303
107527,16891.32590361804
88056,11377.196172029377
108480,18017.172144654032
77620,13062.024992427847
97188,20998.49863313252
94979,27286.598738457265
105541,19538.148906249393
105852,23508.34566185248
99182,17924.821482597457
91355,36194.131107599824
88516,11853.738001529884
76101,25093.22710451411
87097,4612.494195430307
96299,7840.550405570626
100944,11161.220391105948
83995,2402.2216845038347
100407,2519.6823160474305
88255,11671.182901865046
93935,23651.397193370314
95442,25361.403970392043
93571,22855.97885856415
78642,50482.338703326954
94545,26652.32763906791
97746,7259.076408133289
96419,25486.95655409858
102851,14946.518738162733
102356,10640.732493661053
94962,23296.69384102481
89175,13455.664449555072
104139,11294.602652212532
103395,12769.426918239566
97017,5550.251594668545
101358,7870.602906812739
107417,10705.122804231927
97977,11779.298266584461
86765,18537.62340432938
95743,19476.251078420362
97804,19497.968952323936
87010,6166.168625838545
86791,7553.907155650872
97486,14488.556594080786
81124,17244.711514584196
105391,22651.417335590464
90275,7384.237728608743
104855,1014.0221818309219
82804,15070.247325188335
94810,23673.54594355375
79517,34465.69390583059
101826,14854.873229864825
89848,20620.218713552167
90432,10270.46096027724
83070,11660.349141799757
78270,13342.025151442998
99275,13063.631257081724
92424,33432.79533810745
103334,13658.578185930062
79160,20617.574068756367
98830,28716.335349422516
87956,13126.885613554128
84523,20643.607958954206
78157,14101.036493613443
79460,24358.311733958675
81918,17119.474854661123
98433,20114.814455527303
104582,11175.095638678904
80046,34895.38213213014
82135,21364.567609830818
89685,13481.117712505613
100990,13771.99798255958
85624,16283.147781261476
88293,4548.751142471563
82215,11327.080503501638
91261,28167.052057252266
78018,11253.793325591774
78266,17059.725718328176
101074,7851.4380381812225
97075,20309.230461951258
81806,15142.134539867679
80743,25062.675707133676
95234,22908.120498460325
100410,18901.11214618903
106840,22768.064096411923
89637,4859.300585279183
85382,6167.291576810821
83832,15560.499103272814
108331,5103.974062503374
82026,12565.694287722232
108448,9617.469162954003
90028,15642.782899625818
107663,26430.116093686374
107477,13840.906677562947
93709,12024.5594417112
91327,36263.39707990209
98548,-3373.8220277303626
79064,15807.289579385964
100670,7462.895874538575
96494,11575.705606121803
89974,1799.8097430476482
96107,9697.513189678211
78151,21809.718982484585
79304,19347.10713690947
92842,37565.16880175077
87813,8975.726232471003
88762,18623.193947218562
90399,15187.709778086355
78756,23707.50559576103
94019,39790.70087299468
82073,15294.664614941386
91846,28353.589206896373
97414,27188.011723318108
92758,25388.100134263877
101342,11832.178361718878
105987,22604.63038788768
81349,17659.71184241696
103712,14862.019935037155
83627,13746.39194803813
95247,13703.128256408818
92833,21613.676512607533
104587,16639.319157499907
93265,24736.078184691098
90518,16298.112794222805
104256,13686.815534066714
80882,20203.340697902793
108148,13813.49453189438
81385,14180.359392343555
87860,8779.999537909316
107638,12325.419300563837
103947,16945.179125277733
91049,43760.52599504095
97916,3440.7878204239096
95433,18870.247168025046
95871,29559.611559641562
85779,9666.505490004463
103360,-1471.7340030951382
80203,27052.234114709383
88511,11224.578501877957
101672,11668.953188927495
82992,2578.4798312968924
103889,11367.141289632738
103630,8829.068682972982
103366,13523.151322491933
97200,7221.715447126597
104563,12347.222940765496
85824,11546.06828797789
91924,28825.734586872873
96499,14253.623203426207
99026,12484.44869198103
81965,24232.475365927763
91604,23960.655453842366
77552,30104.551542416768
93750,28554.296346960982
78941,32446.210778972672
102717,7799.114918525127
100534,12474.031122453947
99036,24512.062373319
101961,4830.2606828308635
76940,17599.26724129441
106310,15313.82360169402
81520,29857.00806719929
91800,2838.9366030228994
95707,18364.33605451246
96395,10718.22188219949
90505,22100.364793588422
95284,19354.466386083077
98094,22315.297737217974
97884,9376.61988970419
98933,9493.426975409646
77664,36759.83976561492
93941,24846.003234625372
87812,18762.185746471456
81266,23989.36564178916
103825,11565.885412489763
99494,7263.436224750563
91256,15499.54474276959
91703,23208.62360749692
99971,4119.259438431094
76631,22426.87513554623
103612,-2965.1077091180196
98611,-1166.9242623251557
94591,25390.244618649085
80518,27327.501777463738
94000,28054.95076242782
85010,16741.65291526841
87369,6644.842996079009
86714,9016.902938008454
79985,12328.116656948114
88051,-389.7502758682822
97065,6572.449629862182
91307,20590.930057539124
98365,9679.00844957534
76522,44660.198916239606
96638,19549.37589084264
79703,13985.773257414126
83107,13442.799243952613
79104,19419.507464102062
93563,27760.545051969457
82599,8519.64347647241
83486,14260.728089220444
92895,20008.95205930648
108343,27162.18244508766
101774,8461.696839203738
82612,18987.109042793832
86861,5342.530370977154
101902,18582.38644165793
82973,10405.146191073698
89872,3855.0116852151696
105616,15896.549548773924
84876,13912.319168565242
105133,10932.75048152011
98877,20719.855655277745
98515,25411.801892680058
98327,8453.164288953238
106633,11050.007449597266
82505,18930.185195661586
105007,12012.846036283037
97269,8740.84367241495
78140,23574.272184330897
82318,16448.560946448793
92993,24721.75894564569
97743,11928.977576380246
87763,9587.98512853973
104942,12679.675321870542
92045,23734.10362783585
97767,25580.492249433635
108348,21528.127280883433
89665,21828.060584293795
96862,7242.7675685336
78597,16578.598247949034
107574,25744.288381024293
94460,19975.017264611393
86944,6864.023812514788
104505,27699.733806455886
94837,33876.7562218441
84576,7811.354342793638
82427,6049.086556275142
80054,16419.88697455509
103504,16079.255446263647
101400,16868.029187272783
95904,23638.870807864485
99877,9364.735343743232
87554,12919.191990864376
81180,20081.504333657285
101239,15564.859213383781
94258,31855.616992564057
82942,13660.692535247043
101204,6486.554328879545
98516,17992.8087101727
86925,7943.307529701749
104724,5084.570662707731
84627,12062.499141481298
90133,13507.896491634281
100320,17533.167144312523
88358,15269.024977397203
94280,17160.470537179484
95334,17762.722159663695
95899,24644.454417000103
87270,18882.887841089978
80723,20409.857332520565
80469,12021.277458844153
80280,25224.907308363487
79493,10460.471700852271
92221,15511.830875361586
88547,11911.895898381656
97994,7020.043680462666
100047,13944.089057842037
96172,7084.238088692684
88933,11791.828165002225
107059,16536.58521636171
104280,21788.84612822793
94714,22205.750936356213
88671,23245.06718340596
102414,13279.35545080679
78051,20890.05301749945
89512,10457.928601446009
98524,10262.76364459627
88047,10489.67669701256
84441,7830.721224258217
78156,25229.317154468095
78648,17580.066202564223
78364,14617.787433698046
86764,14776.96624981807
78495,25129.952675643683
94609,17671.161297583676
83449,11738.054885205813
102392,13893.00502124743
102455,17029.205685022374
83713,16657.498364813422
97475,12205.43151891949
93371,16582.081458933724
94199,28669.870342574315
85023,9750.084952332109
95338,13635.056731302757
90965,39307.150019677516
77195,64376.6306910992
81875,7223.093812280902
104416,17985.57439507653
87203,15159.724994615695
91239,21771.321305974925
78127,18773.102947675012
98386,18833.72363983879
96497,10908.757883000973
83232,13999.701776545728
107692,28302.95914655534
100734,4847.909769319085
78271,28018.20864601637
100136,13068.383352480509
86004,21331.008033565624
77776,28214.533818705546
84950,8421.712835914019
84323,9076.949553494575
87033,17846.3769346677
94088,22742.45185894966
100594,15894.580849512728
103071,9693.943942911545
89791,5657.0374406263
97852,9145.372397905769
105601,11213.485775236652
82003,18000.57224443661
84872,16512.577235883567
82701,15315.134719251
92469,26606.40876320892
92873,23404.39709353118
82114,28027.287332665714
101316,10372.590633738379
85697,12824.073688981909
100885,9031.977920315258
95305,21061.497858293442
93741,8663.761145782773
76178,18362.527416268887
84999,19675.88941085551
104143,18888.718499297014
105483,6563.008165380292
86136,9020.529534150584
99292,20753.83688099358
95024,22304.877319447507
107831,9707.400906319352
95035,32372.69552327541
86842,18248.524129424914
79511,47894.70935503312
99852,7573.921266347388
92478,22974.08183261119
93704,23164.429241137666
101664,12393.352866444606
76931,36101.06669414733
81674,22427.44363860604
102597,10536.138532265904
100630,4078.0597549427766
76978,28245.745948519456
102490,8288.855644454685
100842,3432.6250739369134
102990,-589.2277499526099
105412,10544.679349024402
78744,25456.960192524566
76082,16015.976509202723
82773,15948.56596936738
107285,18320.593791049963
85211,13600.121137266338
101093,5257.8590040160925
96626,19073.491027464654
103089,1984.9709125916997
98149,-6764.2275223074175
89290,8625.651120737195
104295,9256.773163627382
106958,29270.581474139675
102661,11615.533157503756
84082,13003.053022353502
88521,24066.561676925194
78312,24711.743276629306
85481,10578.874185910186
88961,11691.571158126055
96432,27870.7205335326
77539,10355.140815712773
88374,15708.47961160008
102919,2544.5704182122136
94335,15813.102224777074
85305,8002.553496498673
96360,11828.897254353215
85471,8818.528017657925
104566,3612.478946794814
102100,19408.804492970623
80170,14764.754281155649
103347,15971.843835890468
87487,39739.57265536896
84090,15464.337768135243
100034,19404.609550694207
86825,16335.927565770908
80018,45167.12530911296
102611,16104.198748093506
102665,13258.932384058833
92920,20953.7870940554
89381,5586.383337611944
105151,16869.096570549096
84039,15910.175869233644
102217,7453.016644629126
102388,20592.86223346679
98820,22337.758617131258
100665,11579.943255485428
90384,29628.74665378788
92859,12234.693397658906
106356,9703.339329584967
104723,14719.251774254371
93244,33152.757798683626
77449,30001.20785134862
107911,12209.23521754182
81721,24543.867858370402
85237,8166.406441962288
87601,19735.82758661476
98578,13783.004514212167
80704,24501.080201717472
89078,3863.6451377849735
92042,7116.4401102869015
100450,11061.810435804218
95304,12611.961448399277
76023,20250.186142137623
90609,12954.49750477032
95170,25992.864165871273
96870,10140.275087775866
107247,26759.311729331166
100484,7814.2425866211415
77659,29654.204074469686
79832,25462.255431228055
91419,-2742.6166161678993
80371,20599.75536453104
83386,15391.831587898574
103919,8983.996998612609
95201,16042.09445695112
84155,17974.27092780324
90743,9270.435617372626
104381,17996.350143861404
89097,7664.648941224848
102033,4267.547546764283
91725,23130.38389185458
92999,20574.640879260856
95835,21529.718332405682
102206,10882.910276232404
101763,8447.298052968777
81377,19585.241713914293
105683,13267.923110100499
91033,30779.610794601715
103314,8041.016887645121
105070,12423.038220764749
86950,8304.207379397965
79171,22637.76274515802
81227,17224.041512968164
80197,16456.917638657396
92037,27094.530176849148
84688,13296.636469614532
101952,7734.015536702354
88604,18580.82845212097
104058,22787.987049839518
106274,3134.205196681549
84985,12058.980526579733
99085,6768.024375621084
80801,16844.937389232655
80233,23239.43227096746
81000,33106.03866465975
89057,16432.708226723073
98382,12470.017651333706
106493,27002.95701484698
95057,27011.321029346655
84556,9329.60736348349
103037,19564.221775027894
92174,22997.126145166607
90920,16181.284700818287
93409,30102.751909876344
87113,22249.87901871762
104981,30642.94478216239
104556,10426.035101378424
92782,20442.713319197486
90546,7270.915653365431
105506,15016.071876722475
84787,12062.203286283504
100399,11129.179688848759
105911,9227.784766219469
101920,8114.934913138655
89224,12678.624597302667
106787,26777.703745852807
83083,78.82337446999009
102399,5897.0129665546265
77196,9092.361723102935
104889,5932.529733557254
79598,7397.698038924747
100540,8646.063513353234
107792,23087.159333035204
85758,14348.15957944341
79333,19076.646556704058
99351,13898.136215605424
86706,10801.509645886195
89547,18020.31113012944
88092,19025.174552284356
90348,5853.940485369589
96125,16829.13801140635
86921,17464.857759580133
76903,33731.924665137994
95539,12809.745161344355
89841,14724.290532736268
102771,10603.32236881755
87174,14128.24749115303
81975,43531.48584312409
95289,18943.05180906807
77318,29819.933557393844
76955,29385.330932566954
80996,45638.938117593716
87707,4184.237654677447
84519,6357.588214645424
96833,17468.504552520346
97584,9727.971541742765
104697,13966.19799045485
85510,7276.789103490504
79758,30626.458008779577
99502,2123.9764790541667
80725,23224.121254628626
104108,9284.11447219021
107802,20678.596456473053
84871,13247.276678573457
85817,8340.54764197761
95473,5004.037518264027
85629,16812.636306776025
99641,6814.103361125104
82356,15444.31391080629
96335,23899.030275173922
103623,10787.64955268435
84233,10483.319056331704
93708,15998.74317079407
97947,11943.932630517767
84368,19223.076743947197
92108,10042.955307025404
86099,15137.118990173389
95173,24070.60994828098
78389,26053.357509567155
106219,16728.420890000474
88823,15154.092674019746
95608,33636.51504058082
95876,28937.48257592984
86433,14261.95115676013
95515,22138.490585191787
97503,16774.34622851634
89163,14357.188293272891
106479,19306.325997179127
83722,20811.52757335556
80644,22940.945638100253
86002,21329.705403023123
86783,16549.817639439585
91928,26387.6469208076
102142,13196.324857141692
106024,24410.078877902124
76022,20477.744301164115
95221,16045.657660603
105051,21927.724617710788
99939,12719.138736350345
103202,5176.543922770652
104770,25229.6278751794
88396,10198.73374497483
93666,25826.494821900167
100763,9862.089534293598
96842,12753.100668631727
78807,25487.734699090317
85559,11247.975474962077
84384,21626.69796828722
95619,26985.91207520936
104008,23599.502872085664
98379,4536.654583886033
90476,10618.366277789086
88845,9636.079809767718
80296,7946.758737550903
88294,13782.337547601637
86733,9805.95600961076
101515,6581.003067337326
107440,12284.493717083285
81834,25271.759485227827
94764,23891.374883834345
94968,22427.682995356095
88218,17682.414711928985
87863,9694.703237849375
104019,8917.089764115837
103369,9772.497991939483
106979,2448.0513084672857
89717,6779.7375427566
94504,8474.166141485228
85722,10698.446420506967
85311,11365.105757630678
103162,8076.428495072338
79834,29339.843924965753
102283,6388.427683456044
102686,11132.812530890369
85834,11352.206917933334
83633,9402.648523224314
101178,3631.2023734743125
102859,22968.57090598077
97691,18180.231611731113
99575,8816.896613109275
81921,13792.899576621101
88114,12865.194075190142
100101,9617.490446123935
101736,16070.430699214456
92763,19775.628470633106
93514,29151.69373928242
86322,13329.254930887371
84924,15332.852767231452
85898,7770.760212398367
93419,25818.065938874992
88784,9147.2213648943
95012,37485.89330062071
81858,20806.393651771927
101610,12304.54896603254
99190,7827.329166236421
87530,9666.309273646359
86979,14411.19675875883
77670,4974.6194884498545
81123,12051.2137435771
81724,10172.259444372728
77870,11625.12617230328
84193,14597.259612744034
105928,16645.267854560487
97607,18817.54959562329
96063,31878.118130234434
77962,16299.716956888195
81560,27904.032347127097
100204,16180.135958409403
89185,15563.823888604413
91744,16945.65671722358
91470,28780.137871492334
78412,9295.159861328066
96222,16935.673727203917
95148,24935.57636300636
106039,12806.460125642217
79352,10019.50879280483
96602,7326.7620522657235
102798,10479.87987173404
107301,25382.948133920654
96147,16595.70637126443
87382,16126.429995499275
79907,22671.110910598014
102924,10541.892197879759
78012,26504.404897822023
78333,15392.971568960114
105989,20250.0932497584
90607,19008.54454063793
86110,13017.27455272249
81540,25236.955271774117
77937,21734.05623661283
84630,16795.232395246217
80988,43532.456713964246
92519,22222.5334003264
95795,9941.155469564488
86837,5149.319823074882
82642,15944.701299202177
86017,13359.204595872885
84772,16730.908801562953
103962,12067.176503790834
106264,11623.439308334782
84934,22997.10034260439
91598,29272.00992100002
104102,10850.701299591077
81261,7279.29759985258
78425,22778.557528751524
96508,12125.714918502315
98668,16914.307890230237
93948,28999.11118837398
82909,12367.281275794376
91514,23186.523143653452
100969,5347.923886247561
102102,2152.4627280176064
103465,11436.408315628214
95072,23284.464686566324
87535,28761.4342469541
107564,6092.701690068119
103297,4065.5791897640884
106528,10143.660093927785
83748,9976.650425512955
98195,7425.0923568258295
102113,16416.44989930262
94277,13100.685778288316
93160,24467.870180540107
92063,23378.249614036846
81037,13490.109578415664
92602,45497.60606909817
93096,24264.441537538747
97243,11043.55139481055
78019,16520.660130051256
107604,7564.989016333362
101438,17541.59110116915
86439,6565.307683614868
82300,22220.477364572303
105142,15829.739454527647
84429,5930.858754745801
98958,6833.104415292299
92197,23347.634555219134
82096,24884.58903587867
81536,28514.229441377494
101623,13237.495311609644
85596,10892.720042753848
90600,12070.99267682113
80089,45425.913629734
87224,10059.661850060307
87685,20360.55467175413
90958,27251.82719671089
81004,20146.571483135936
91667,21344.34251019024
77877,23771.51319960227
90956,25305.280848638096
87744,7872.03080449636
96817,10540.135426084511
97163,12240.994947096871
102517,13494.600828918294
83356,6078.278216331208
89415,9505.659999382595
100153,8351.122868196777
96024,21860.74865533151
92043,25289.61198070817
100495,8729.324891524026
79653,21031.666179334497
88149,13919.039476266888
98022,21303.7844666718
84983,22245.792717397155
98394,20484.72875371219
78062,17646.923622678674
83656,14939.346500765008
93963,45780.62566844419
81988,28766.60171244503
95992,26497.690394516743
82620,7642.842501090694
82149,19270.983946837136
106199,11277.011364640959
107884,27930.589332462012
106607,21010.869123419747
84212,1926.9898834716005
88234,15991.012003533004
96712,16231.640489217229
101058,16426.23240474958
81149,27418.238449332217
92670,20903.74761438374
101383,10494.24239359019
82563,13750.028579139122
100600,16382.47619655088
90826,19267.250036764483
102364,8509.46438503603
80759,29846.496211303733
79628,18640.11933425108
86113,18930.280226981733
96607,8969.102385158738
96462,19124.971382384625
88668,18161.54277254267
85575,19464.099400466745
97718,8988.412340432784
107322,31437.401429100195
79948,46241.48389552462
84361,19974.042803895558
77092,22563.681295912247
82359,22729.462645532112
87495,17343.028006735927
102966,15207.955265632656
104309,17263.621226608957
106312,24697.91744597137
85152,12556.761692043336
80835,12139.977213757084
99488,10168.919408609829
101023,13023.487953389122
82295,21411.582465061947
94330,23462.304742061344
96446,22347.7161231519
99608,15251.831740315873
108305,15462.671173284674
106512,18052.654162570456
104003,8761.55177181671
103550,14412.712485910452
86253,7419.634038199263
88355,12320.672182685637
101629,15227.662797128462
101460,2185.7240324779996
87820,11760.44835449243
83140,14706.924714920184
89804,10078.626516959688
101738,14098.49090352375
101121,12415.266290010186
81810,35322.14907203657
102106,3901.3130898578675
80437,7161.738324322214
101463,14340.58469797016
97919,7882.19354921137
107407,23372.521517136047
76258,26482.143368841673
100626,18416.16898171199
92755,25437.554747607763
102655,7070.205001230061
89223,19230.898860875735
95180,48972.88789343786
96372,7450.793667606864
84089,11373.179444880181
82203,32099.779769826622
98785,6888.135978621314
95930,21550.249013194916
92151,31088.00997738044
105149,17467.49459333872
104517,8321.816187585733
85727,12870.58578180155
104769,12305.962493181636
106796,27043.555090222217
79021,18403.432111189424
86121,11440.183651647589
103139,8859.737902842986
87918,7862.795302625804
80634,44080.25973009321
103033,6290.835243236215
80019,15322.527970021518
108035,17255.257197416795
77891,7352.676866629772
95749,25939.54584264262
86617,6269.246110387292
77709,11030.686510775035
77952,14361.574282868096
97083,13388.497568186634
78040,17377.66092253587
96041,25498.640897047357
101843,4216.904584445321
103016,10256.279880713962
86049,12160.333045538951
98228,6462.740707551624
90554,4739.6758112390235
103311,3614.1963906524907
80418,23015.369591157723
81866,42257.65439067753
101259,11624.16765563481
92909,26536.522533489886
79034,31612.31628963712
77129,12278.890870241798
99018,8986.254454781796
107391,14531.755070809493
108170,19283.21279398921
80664,24853.911762143965
94438,37058.099776762334
100436,10855.422211918805
107031,12718.16594490051
103954,12023.121338084427
78892,16009.388425957324
88505,14980.514287790633
103329,12057.664999359637
88345,15839.267794603715
105950,10924.141469869224
98331,4385.0349386808375
77666,22513.942780894577
95383,21966.526728849785
108535,16583.4368927552
78705,15004.55811073602
79597,13654.82232440848
97585,25628.34282770005
93832,19279.722263633143
97348,11587.444566856604
87291,16576.42133826553
96291,15401.607958735985
84851,11934.824146587547
105338,24632.579813166914
84514,9357.315067619027
105830,23542.784217567445
78819,12634.70002011006
79728,48842.568940220066
105993,22756.580337776744
104822,23951.847955562436
101141,7650.93554613358
82728,7287.9825820057595
83273,3585.9672152199782
107233,17042.278312308816
81943,45671.169025227035
105637,21970.388520648732
81203,14538.552945853895
95127,28308.25838875519
79994,30685.46205727321
96025,21673.032026408226
97390,29725.228860186966
107522,18971.131362087443
99674,4549.755675737135
83001,20133.418557441997
94573,19501.28222658079
91983,27516.99063409856
89935,15798.96546576728
83115,11274.508960378502
108439,18669.446825967927
82297,17168.898495945294
96542,13078.500865115173
78269,58862.41033748696
104124,11965.64298658073
90435,6438.077831499133
97520,19627.12559244556
85468,5657.6861535592325
83566,9954.833397179551
106890,25626.675276007212
98124,5935.704443203809
85866,12310.738398133137
104379,25352.449991505462
99616,8458.062297981916
77346,26933.920283263375
83668,6345.426719335257
94488,26988.462011640164
87494,9149.07916306294
84099,13095.648267382072
78345,16848.663918715945
95626,19935.994936181916
91044,23477.62239302443
91343,22860.281007319034
99823,9581.3471708188
97197,12004.396282422313
76399,24674.0653756416
95484,24305.28493058351
89728,22090.21626034552
93866,15742.251771127878
94053,27968.531449999122
103190,13327.458558414946
76312,19490.608990159846
79453,25015.791755946717
99956,16002.336304564189
96811,29636.526589011803
100537,14957.789660760449
98142,2325.1894689577457
106900,18327.950902160024
89474,8307.979764125717
76696,13652.899910922599
87479,15483.696853724192
84806,9173.447520221758
85385,24447.372082216694
93372,42200.873308041366
92860,24829.342301893877
105267,27901.36372223441
86951,8865.989077380946
79622,7924.587079805729
95103,22026.67526622
87138,10387.831979416136
91912,19438.867064165737
78932,17233.62552949699
106494,12079.924772217171
91645,22753.722488550295
76102,21302.58173372157
79636,24323.647166011855
99416,11606.753781531777
95715,43177.20601736233
81323,23465.601552723238
96273,11540.99679135051
95585,22970.13717383257
91885,24148.352894410433
80762,26767.29881965372
79167,6026.658537669224
87173,11101.182908126997
92719,27821.714239015506
87482,5881.266417380219
95215,25283.279697368722
104054,26379.44137728341
103066,10983.278608702196
102449,7788.153914064707
93985,23666.601992328637
99869,14072.556714948936
88347,12781.264264490019
77208,8737.918171336612
79376,12848.638816086343
98451,10672.188974229153
88983,16345.642741379823
106464,14637.309030638164
89146,16539.92372459604
105833,9126.071581167897
79242,23338.634557030076
107738,13857.035463532637
77626,13624.256261693954
77415,18144.87188682775
82458,9169.332838325266
80995,23733.45173183034
98434,10940.84550072637
106938,24306.88193939469
102349,9646.785051804676
85791,14927.361050648236
103622,9051.837076091324
108149,9771.670004186453
86450,20878.14150785393
107252,13031.620467423898
76034,11475.105781911712
82259,29269.243839384013
76581,30293.188832874992
95499,22079.62446727272
76648,46168.77871742622
75992,26740.552488094152
81407,20552.040375040873
105954,17591.18451620714
97001,10334.167644038796
96179,10011.189030484122
77616,20044.254019276792
108142,21215.169910370227
89107,6169.304360420618
108236,22442.295466945943
92520,19866.732669602367
93186,17843.57709520268
96171,12857.64141120216
78460,12226.859525974054
85417,14496.517849229524
100064,10881.79251822867
92393,22385.23371260405
83360,16280.782469163169
103935,12959.828163000158
106977,16422.88425056517
107965,16281.209865245968
91921,22623.827997116066
105002,11867.996523018403
93968,26204.781590655257
83088,6418.3111049979925
92707,22485.259042651494
89001,17184.252640826177
95856,28448.95979571926
88962,21434.652769882086
99828,14288.423806787643
87980,10789.3316102869
103861,14433.366652479774
90588,14821.097698954982
91508,26644.938887026437
86131,7911.960988459556
97249,7556.219217751379
88232,15931.26060106841
78451,24572.092722844405
79773,20838.439757204993
82873,7987.224847840931
104116,22805.26375132677
83673,21367.927178072307
77622,35269.61958040917
94936,20340.814990750543
93795,21445.27955879795
96084,6874.222685432644
105406,15772.247565125974
102280,11798.987553112034
83867,16676.97508834442
83621,17517.17493305019
98536,4817.063326102507
101889,17039.64880963677
84479,14302.903051701986
77956,17071.718898725376
99484,431.5476065427865
82140,11867.98347828645
79005,42737.464278085536
77513,25218.222802880162
92211,25354.744797142455
85245,14905.23686059707
92239,26716.599597627137
97205,1187.1575429357472
84822,9040.25199787924
104413,11897.494964290498
98704,23482.399124201183
76724,20791.036642093313
101457,9733.138688533523
85487,18725.30216095902
107392,8896.294299648085
90712,13742.447039015504
105823,6011.035920362396
100345,13968.723563130348
104219,16309.922527051938
90297,-509.92370268754894
77122,30169.29752537218
104805,24723.119011560135
94490,28360.77054416832
99948,11387.726852417865
103562,17064.057439214695
93378,14044.336691258286
92288,18246.48697457624
78059,7062.246988889121
96096,10376.9093625612
95732,16509.97903551669
87817,5492.089917052581
101084,13264.36229457485
90506,6784.327925763428
95676,20899.759430010687
90249,14700.323899976414
95932,36914.88550523798
103254,11754.791945965437
99286,5723.892257881351
84918,12327.275277583336
97397,6660.175463742096
88837,11194.180593050041
99212,24290.837698098316
86421,13717.977419425617
78337,30241.308076774585
76020,22362.100161649098
88038,11580.177806202439
91409,18905.492649117834
95205,7777.3497419639025
108031,906.8288629765157
105386,8840.301866894733
100613,13305.146834815561
95685,24748.231931235103
78731,15622.36831004871
87310,19184.701616204868
101113,10858.606777247653
89077,12714.143201000988
96672,20110.750246410724
86775,3492.140014715289
79262,25400.244036587
104469,12736.93465761462
98351,7443.309506436315
80728,22093.79160661444
97386,17794.60323059716
97417,22523.736421948197
93911,16174.934980204038
99842,4630.313477043732
97191,17015.9750448704
103152,5101.027405112807
100093,12597.365911722984
104319,15260.113181828376
78419,12852.438365433394
106929,8274.985123868362
107427,11966.382204445486
93578,22730.340995800478
103404,4017.8935868925473
77844,23862.42218374183
98068,13146.11604305185
95709,33667.26129121636
87946,15373.243807985593
76391,34119.26514046338
87096,13311.68633685942
77186,26418.032135134898
90698,11184.855045884906
93367,20741.85462910663
83133,11401.854634478601
97840,13438.372464631742
87605,14120.141570445208
78472,29343.98069014681
100925,2421.8759420972056
99596,21060.008643496738
86081,8002.4814287661575
105725,11355.535115057515
94362,18150.933566735053
88579,10643.02045995422
86705,12635.715922330943
80813,16009.329235308542
78885,9107.905818843661
95548,17252.23693714077
82342,20451.12737631412
77011,17015.938564822514
83904,10337.355565755512
105485,14382.205784024467
107922,14324.01635026079
90200,6046.136390870088
104534,14570.31753599993
88664,19271.967551797134
100499,3676.8941154520726
101035,18901.54465140587
90482,15593.364681126972
108068,7692.286925084685
81709,34407.24239850127
97618,11346.531987308408
101931,13965.120558778988
100284,8957.80503261507
101027,14124.593254499428
96674,12750.628660693037
84856,15227.637474623596
105326,25937.011603249746
102491,13573.671528741455
97616,18133.89832818939
100667,17065.125615513418
108197,11531.43113517019
94844,29019.872671781457
104934,15843.63217590256
94116,28220.795878894976
76214,23092.508775168608
90916,23987.618804905636
106013,13999.442146228132
103429,17869.148378952203
93335,18700.51777785686
99260,17365.94767742294
97043,14752.80822415094
77925,42624.20136559477
86716,15751.35645082884
82230,12051.018427662173
77567,46913.37666184279
108496,28049.05516753321
104871,24530.118041063877
77957,13007.190818909963
96401,11658.696008625237
88284,12289.973540784966
86845,5460.301792716811
101349,647.834360645058
77015,17768.9384698309
94471,20087.57050016198
108380,22187.174081109144
92533,27740.10313305576
77756,15044.77110339349
76035,21743.192224980652
75973,11101.795993375068
94675,9880.34159375244
79435,21387.78425374029
106542,24207.610054884237
96546,15989.779706967878
95946,20051.684952120355
93188,24836.648986724438
78117,17819.30269951574
102180,4574.180226538912
81825,19670.757695434557
90050,9719.706257170503
79638,22435.850153759064
87579,15519.056033713307
108103,18786.86650797454
76578,33033.62429536192
79112,19563.986495672885
95959,25933.411043493397
78244,23162.598731701568
77851,34876.286739585325
87052,19306.464806685835
88538,19223.98347460854
79011,25294.913533706713
96381,20539.347456265314
105358,16562.96200695113
92876,23192.95056963274
87699,2455.2098724876414
90203,18869.133160995203
77001,18711.533245407365
97974,9000.198063241405
89985,2986.6015820583852
97810,12796.92646482325
107459,9537.759116941947
104861,17516.991834431275
82516,8850.928638731682
83497,11952.579223746376
80194,39201.387048439516
85730,9925.573120019311
77914,25441.43278168577
88779,16099.52529308453
88366,8251.921018988272
104300,12921.238085310964
84300,14811.150539323658
79422,13573.318555557984
94910,27140.320741429183
108386,25950.580043363443
92708,2291.086276012473
90802,23748.92391696699
104397,24043.245869199614
98039,16334.749943208735
107887,22452.215557605043
105290,12357.631748605549
102575,18218.623417571842
105040,9227.658105600538
98430,6672.156330686208
80499,24676.944999767962
101694,12741.36551389916
76386,27386.179574947004
98181,14578.642105720442
85340,15951.73389877961
90766,17584.748175898247
93472,19683.17488906847
79927,34263.153569086615
80854,20899.0428128254
100180,13441.7380602966
84437,4243.390963892976
83358,3673.6171463919745
93108,22361.3194230527
104330,4068.4997336069937
103518,7612.584701674976
89006,15337.207524700614
101611,5348.162054389599
92226,29192.055018032945
84798,8750.636803815258
92840,9712.137465320688
106054,15828.163037145743
78261,30859.661946653316
76071,17088.610211377905
92246,22589.819448529626
92296,18668.461567118007
89469,12131.520436677674
98079,16571.31481985547
81294,12641.020799152524
96301,814.9669140345941
83888,11069.59091795543
87403,8105.249350703496
92192,34363.52402106949
107592,16330.189292946365
77496,17128.97999881406
97447,27954.122113482168
103131,13108.732738906372
104590,24695.765918161822
97597,9715.570132168505
82167,21947.835909947476
91027,27916.64589212458
78607,33776.6709542787
99587,9526.226486347616
93937,25670.17442107042
100307,11416.17267220607
107613,16274.477686956874
99773,17094.90193280767
90044,7751.6429009787535
85578,17802.465008544095
77103,13006.109406900301
91386,26395.674803137474
98955,14268.794274878106
95927,20665.093587168463
103188,1096.36145681997
77389,55791.86242674572
81822,10480.227869608876
90768,28299.59537149874
77594,14566.585081082041
107085,16353.899615589296
87692,12409.595541145187
77813,7854.815894692874
81414,15496.562608437845
102900,7870.00802920165
83150,17666.75561997408
92414,28771.622280318014
105321,8539.39766831891
92658,14130.063829987674
87160,12514.055911913194
107827,15103.016478317499
105790,20323.813257848145
87463,26200.870156542864
91532,35075.97384456037
77459,21501.936230757157
81593,9057.215758855382
103719,10592.154031606158
102291,9493.929256743082
77211,19500.29264983069
92956,22675.78140178026
86578,15101.80735278879
85882,15260.764665117691
82082,18910.203590733814
91811,27603.01169999424
82036,27435.955250003753
76773,18294.292597219726
99406,11375.584455693577
102289,12139.737830133585
94402,23133.84659964114
98621,6062.803868756077
96476,13590.687722972565
93410,15126.867149412836
84989,16400.56284980607
85123,16123.989592830301
88492,17059.30902548597
95128,25089.074181509437
93047,16476.950088781683
84587,14022.05492671438
94856,26344.79589698554
92247,21756.231521465146
101052,15265.140200275171
82940,2882.291475744627
97756,10552.123296283753
98444,24008.93580785363
77869,12364.590178707338
96694,16673.461166188587
107101,13629.607715902792
88276,10881.687076258851
84648,15655.920667014478
88011,12482.250245693256
97951,17067.675956210674
77288,20540.634716935427
104937,6350.997401138156
81621,10147.507743961512
82049,30673.56728318632
98553,12226.870201855432
105056,26209.2036250846
80914,16222.122436114281
82440,16548.987200078554
94927,25882.028900187564
84303,12379.199583357287
85533,10018.59716252258
97576,12126.232273274072
82216,22276.162678546127
84279,18714.405297134683
80976,17263.081508595395
106097,23287.162603160497
83074,12515.339901947824
87581,11908.937584233267
97210,15935.507532178322
90785,13291.705303852505
99434,12535.749302182841
89600,20828.45918123753
103809,13674.735175658978
92260,2743.067571586522
89667,13956.26005259686
99310,4136.6909506206575
90375,21702.697931797462
89468,12797.259222457316
94940,22812.8523746235
97747,2886.692904547497
97570,8436.429945391224
105994,24090.20761244555
93145,16918.312530227035
94100,20505.340804048697
103226,16523.19460172055
100167,15599.54852676479
98138,8751.709810008615
101043,3717.725881147053
82078,22831.457349109944
104748,11205.98738290387
103881,14767.280122054857
86774,21173.175167565118
89857,8619.386504591588
97150,13631.132607017935
107683,11174.526465970863
83708,21576.77666862849
78775,12848.559087536414
104200,22180.483380949605
107581,14098.906912768463
99756,4571.113830609887
90210,16507.121254486032
78027,29969.013202579838
97012,14392.766560316188
104010,9066.877209788523
100639,10828.559207384329
93792,14148.020134476828
85574,17472.327258819074
105066,10523.285216790915
97307,10955.972441917038
77243,32754.413193643108
100661,10808.248202402
80825,21305.616073032128
85856,11881.917525434284
85793,7345.678457979113
107091,19286.104933694354
85836,22746.774182577865
83887,10509.189937328047
84721,15234.415708047774
77636,5326.879975200078
76905,40317.15721271596
104895,12612.113881993937
86377,16060.59877410336
83076,15902.445194732936
90124,1165.8292522428092
105661,12304.32225158422
91631,10463.198244256026
79760,45534.86845288276
100714,6594.592896040645
99231,17000.03259281558
82805,17644.07498533647
80714,26979.706261633415
93820,24437.99394271776
85373,9443.357985949726
95562,28947.185886495645
91723,63399.91177209672
91501,24311.756038655658
91222,16058.875320378342
97984,27642.74927982068
95047,39356.781885900724
101181,2284.338872886874
88389,8189.88277736376
86999,24366.339173787623
85255,20547.432079714374
79093,18699.24341572571
82409,18859.502111957598
103128,13419.219308197979
107027,13771.793176249106
108081,14934.336476094206
85698,22157.966651806957
84249,23225.27349789499
101719,4664.357077938272
88643,10533.238962866875
80972,23467.90370040806
106047,17395.193873384036
86779,3555.028485222254
78587,29881.37868072471
90179,11360.47640077176
90972,11106.148649386989
78609,20630.728503034305
98324,8607.659484808828
76446,47356.41576421913
86829,17150.44865934862
87796,11622.092600169446
83650,16792.876873914953
81411,25240.653453356193
81963,27588.726342833383
96782,22296.36626000385
89718,9436.083700402582
95518,20302.098321552476
107293,10211.748474474996
99739,6516.280042278697
103956,14261.082128051727
85946,16706.559585356707
88532,19273.353021306582
85713,8331.083908850618
78184,23967.71648727813
100234,5591.532732975786
107715,12990.349299893627
106150,15649.211719302824
77266,15052.690336108994
91067,17739.896184337704
80869,24802.757223507564
81462,12300.628014324902
83382,7160.813800663978
92915,22036.973938251278
81139,19303.438737169723
96523,12505.020539424499
107090,30357.31011995372
108117,20093.25783100404
91742,2326.007460992405
98340,14713.814978417911
88371,15323.55341983895
101031,988.6085611092567
108430,30463.01911319481
77740,26170.143795422715
87861,12055.905549624353
84746,10101.149253097974
81252,27425.20016647657
81933,18510.84145748643
92153,22629.798816756185
95485,17820.59027302364
97686,12611.607270572655
107452,14807.177980404202
95477,25995.71731345034
95752,34589.88140891561
99499,2964.3310926480626
81223,15380.970381487685
83589,23931.223367857892
81497,22995.405419429764
95884,28867.74084124605
87806,8494.098529489755
92330,27197.82289130469
84558,13353.114693412179
82990,10650.320645347441
90851,4194.089513532352
96997,27142.232042591262
90278,12075.065368274372
82417,9633.108713816531
100247,8188.524721657843
82239,25400.900669223003
76975,24089.331706735335
102948,12518.388585570021
96929,12951.02208172076
107088,15523.087913139461
94670,15911.281210510308
89862,932.2356082812767
94506,17733.862711235008
97696,9931.958879262645
82696,22104.908440618223
103767,14294.460892684845
105307,11368.455961768195
106510,27720.94389905232
88316,15177.857177981758
94321,23375.556908913262
96595,18314.73631310684
83223,7488.7043687280675
85551,12309.967602382705
96007,11984.526802145585
90296,4788.47222024636
97407,12582.497230976674
93071,19818.07692227888
97275,8573.532097889343
86827,7299.256130901005
99759,7413.776201947796
106689,19950.926292780772
103062,6241.630642590346
99657,14107.913935704462
93428,21863.196372263163
88504,18004.725014898984
87359,10621.563341108675
81906,18432.289752016048
107446,9647.782535127073
78926,38343.067844164965
97871,6224.050354505045
94202,15642.418483240399
101216,12727.439933282876
89614,16604.438014288447
82929,2227.2978212021408
78710,15797.764848208113
104966,22952.119327857654
88410,14221.040645881032
94382,21903.203852685474
106319,38577.87488906647
91212,19995.789387802768
103584,10177.68024505183
107593,10254.037287196668
100069,12697.539897007984
97293,9551.973828514892
97085,739.2724246817525
78830,17096.184357700375
80409,13319.246828315721
81079,32153.00849891278
90437,8059.295202200941
104169,30019.649444927563
83432,14795.255311620858
86630,15181.496200830836
100678,3268.282882020256
92564,24645.146893950747
86007,10447.694173118856
84102,7526.784667325177
85324,21303.17869276885
92796,12915.094931800297
78277,26957.458726988174
91813,20508.39792696992
107896,21914.73664134706
80598,24946.75709713035
93630,23320.536652229566
98016,15747.92234855445
79518,45492.56880012622
104016,10239.017832646
90069,18975.7630819747
108485,8529.055352083582
105556,25649.728981518085
107276,18500.397649116538
86409,16492.22929230865
98131,14755.834342602175
95165,16814.652136350443
92954,21190.0805415895
108363,8059.200791207957
107775,15819.974353986327
98806,3220.291411172162
82105,16731.012539822652
95777,16312.315147051151
78794,22259.511602970175
77994,34615.023193356275
90061,4514.093916166545
98353,12597.26517764607
86777,14558.647967865414
107107,8081.692113991681
99207,10367.087597717298
92441,28538.20101380175
81253,22906.158591935135
82071,22499.305892139106
86304,10140.615972635205
78529,8234.5066326839
100606,8637.86225367694
108524,23187.94244289605
87772,20355.41653330371
83062,15180.818894663593
106197,20324.2172859275
105773,27764.817200821562
79317,29086.68788039949
103930,2162.4395955030923
77486,33783.192056929765
76154,21661.87071592147
89324,4337.985656244098
98354,14795.381757923446
108349,6167.580889699893
108146,8946.06704795739
77826,24323.277679956504
91078,20151.772489885756
78136,26977.44641541042
107463,24051.798317954323
100749,17148.295699438284
77223,60479.34449043906
92513,22180.27635612822
99409,8042.141981553956
94380,29610.756652989265
84791,11755.51038153826
86042,14406.854256681108
79939,27461.609472712124
83953,20996.885305974894
103754,13611.9790809634
86091,12842.329058908566
83114,10325.497518080418
80956,15201.660816599499
96276,4832.698352264706
89799,20021.275758148433
87919,10276.44756835929
84054,19439.156579111615
102856,6139.395814864925
105645,10690.23410232662
81207,22321.635828388506
79629,25327.12997666745
97211,19265.309140556026
86631,5127.104088114225
93438,28199.942970360076
96983,20275.468647995498
93914,26383.887052433216
98470,7404.020992218837
76650,11774.007803206623
96428,27458.57973864455
84958,18214.96806687652
81064,13637.467712111218
82469,15003.611909365412
102139,12560.779225568578
97800,8907.512766128755
98474,5455.752001304732
107944,11182.97989140387
97401,5193.9555660921615
108476,3643.6103528717067
103189,10320.866470123525
82987,9091.981963238795
80903,30925.28981240996
90854,12744.016922747032
95644,34926.33245249106
98728,10711.616052288999
94370,20679.096299743323
84537,13122.299328598194
89358,11960.371179615177
76221,13847.550669885968
84935,16303.15675919535
107676,11965.83808635606
103154,8896.64613725958
82600,17950.20234645385
104290,20819.850194825485
79972,20071.150967301655
89202,21790.389234239236
97253,10579.676532787096
97358,8634.1315809277
106932,12192.939131340449
101140,1934.5962123246863
100650,10548.519914750563
99817,19930.96197939293
80953,19658.28250076642
93851,20582.273494548586
89574,1784.8683877850708
91092,18241.293593647308
78214,27031.891799600635
80283,16742.699959195656
93158,22321.721356680602
78562,41923.35850999184
108498,15277.632090053448
100223,4947.0522439952765
76976,10159.504040845539
81119,25859.207481945385
97369,25337.793786113718
95721,22168.495060653688
82271,16867.350831507138
102837,11419.634650606225
94761,23707.655914150775
89200,15570.711908794503
102690,8841.951352776203
101274,11152.173905577743
107682,24388.092598062707
108276,16656.053654990013
99011,13756.490129296624
94484,13555.671679275983
106033,22286.432699933328
89123,13876.391829613189
88740,7038.398625109898
90951,26562.588776298682
103812,1834.0558478000166
100056,11313.922806507748
100691,12181.030550238385
88394,15494.501030311018
97620,2163.871366588428
107955,5585.26356626238
98144,20506.52054365621
106325,23724.05791290816
92867,35670.53079740099
85204,7546.737717400363
87062,20248.269104574953
81539,18820.054528538953
92009,24214.100977409093
108224,16332.597272336163
101686,14150.389576900736
98557,9205.719876827701
101594,11638.621372214518
100647,-6908.977100259966
102401,12112.71278001432
86093,11275.351961778128
85837,13218.704637784802
86260,16087.435131483013
79830,32940.258103202126
100041,14051.97454185388
92230,20535.43224332409
94661,22139.435089450955
79450,18355.2085208722
101374,5973.234419422632
76983,32841.70372439486
99673,19639.022212988086
81336,21980.146736442068
100376,13147.64559438551
92756,25654.476037779095
87725,13166.805802221555
84541,22427.39090869017
82284,49668.631994747426
89479,7814.272105898388
93259,39896.701099291924
105648,6488.762393150246
99099,10648.73551895452
104543,24497.204192532052
108474,27479.456030304515
76907,21363.489717947377
93652,32121.284997376162
100967,5156.923727378977
94331,17407.31343936785
106381,9379.87193422034
83170,11493.153661721706
102953,8351.72388643655
103590,14185.651182844013
77316,18183.249583849916
84682,21927.169389862276
84524,16194.836083202885
76747,20896.644308992138
99049,9494.768551059504
105881,10586.375050911825
90833,5759.323438722175
108079,16032.280650552246
107295,17238.83121456037
77121,17739.893226724555
78927,32993.401065651386
103048,12062.613070500549
86216,14202.137526958482
88448,16692.43696258968
86219,14765.18966744875
87181,7384.972360898973
98755,8060.554270211243
76443,14016.854063298728
101149,6014.49030423435
104315,22271.90570062674
108345,9846.51267797788
100156,9662.568914597621
107263,16452.278607344604
83935,6603.7664564856095
90584,10576.318559722742
105733,13998.168248299422
88332,12781.647644984594
81979,25049.98088568107
91864,35255.71156666508
106847,9261.6999953161
95136,19087.166842586157
96991,7427.848319697834
105905,12095.636583026731
102080,8124.737862654321
98072,7748.760121455678
103711,10065.837872551041
92213,18346.836551763772
106898,12319.513617723947
85333,16438.8533226164
84559,11932.751970708428
95428,26958.37742756885
101003,16862.260550893654
87773,4081.268635467335
100739,10577.555628003262
99885,15141.210079935758
106647,11216.062838709011
98019,8391.096115582302
92212,28498.72374158747
100786,11780.885769632354
85518,17809.634790845186
89849,11749.643199358601
76149,16729.482957775355
97490,8043.611777627797
87476,9584.425706612616
83248,20068.341052829725
99352,11137.14606861939
90736,11671.398078605416
77596,20776.06965058387
77209,7730.882435736101
82308,13915.039272269758
78207,20594.222774817565
104041,13595.90046694978
81125,17852.408229332126
81691,33267.286327841255
94459,8716.707086742419
79977,14882.61668927256
96530,18978.443131334672
78367,23217.22709837617
108100,33136.36940634211
104510,10565.82970533779
81891,23529.34316299569
97087,12723.24269289503
88161,9269.465104509436
101097,13640.682736598494
81742,26516.03764524695
78409,7660.584661734276
107496,20188.009544021304
99326,6425.673697017162
78535,10441.404061158624
106164,21390.34856131568
79719,23496.463221725367
90418,9137.989030900906
85844,11188.264435559337
86639,12797.69799901516
83745,12613.079199908709
77300,51574.11642394318
87702,10717.93477360942
82586,9895.654096745624
83769,12082.675845916398
81708,30637.37715018347
90224,12450.526635660819
100063,9577.354310862982
79249,11973.810379017144
78719,27255.73883065801
97287,9917.035362365044
84267,20422.082336576394
84056,8422.54749260968
101164,14223.479342397419
85826,15971.540345384798
93793,26272.621808772208
90945,23702.378740302272
98991,12207.358963612613
79647,16420.322740853502
96794,12540.591139347656
83984,14784.419253601838
96688,10883.192664090457
79838,20381.60704984718
105671,9001.81401835676
87438,15463.534180858813
85859,16805.95527024893
91639,19470.885213645903
81134,43469.743475806055
99992,16352.039133514001
91262,24354.546234162524
81417,29413.55058959154
90783,20642.609147173993
88898,16672.672493366204
76241,12864.354681486526
76491,17449.270676606393
83132,16053.414055642788
97757,14841.5296800551
91753,40705.502287764655
82333,34806.340858159165
88295,10367.570748940052
98314,11174.068800956768
86172,10758.517126739433
78331,24950.986973860985
81996,24911.30849352434
83315,2477.2856612507603
92376,17511.87911729142
103058,13284.668383792712
102215,12766.14989974894
104225,26895.38864458607
76910,16345.801456411296
88657,14251.735994650284
104943,19714.648190824606
86434,13383.880429332174
79432,17579.16467980703
103103,15249.97385814655
91456,33374.74898937842
89465,14119.0200462777
107774,11340.222366072077
80938,22642.3849723882
94883,18238.600151112914
94135,26211.00798465981
78747,18209.00170561341
76240,21204.824685301166
95820,33093.29884985162
79092,27549.268486415283
84393,9140.261550219555
94391,32837.950557844524
77183,20100.45405524409
105612,7335.723918884236
89046,10100.264986038237
90878,23357.429396680454
77058,16117.895764262023
84468,4346.716393323746
76713,24215.430022215573
85568,12121.41147383707
82191,19404.842457452367
84825,19521.645746432434
79009,46424.69363108519
93908,31300.855425370595
91135,25724.08287841933
94603,21188.76592145233
105887,26458.348669058032
103196,13470.893805350759
87544,9545.994472603372
99605,12428.853421123204
101660,14492.792803344084
100671,10793.115466541552
97839,27001.639387495816
77742,35124.53088822398
106144,7038.850710267172
79681,26477.20728018043
98764,8521.81934926394
98200,9946.643377978879
82652,10230.025405110035
83599,8757.455248591432
97776,14462.021135813353
83403,14361.27786292255
77472,39854.140418917596
79535,23380.337956597607
82632,14583.30626156673
98612,14835.555651405448
76103,24927.508638425978
94824,23841.65653650221
87424,22137.00056642582
79193,22388.842726090195
80853,17967.532836164304
87885,11259.832623204304
80891,25618.702803580905
77149,22137.282535750695
91012,15709.19728785893
99259,7995.602610872127
81555,24571.359476022844
93917,27461.84039481805
88089,18351.261354888586
100704,15990.293596613716
77798,29637.562485567614
87342,13251.199173151414
96013,11462.993584885568
93380,25449.522592762398
84040,13740.859270269342
88600,17289.486803197535
76133,17541.298035601387
94842,22723.281689433687
98184,4137.7832980141975
88767,17785.46199403997
98741,23193.085352848386
81739,11015.656704829511
91321,28678.76635312462
108030,24357.946763216998
77680,22442.98139506951
78189,26194.544835053035
82302,24543.193440347604
78968,20110.277306157383
101390,6449.43205479547
95491,20012.567312186744
101687,1942.2928708677937
76371,19484.422269834235
100151,13486.749823284801
92147,22422.383379430277
103385,20252.275925722424
86960,17499.05588681079
89563,22033.704428393452
98013,5033.734849267523
103747,-874.6923801020312
107681,14905.046880071503
82686,6952.314220630971
79913,14226.433592283414
96545,16849.68674111295
98278,13027.125259326946
88916,14651.342294823015
104733,13004.361242357409
103529,13331.011703553202
100642,17052.493156270386
97860,12406.297195183404
88870,15529.688072597666
97563,20844.346790053198
97081,12443.90331109005
89544,8886.051578659273
96332,12182.086097399151
97064,1766.992888741137
81916,31857.068982556215
82148,64888.00039267469
102447,-554.398659101651
103111,10902.842739486572
85058,13932.952674904736
76422,22085.147898467258
94546,19118.94489927069
96769,11137.964929548965
95364,14136.187029123568
101118,13898.470758048206
107644,20272.08374522254
104650,8097.380678132846
97300,10017.360845922492
104069,11714.688616970554
84700,14896.287405318086
97122,13094.103780455247
89878,19807.459849791936
82579,20107.263592138625
107967,7220.855245707935
82494,2550.731599208346
104872,12779.576616064107
76339,22643.636257376726
90676,6300.1892366982065
83780,16909.306350338535
94444,24475.405485312964
83532,95.00344095793116
103380,5445.4748222481285
90941,32185.822081055187
99845,18324.472368089046
98053,14549.855531436027
77863,41054.73519771478
81107,22882.60359159886
81176,27009.55013633911
93196,50014.993902614035
102895,1768.0693025786313
107093,20653.66126971398
106566,43216.1148729017
88893,10631.094894684647
81939,45014.615156750384
98833,9842.468191936583
102812,3326.00804324387
95766,21269.864707926667
83556,19653.909022156324
96725,8581.902404727589
104649,4162.5911386779335
98466,16623.80070865157
77661,25757.917316711275
99882,22089.585331947164
82646,10739.75464094695
94874,22850.994082757956
92800,17309.55271844621
80265,35003.51722712672
80587,31561.63156486093
92298,23711.974807362145
99023,26446.478259225492
88098,9951.809849130252
100928,15392.384032611531
106437,13063.969925531637
83122,10475.485852868092
86614,12733.418574681127
105454,16520.353103933157
89282,22731.909817073873
103136,12202.868737371435
104899,18043.826999082914
92041,29407.779101542954
80795,16098.709198790719
103043,14251.20891383788
90842,22222.790920513216
103070,7433.14362871334
91523,27107.23593175414
76427,25962.30503040024
86188,19394.890582976164
105618,33749.70829042548
82931,11035.913020922831
76137,12032.679260263656
88017,14209.687001519487
82713,12352.082858269452
76155,16028.98452480507
101057,8867.69132049242
94699,37763.860914913515
106794,20457.863196053848
97000,20334.05722720825
90986,22725.22752058311
92785,8832.372685574577
79156,14537.919625065464
107616,20847.611775660247
84264,-4205.712838345076
93932,20202.32894446225
102956,12822.534379005898
79715,24330.06795144998
82329,23909.04296099703
86636,12842.045866249071
94479,23965.798222538186
84998,10188.078794119618
83835,10558.728752111638
106823,9993.91930411756
80760,19792.842996920954
83060,17141.42946028331
85872,10512.356911854382
76227,17337.612728308595
103460,6598.550411010161
96989,14685.469364095305
107858,15284.568447825528
80447,10927.79387971414
108267,8475.417394272547
86584,15291.126366190801
96426,16558.18313426421
86696,10754.879538579422
88252,10871.106975996634
91515,46020.01795880293
98357,12628.993219977361
92439,25083.7637293015
92341,28101.868814722693
84739,13484.102924299223
76906,24117.768844200225
100027,10682.758241582895
102225,15448.358153670342
88476,15383.244506359784
81778,23562.09669513529
103266,17771.26559489043
87660,13661.681706098025
89634,5733.85527336011
93577,24808.056449437863
92450,21767.641576238442
99404,14422.65344481224
107936,12068.32743047239
86174,31.72044940030173
98273,12054.983546838455
99007,24292.988291437665
81615,18099.08656933988
91236,21452.383104493914
96984,17070.558383565047
92538,28098.69023717349
87039,1049.9838121620705
84235,14868.472630293312
77010,19220.619280164625
106727,2995.8242060908524
102933,9271.782417178241
80821,5149.386048217828
81969,16778.525997080753
93088,25606.550287220613
107004,14135.012228982843
79330,32323.634306687745
80388,20266.431718145643
97494,16851.698115144885
107144,21571.724467536813
93860,20949.968478393406
94845,17869.957718714024
79152,20157.98211487336
95032,28091.991857946807
108333,11756.100119960232
76925,24310.201026247465
93278,48144.349132792515
98608,7193.067876015761
87236,12824.47346704849
79320,33617.36971771554
83893,11548.128422486596
80973,18296.187632939836
97659,6393.064676349692
102063,6017.838052813342
96324,9596.779607241857
101184,12235.951953999669
97392,26209.002210685416
94094,19540.07487765528
95219,15989.013390585707
85048,19092.26106487376
94887,24332.32835254466
88002,17931.43295450254
99157,9926.160041890573
102746,11449.080251995561
89164,14833.410826726526
101079,18532.342886835817
94124,15420.149001345577
100161,13333.020442073059
84658,15745.680689317727
105603,17324.668095981586
90963,22757.56224832633
85012,16041.144763094431
108298,16177.0433311823
104080,212.73979237140884
91850,32298.40438667161
102713,1007.9805117978831
83295,11197.493647220836
107847,12642.134051873101
105847,13298.26587409657
87143,16828.983146701445
106090,17513.864338748463
88925,8407.999879386465
106297,20318.8610806097
96596,13441.14111205333
99233,5322.933340367192
103321,14997.770865534752
82479,13009.933565727144
102734,18186.962539135115
107461,27689.72628305461
103237,14068.314489173645
85581,18356.43837168056
99196,2108.2992239633168
79178,15448.008579468267
84339,15669.270940201299
92764,19621.174691923574
85498,17607.123957434684
100622,9830.697209777543
106518,31462.247173936747
82821,11998.369114542758
97628,20869.586319177848
90763,10159.587328686524
91567,26540.06581921132
107462,6334.803181222727
95833,21763.135001949006
102479,16605.57850418947
97555,12228.095296639483
80881,15542.456037719632
84016,16898.985927944872
94051,16503.923802064077
76277,21799.32528667341
88676,10139.143117519241
102566,9501.562195610808
88564,15149.188953731616
95048,22973.34330202025
82166,12237.043633230467
86227,26095.67684792973
83738,8476.781577293354
103684,12832.77708819267
79893,24649.53137941133
100634,8088.685813905497
96392,18127.612878581916
96311,17997.73071799625
85015,15559.544406521876
83050,19752.191074306582
81925,29636.955714555297
106187,12678.72279009319
83863,15069.843642517342
82048,27501.034054436765
100962,14379.093054754805
91587,18597.399136865817
104915,17816.28350488351
98779,15589.858162015327
96698,4832.949811195867
84701,10397.489154517389
92986,26123.696120723544
77112,25039.99031577501
90774,9401.152630641445
88520,8205.4695953021
88281,22077.92619483781
91388,31400.90704964308
76441,28488.119546618836
98643,13469.077843233841
97850,13735.026968442908
98344,-2345.6119032517818
99441,18160.165417371652
80230,24982.056526781817
106370,11294.781925619754
88901,10501.41471812551
76590,13082.102243888308
94998,19529.7164607023
77283,33339.13505921229
104065,25499.427688107447
107919,24167.80030480388
103743,1261.4572132748435
100503,3330.119625241641
81273,14858.081399443472
81878,9483.839706184692
79224,28392.558701894886
90254,8733.332670247037
82712,9132.381212626235
98113,11681.434552657447
104562,16801.305437897012
103014,7326.553615469587
107299,24635.921463495673
99799,3055.920532988268
87952,-5895.770753729361
101836,9824.487744521582
104896,25030.2827938385
107665,15260.161259465385
96182,25669.444716523154
84731,21941.101869864026
85565,16146.091410543479
83237,8230.558659317729
80785,23444.22213597245
81935,32818.18543748345
90932,34869.4484627614
99204,16674.932418967524
78802,31378.989448307242
105421,15125.718089792193
81831,12052.24042312277
100016,7948.008479709897
76262,30395.285861550918
85286,13010.376691305326
78629,13681.849571309867
79451,16659.6968042269
91132,40397.65524622798
88726,12429.908043035946
89928,3292.855004932382
84672,14940.922594866599
102127,7742.901673220709
78630,17732.78758489224
105874,12473.587098228032
81491,18659.596545796638
108085,19523.72031697801
99711,8106.684734176291
95713,26666.532601462954
79499,11614.292120142403
88373,5853.559618471205
106412,15289.939531538112
86000,9836.289098734065
77849,17109.683386956836
102224,16514.08139864137
90591,7246.902825082885
78511,14648.970764835132
83611,16267.55060379194
95316,9960.307927103247
85207,5316.272853857285
86755,14937.268826520332
91361,25700.863767254705
88107,5778.331214674865
99468,707.9223742165777
101776,10904.892181664793
97132,3649.9783437792503
106405,11999.739202715456
83804,13262.46443394784
104093,23201.676894957025
81897,26520.804265979852
97522,13855.213795272299
78569,30764.55100580168
96486,27691.13300830775
99636,5988.241614688246
80770,30488.578764538936
91534,26126.010267714926
80461,29061.408955010847
102345,5611.943168201105
95431,27837.842470717616
76350,4710.181900758995
76330,17659.991470781984
101604,9545.117189847573
99303,16275.337413645946
106266,16669.09945809361
84697,18956.715767204776
86296,9122.324780762661
90658,13801.338313710658
102954,11692.173213708156
106174,23314.387237362287
81510,24146.784717220435
89222,13963.569824951672
104391,12364.490659042203
76573,12986.158979949352
78060,17171.778771409416
85030,19899.1774554695
105478,22111.39510003217
83477,12373.532943833503
101134,13560.640794020088
103096,6959.662641611387
99391,12391.368001739116
94614,19534.22693252968
100110,5981.184567144592
81782,30502.717884010184
90292,8150.652022077571
86357,6503.101291501429
76157,10486.980836791743
80325,26203.78840232204
88991,14954.097146027314
83117,20172.17508964418
90513,15537.89316540402
82037,16395.821661464463
90066,13394.383844571246
92814,40258.37984347972
93991,34400.8162430924
100121,14451.709052388527
104495,10806.564597617456
105953,12249.030940587603
108089,10791.624596077861
84778,20916.20385777665
100753,15112.986050757085
107832,24896.722566512457
92190,16988.527951133976
82029,16495.942728060036
97914,10294.556991474761
105776,18686.93942957229
95402,16855.246634569892
99097,9701.690001074006
105043,7638.5534945555555
106998,3501.506802804128
99567,11585.968724201957
85421,5554.0699783869495
99161,13348.345621435481
89951,6794.858721979224
81358,23886.133399109996
100373,9158.575613113702
80291,46084.9669930954
88545,9700.501319487317
92994,22312.553364010993
90248,21985.894986641477
78625,18811.14828351712
81990,32942.803930983806
103075,12144.42353540173
98639,6099.125961466707
103368,13801.812425085052
95427,16260.516226952182
84503,3674.0222867127886
82446,8480.657884756452
97175,12288.017152868648
101777,14162.345334581507
76086,14350.825108251724
106347,14267.03750832472
76445,35118.94487173918
97649,11853.052601703763
99273,22882.215254415292
98864,13538.30969516882
98037,24904.04527716394
107264,23166.558829741436
100104,11186.298139688646
81842,16326.809928619245
81839,11831.820494848536
100608,15070.652477524694
106588,8839.72802398054
107466,29432.06428285157
86092,13475.640106136125
92204,26815.076837362634
107905,37070.874496151344
76821,19637.37520197517
81022,12721.4007885241
105727,27812.198635466557
80544,44364.54509776195
93388,18582.10363771442
93775,21128.24428728597
93733,25111.010476995027
108177,19749.232209444424
79746,26301.10363837538
89285,15090.157228774682
100243,11087.344721277943
107171,19953.756394490847
93444,16673.19361818349
107421,15776.92502231279
94071,25711.619801916095
92195,34393.692715349884
76108,16837.07286343421
100603,9942.514167186746
95800,10775.292618140345
90708,12703.24120005341
102701,9409.515909614536
97732,12386.546926426789
102574,9822.03556479435
92237,27609.48209115617
94192,32468.05869740875
88219,9127.242658126648
88910,14000.899387854646
100811,14610.482737253653
103288,6433.712610413873
100370,12963.100498010375
102544,16164.593625905603
107473,6596.37789001569
106926,12041.051100231867
92514,21000.747605994504
78557,14478.761753608764
99091,18735.436601714653
96487,11040.02284695582
86252,13476.097860941285
84763,6552.912435775244
82531,16212.656438565347
79012,19205.164038907023
97078,17524.203504453035
96824,5410.974694129371
79970,24498.071886150225
98057,17091.01902063463
105947,22671.92369592018
82539,16377.715777640842
105816,20774.92343030937
93800,21373.501099389352
87079,9616.377473582732
87453,11532.102255425852
92855,14896.944931732418
95805,20473.171279429254
76398,23744.419132660856
90724,15284.993459884368
102196,6720.0333135427645
97661,10816.273376953352
105475,13470.105757920886
81241,14531.637051830621
91106,21090.860010363802
89543,20546.871157797883
94403,21481.668228290102
80666,21448.443328542213
99769,10396.734277985728
102351,7794.659490411199
102941,13703.257801402622
82783,20075.22909182815
78504,25187.617445947806
94715,20867.13177743752
92180,24092.107413903374
103904,10310.954376797861
102921,9531.080057945743
99685,15715.526762152469
93048,19706.535295352296
82988,22409.468221953444
93279,32119.92894000777
80084,24035.022138949076
101966,14203.931949754435
94667,27305.76063210366
76298,13467.614485704064
87379,16871.286422728183
94212,16645.522362284624
81333,21060.14088312135
85998,15314.345661291358
90198,9520.15822691533
87823,11834.618527518396
103530,14201.24109947111
106243,8551.462984904763
81208,18354.27131685565
105153,5819.999178893471
104103,23604.827647482656
89555,21519.540450608125
106042,18239.29823634753
78170,33271.90358412033
107675,14079.492371405038
106705,15806.715947209406
89953,5801.732274998547
101934,13174.883179899509
104727,27531.630536828714
87327,14563.078946849448
103247,12026.671157442179
84673,11462.423728508555
107520,42884.95048687619
76626,19532.29363359834
98638,12003.552311031526
102060,13623.347846036195
83635,22162.34044328853
94566,34507.89263988593
79207,34711.956035112205
98700,18222.93513090801
86563,18047.172821758984
86891,18184.524197157705
85278,5278.90732428999
91817,27759.21204851741
99473,16535.68769764903
102489,1198.8126648854814
89191,14556.38405460515
101746,16191.796609676152
84538,12260.735158152907
78072,25403.447826698335
99832,14755.846870770707
103475,13073.937986403078
101016,16604.85699228439
100280,6670.001517407218
96067,6930.698973615799
104086,20662.012231707617
77248,20073.20528929442
104269,22722.231412273555
89495,7414.804803607636
81340,40378.390444656514
80277,18183.817043285846
76683,32018.34563692323
94847,15386.964060353814
99029,18450.029605232412
85874,14133.7585194649
78105,21523.62602565455
94978,22729.184829980994
101666,6983.567588054619
100757,8497.37387615125
86704,7938.647054399189
91205,31883.101812597408
95762,11496.114023539005
93641,23986.33614037787
87073,21703.49078000417
102433,10450.902620417022
104382,20029.434756922958
108060,7617.606098262317
107387,23441.380390068865
85027,13428.792372169759
86014,19319.46178353994
102602,9810.959518223623
107255,19412.009182766837
84269,12240.636589851143
85885,3749.5539090053353
92843,13926.27958576307
107862,16556.74230107726
98781,24566.12497621664
106119,20569.47658129511
101872,13959.202141948685
87865,10425.638526495663
84803,10439.020444979105
88438,11826.932688179819
80105,22147.298972589124
80595,24233.533594457884
76539,9739.257469407938
107236,8866.54878698595
84946,12335.908417768514
93772,25608.61285051248
87793,16447.398010117104
104843,9615.652575196116
92234,20897.500276582374
89467,12931.52597369111
100145,16748.859125432587
93382,43951.03992147492
101891,13208.551657547912
81354,23981.47600921677
99309,13425.28763146681
81431,17502.309952809563
102073,9248.385133245145
88468,17129.735862810252
101873,15270.4113008946
88120,13815.73437514389
105714,858.4645083434298
106015,8498.52119835763
86707,16009.75085791084
93107,21022.72968901215
89230,22008.762871743675
100875,9444.070946575812
82920,10567.561984144791
98114,5426.371117674309
87262,8497.039526955632
104436,12820.970736275049
85404,5314.985515798384
96189,15421.354141180505
93408,36542.191557545986
92789,47296.28784777972
77768,32673.443157457703
99414,19676.48970923909
82807,17837.470342305416
88996,14915.308962313356
90305,5003.594047381455
77030,17165.03072920849
86129,8388.854539256921
83660,13463.175935303443
78602,25184.632753138605
83672,5527.780720750277
105105,32192.078621447057
78704,34659.85255338515
80789,45093.28741643111
96633,15499.053077647404
86132,13384.405685522783
81619,43378.694970137585
104645,24318.184897576488
103853,5008.381327985044
96259,12012.150614422353
104677,19358.330089216586
76418,23073.83538407655
103593,6521.705394326622
84886,11110.572392592236
80773,10683.940051474841
94688,21686.91970353473
103823,7544.216584136098
98757,20341.96330010181
78516,10549.12577364454
80596,11314.88600092029
102855,12396.742369722779
95957,21402.308662052892
86440,10569.09942662943
95030,32846.35306354116
101874,7891.370292694657
84585,12431.292389943177
76257,12685.734080902374
76971,19548.73989616563
94070,26154.82304495803
106041,26448.330071798133
87346,14081.304609623738
80993,25942.712307237758
105309,20360.88921990781
92622,22262.780776840344
94582,32928.129344328234
83334,12430.768124995666
98922,5837.627370430986
77691,17840.956456839645
95469,15436.514315276043
90587,9367.550288012542
107411,10179.214785516408
97489,9374.316474941123
105719,19320.392416883842
89534,13511.329004117986
80741,32233.42459235982
105737,13066.81043097275
99043,19176.39942805191
80254,15681.686363536559
83172,14923.253866902582
101830,9784.183117063716
80506,11674.433003680373
105763,13150.4403636473
92507,24431.538948222485
101742,10515.159211496764
106547,28157.128248360634
98619,15672.152520081334
83503,12607.241149565933
80565,10192.848592339345
83013,14224.063415826124
85721,12094.576947553607
87556,12336.762418625061
84442,6668.478813242167
79634,12237.22485568613
97497,4771.95093538372
84325,11584.771626651811
81399,8974.380085174867
96361,12084.037328188977
101973,-5458.061623440844
78352,11451.185258800047
96564,13499.389270976564
94669,26247.203389418224
76655,38858.912028137725
76084,18185.974391677883
93215,20705.24690942737
105802,12041.974254254077
89981,5831.261767390766
84315,17604.28890575163
83297,17617.230105480237
93291,25849.60417604797
92128,25529.400125781554
101550,7706.441787514836
79384,10900.224269035389
103643,10535.515279046493
88482,6321.613255764998
79950,27233.785987000025
79519,32072.657147163874
80376,20432.979108365005
83366,16332.88777645101
92250,33812.959847974445
87368,12259.0269943382
77347,17138.220767380728
107935,5862.385886992735
95765,26333.140599641614
91877,27121.8529122045
97574,9650.015988980449
95192,15417.42612153344
80288,17887.682839446352
96795,9578.255560827849
80851,27502.907629162655
93753,26889.402117500154
99782,-1664.6145992616366
83153,22111.702230708906
78634,10798.534755737943
99463,13425.677294622117
81675,21133.567830559317
83093,14104.988718786713
82993,9329.14447183159
86972,15144.592407813383
100455,12429.373097550386
92692,17094.127218366513
79761,33824.247954164064
90624,13396.46026336719
93517,26038.87150380641
99893,6225.343279692272
85441,12863.11976782346
91552,24031.59066893866
81031,16130.182146730804
82232,4305.438947308634
80062,26133.57532527075
104764,17829.2592964746
83572,5093.824794302112
100100,13671.176627992187
96649,15014.693761063332
99860,-8343.658833129077
81915,23183.445957525706
96284,7612.8425325011485
89243,7036.223660005169
95051,18776.890516131796
101507,14047.068751141662
108257,26396.922843654436
90558,21208.59111002623
96913,16524.86606722398
76621,11337.46087282768
99801,16519.772647300793
95155,17313.846613059635
96739,15919.860176349306
90592,8749.399861504557
83307,12857.190143970773
101154,9410.713071538106
88229,11975.546741493017
106301,12924.604596746532
82193,23170.903857732614
101153,15797.448381438357
107721,17031.322681096644
104792,9484.762752517505
92322,28469.59122033193
99316,14849.30888287598
86404,12702.904510408815
79624,24351.1077714712
87122,12930.227482936287
96046,14811.2984432253
83384,9780.358339533006
79657,14858.559238942631
86605,12899.793755679479
91883,20433.884605233892
100473,11108.136707163256
96611,13976.117444470263
89102,1809.8180042742315
103838,13205.097670265095
78454,20120.310849572343
89761,10528.797415463108
106275,11473.922255340556
77831,32001.69598030379
82876,15103.218060536994
96899,9828.729914875526
99945,12206.89948003611
83505,16297.504074950499
96841,5718.46075583034
94189,23073.180903211658
85020,8461.068335168122
101456,14337.770047483908
94155,28819.267028157134
77575,19634.43595688176
97904,20459.153482973925
102523,3200.6158243065292
107541,20669.028803825873
87223,8984.390260042157
94975,9192.748547326497
104630,13904.309072741366
102538,5377.246631036891
90345,5524.477661133045
90170,8857.687079492054
79448,23803.40898627702
100139,10062.012274341803
97457,22739.596443832706
76291,43483.39645837809
83987,12567.56700050991
106283,38579.00430702003
101864,8350.918910044915
95757,20800.563724356718
107668,18390.26476900783
96696,11670.880367343954
83094,16523.989259681664
89521,8159.965581793047
98998,6825.298762787774
97028,7872.019081174658
95291,24067.17054361805
94443,25091.09727164246
102182,11488.91657026278
81794,18685.334826890205
105003,27268.848943930076
83041,12756.293871224043
107213,10959.431291857356
104467,10938.494436294408
93950,40330.14441494123
103790,5704.711582535354
89125,12337.120353104008
80748,24578.730367797194
84795,20432.21078078184
91105,25847.454121536823
86086,17597.34544175188
88522,14364.497782291568
84472,11779.753161674511
99289,18123.236792310767
88050,14745.188486675528
98087,6673.878722089794
95839,41597.17319527485
76057,24879.550179895945
89619,8683.63908063923
86471,12832.364270222373
97685,7297.422772858481
79824,30887.350905317842
91710,26303.466678330486
104474,27900.82978226678
104157,37601.7864970341
95117,35865.55542579573
96337,7408.847685893998
107562,13054.770579161675
107286,18048.513956772833
101251,9622.203584112925
97688,5124.887623273244
86405,5916.036097078206
97631,14528.589825558098
92981,31599.383481670142
79580,25199.374027780228
91562,17033.837387510895
87048,15844.839903229164
96103,29588.723273182113
101854,11948.311069400457
82126,21411.260305255346
105443,24546.359222413856
77293,36260.44916541134
108262,16755.37651147321
107157,14334.108541409296
99717,12581.710272960874
93208,23465.132113899323
81353,17979.861065361838
81790,17125.39093931974
82153,15552.370124616631
97223,12956.558385083583
82088,32369.002708762564
102996,12493.175619996182
100023,7824.529741960971
84333,17149.81828793508
102506,6372.228099929664
95753,29456.118795873495
77116,7373.052882096759
84459,6339.257121257062
91453,15849.822482851901
76524,47082.817794487055
83249,8469.52384997331
102313,4938.573631675943
90456,12663.907579259394
94635,28639.322324236142
101187,4946.61025956762
100776,14614.468464576421
84563,10342.323885754144
107706,16083.843281312613
78776,33174.829239110986
77019,26891.999337956193
76122,25594.044272006926
79042,18180.028304428386
101851,9156.930254002698
84657,9550.629315226906
76067,21040.54685531027
83598,2799.907716035086
96003,10094.96668416608
77817,20913.416896158888
76887,35294.69172848675
85766,7477.527697575366
105836,22674.71974027928
92443,41855.27366725034
98875,27392.49530594457
94808,23709.16881043084
99490,6989.604215097032
77469,16645.067624899908
105148,2073.039865576342
91649,17107.850228214607
107040,26485.9571352824
96074,23812.586036117733
100656,9216.077777336817
90366,17318.04420231894
93981,15956.146008223906
80858,15525.197830392048
90070,10119.765519763372
86606,11576.795983263757
104521,9471.877797264315
83071,13913.104660050449
101956,13316.33365998452
83846,8793.622098193271
100982,15438.701788216043
102610,9307.278089714819
97828,15462.877751325606
99450,4367.155176870583
87521,5638.706002705672
96065,25966.557121378908
88306,9627.905407382932
96325,13333.406064972136
95801,33885.94814370187
104248,20669.37104538156
98652,13075.081280826169
103877,13650.084178872086
107470,22763.158412731762
96801,14784.233845548762
99595,27669.643059396927
86094,18318.842308180407
80874,27826.295534390636
94606,12481.239665024666
96127,18473.52318038269
100687,9058.780891625793
81118,26525.955412894138
84405,11884.198825611224
83257,15862.31607136561
81541,21599.423622974733
77940,13478.39741031405
101270,14011.063296177905
85349,15503.157266617185
92315,13694.374871440086
108360,12406.189024237188
77607,28081.743459767662
95640,15118.294807327635
98143,10769.31730476857
102200,11310.6785149067
83375,20044.604492250437
102178,3603.7052505147585
97500,24986.71168415896
85782,11240.063871966791
96049,5942.366052187019
102744,15956.838048057718
102560,16166.549845879548
79010,19689.103464856482
85644,9963.443145184981
76595,16932.12487436054
82219,19336.941791270277
76899,22199.084015342363
85663,22161.026103816563
92737,20230.549698965682
106758,3122.2301419954165
94625,25355.77444666908
96472,26162.147336942828
104250,14709.544573648542
86303,21644.68467917836
107881,39119.77725290043
101517,7160.404755425654
89988,12681.219417604443
92689,26721.289769633193
99002,11992.733645100103
90734,12295.768317519687
91013,34532.878091945706
102056,14259.284407579835
106641,17197.513268940354
100391,5283.491410891453
77305,14393.073103603674
85197,25738.832298420035
81122,23336.81627510341
91088,27918.2514902915
107377,17568.451586230527
86495,9297.728808376589
78661,15552.882058053889
77687,13244.272925204525
98480,6416.14330292432
101537,871.5452190908836
78032,12927.554117461783
92374,15793.129305623079
82010,18220.52940476568
84496,12537.655186897522
98337,8383.983613802266
99520,8893.946089941484
98452,26461.80102947849
79828,23659.025740302764
77151,21832.298312252606
84095,15709.166684339434
83491,15300.109988092358
102170,10404.525942893699
88063,14009.23448915052
90214,15887.626085199474
91980,24857.771201966723
96573,21677.391400093067
105573,27613.919252875465
86880,12712.244041640995
100420,9662.782014037075
86053,9840.902480819874
84481,19698.14845324951
86088,4973.497872200533
83553,13519.405459770249
101328,13984.227326132328
105352,10853.057049911644
100532,13833.127013921592
98052,5584.289628520433
83818,11918.329529047362
99576,5725.020563674916
91026,16877.01701317083
92445,25891.577177471598
106934,5188.549792045
78791,22003.41520963874
93664,39698.194970020035
76923,25344.78908114483
81335,30424.89058233355
105969,25810.162746212023
92701,23705.539066880243
98070,6858.176623259758
100423,9867.450892657536
92335,26686.059736716255
92370,34492.194846838145
100177,6618.834749286005
100125,-153.24237544308562
82358,20642.22987816512
85557,5689.243171014736
102609,7658.343509935075
77612,13789.655778890752
81173,42447.90082360459
93689,17394.275931367956
89219,5133.475214916136
94659,15455.088290664135
82424,10658.70967535922
92367,28810.784556300452
95828,17003.044906351206
87894,8921.070717879193
88621,10506.589557596322
104992,22516.823150917466
98567,2669.3038977655233
106250,9086.454615612398
102235,7428.860460020485
94841,26249.212458615322
105496,13860.550614615655
90019,5407.431580044969
95575,26172.535816901916
98437,8944.728319203074
90907,14513.929178608232
83289,9137.239393777767
77938,15412.413419630058
98791,14322.914613582776
104254,22655.979252676072
104311,26418.66707491553
96753,14293.114067358198
77998,26300.307343693305
101102,10093.26559291032
102836,6287.905816245155
85330,16227.114868506498
108511,15749.600609019923
89527,16037.823096430628
87734,17266.20808971059
87110,4231.096246049361
80936,16609.026682456402
80100,17312.78440018343
86546,8459.594043662917
104949,23062.073118839617
83654,19434.2386164302
96736,8188.04999028804
91898,24514.805042707827
90221,17059.748210589518
96356,14612.108196952802
78901,20892.39030809264
91469,19364.56170524386
106591,26460.804384301213
77763,26956.26680069184
89604,6540.658642983006
90001,5908.782982909863
89947,10778.108728113119
108218,16428.939359794953
82927,9392.074782964773
107140,14746.804038417351
95013,30657.783972356934
104979,7658.364956290432
90521,16034.171025282645
108465,21286.351540261458
106606,9756.358995055314
82999,12517.550252944056
93784,20189.70080842101
82680,12755.421999394486
100796,16151.097730581561
96230,18859.15502346585
89110,6865.928841418863
88152,10621.383745788888
101403,8114.873172845051
77566,22623.79427596189
86366,16920.786556071325
80356,25420.92359566642
83500,23065.548631611528
76673,18558.58056648067
100256,17347.57491151383
101335,16404.871587541827
83416,12706.807981876744
104983,5417.010691091447
107300,23256.016319153292
87350,2761.057468298648
107106,21257.405327381915
90550,8832.796204337443
80002,26837.579053619833
90827,13800.28866244189
97480,29698.134872633615
88160,11983.577840572165
88467,4704.8328610678145
98500,5855.6658703478315
86587,21149.63222458074
76737,18870.57031249965
79089,17927.477737757683
93153,20198.82983106046
80315,18945.07242083685
76731,30123.13651992935
94243,25714.034042457133
82571,11276.757205649803
86896,1808.2953362218686
88404,9951.608129381217
108530,25827.08007042893
100573,9756.382656759553
102888,12492.40757654616
76011,27435.359616582864
79586,49861.873532121754
85620,1801.0476009267732
93470,22700.758631819015
98335,6276.65212304228
87826,12609.778406399477
94743,20935.321921574534
81247,14778.896804719814
91376,24338.871695620153
83451,23092.372208251894
83176,11549.287199782382
78867,29060.669239045455
96786,8411.544362722721
81019,25481.829756731662
97316,6572.393936674693
80560,21964.21160047679
88535,8881.01072948199
94281,23474.37540897091
94309,22161.30249035028
93404,28311.130374804998
85218,15684.708712815278
82697,14964.80610595821
94919,25988.982373127612
80829,15608.572930590031
84671,16873.596651762244
108043,16234.80264058827
105111,23093.673171589006
76997,15714.400936635328
83545,12662.31628812349
82274,23604.834539396776
100513,11505.169257535978
93471,33854.187720013826
91627,38786.57264813756
78780,48949.50227758674
90005,21163.645387670404
104234,1908.6765284774592
100798,11790.724972255528
101322,11037.55994839908
81807,21007.967601218115
84469,9493.089304279594
94701,23874.42259145902
96119,11993.965532832037
104478,7644.740585555002
100116,8607.54458834858
85151,14554.894328357215
106970,4123.785594641173
106570,34921.30013873143
101472,8085.269821269365
98101,18185.307914971563
76225,16678.928698642063
82833,9662.936713843112
81055,6955.255288849119
100048,12160.06100515413
90519,29781.684766204096
76484,20389.400316061845
101898,13432.385641098212
81741,33961.62231077567
90441,7574.163090026996
108314,15914.340238478748
97881,-657.0830863194642
79306,23399.71691966329
107116,15404.190512350062
98899,14860.020831795438
99975,5503.5931010896165
84378,10629.22323476529
101661,13792.00971996988
100239,12093.630114198488
80035,24326.961700728643
85033,7045.069805654988
76723,11825.572084291372
107773,9358.747218308796
105937,13038.981968331907
78321,21279.166764101974
82047,35905.40670633188
95113,17256.927473275748
84907,10410.280174882384
107479,19582.458042413054
99770,14299.435029235814
86815,15855.539161589579
101558,13317.318317102938
102258,16501.51788601352
95963,20468.265582733104
91995,12656.639979922737
82913,19937.077508163755
101968,8441.129860154382
105332,15862.529115117068
108213,17147.6550904162
83825,9685.910458329425
77438,21014.15040733933
95768,35200.01036409837
83195,21553.977053752984
104287,13445.236799119593
103213,13915.028422456293
92744,17365.00608360846
81351,27494.369207355965
91555,22424.458687043225
84546,11737.32627166601
81270,21738.057842579758
98294,6980.29540817911
94278,23672.89014980175
103537,12580.248482771101
104284,20395.558205683046
76635,22571.539723665162
76676,25399.292376771613
98118,10306.179574748501
79440,44466.63420989801
78969,27092.401191025638
76500,15122.753071323124
106027,14208.430949886533
84604,11035.442612026556
97498,14959.327285668754
92641,44670.68120662565
98216,14680.009024679515
102453,9913.15641847867
96270,10782.840187865717
78777,22645.372224533334
93169,15335.571082650393
87621,18165.363663221608
76876,25049.49541412163
83561,18260.85289774573
84296,14443.59393711065
92355,25669.312254510354
90302,20411.82863314882
91387,15280.025700561848
89854,15792.52399182081
106305,19579.297389543382
98703,9410.729368726577
97929,18898.952190684242
105575,14553.613043804697
79052,20076.941236161
82362,32900.680458534465
85625,19262.402343282447
90792,13637.380594806804
98488,9855.850753225852
106795,21628.9941701544
91666,23693.919150275076
101528,1386.6675388826407
94739,13577.163518196016
80961,9279.039404260548
91988,13482.357426881557
80335,37747.04480660432
77505,18377.30486158679
93280,17666.407103171034
91630,14723.185988698155
85422,9533.465568045605
104986,14688.708013044423
92176,41290.79895341773
89861,8741.512111862394
84435,17448.323101367045
100381,15379.2532177658
85651,7677.395904065226
96525,19862.99003821984
91383,21505.772463028567
99177,8842.683294026152
85842,25756.931955484586
79658,25029.041328308173
84332,21482.375332188734
101621,6957.678802207432
94509,21539.072233508516
87175,16584.260340641893
89394,12867.232651026541
91163,26794.819976930114
107771,18468.56929699256
99551,2140.4073719297885
87537,16115.022554706331
76726,19201.685910226865
106637,57312.16617484036
85583,11814.748076860473
84617,8479.426000746695
86419,7182.78280901094
80036,30555.188687993737
83956,19367.507279930724
106663,13099.894377505087
98368,6202.287526343149
80217,13525.007928461011
98528,14090.458394093293
92746,29357.085672557863
78042,19496.405244429305
87314,25282.872977640116
78148,19073.588201549108
101574,12809.72602908974
84789,13830.066898588208
81056,20701.49176489572
91483,20450.418439542933
97869,13880.334532363806
89084,17315.902376680577
90398,17589.356377311982
91038,23593.815474520394
80326,39494.21711448765
88665,6601.038569261407
99793,6743.5165152007685
107218,11139.570420222852
97438,9798.745542127202
82375,12695.403851409312
103211,4046.253444963091
83430,16277.444322205585
83717,7806.184422603779
95607,26547.17942860957
99653,9232.810100892442
77072,16495.799060443067
95300,14128.193615890632
86090,18927.2602378726
90553,23783.103652911188
90690,14541.400495384587
93608,17998.51437496391
96059,10308.918053454327
105488,16985.644311888085
102403,12753.768764178632
105357,12808.318981197139
81201,18679.093290007353
100092,16958.62252481442
105800,11805.198935535416
103658,5357.051375827199
82416,5298.141107706528
93007,27179.3275900422
103850,13696.33732316678
97328,13161.165964955377
99167,6790.9637265536585
92788,28146.639535684124
90228,15908.816360196914
105015,29943.29020110937
77838,12640.785999113374
88672,3908.2150853741623
86881,12607.53157543944
90515,7899.620262132521
92777,30148.170388784856
103455,11259.49286359454
97286,26412.49532612179
104633,21876.887016781286
83548,10108.067627137862
80980,21874.77852503267
87954,16611.334628645534
89975,7985.183916248992
83762,15852.413692276488
90615,7772.179651461891
76755,10223.888266820926
103371,11139.54432402701
102703,11846.520171042692
83856,-1481.867293195588
105099,7409.427671034879
79080,20746.514633658182
83898,5518.951656673904
88241,11863.035309961095
89549,15147.182883945497
79740,10015.710232330443
81937,24245.472372484364
99084,14692.637686990434
106967,20140.264651750447
80358,41213.30838784139
97694,12381.401880714606
87454,9727.56756812874
101943,16462.83111386717
105586,6656.7859912554995
105651,19019.107031455234
84667,5633.35072640024
99050,8944.255853092094
81245,26263.692822237208
78547,22552.079805396235
82473,24658.64952271433
85978,6393.231962210542
88385,10724.774241545645
95452,13865.869542359578
98159,5537.396102436411
107952,11306.12681097511
107265,8205.979589783557
99744,7149.953444914427
107450,18997.204018399818
108280,10868.880631300184
85684,8433.38502934028
90660,7206.472635316546
107627,17057.181470165742
93896,25192.478528805572
105931,20507.51544611888
107160,10008.288260658825
94644,23855.369758191882
100057,14702.03820692841
85053,10710.098400551273
77037,29419.554344771837
81281,10244.622339799069
101247,11320.19113275563
92031,26757.313551852887
83306,12156.348707189434
82079,16933.261711220315
85936,13671.961110229837
90480,4595.649377177266
92696,20709.889446285728
105467,19584.573591316497
89682,6168.508551822044
76305,28989.815829507206
79665,30912.57038641472
82839,10879.150148561312
93076,19514.25630087366
104369,21800.405158620037
107999,10139.526290908572
83787,14109.914980211775
92554,27819.255835464282
99110,17163.781487179018
82707,6503.743703709159
80261,26103.30942682449
102365,10934.488449307566
82760,15376.342733255093
81142,32335.071606029567
88411,17331.0068353065
97734,12515.293066308033
81604,31062.075769572926
84705,18717.747102160458
104661,13641.186987907247
87897,13943.56349391045
84651,7322.869206033618
82294,26737.98672588206
100689,5442.251925947465
105236,7520.194240034325
77656,12012.169845857483
94054,27595.09643154555
96367,26757.882069543542
99913,15489.47760639446
77083,20979.273208974526
104849,22614.015615813667
98172,7348.436816517715
98043,13347.592835004456
90979,23287.72597210431
93136,35860.18878797893
88750,8338.420394468238
88471,7489.364088892937
93720,21251.89269419863
76649,12923.641553979309
99291,-2885.3138910622583
89267,4659.394220057031
108244,9913.899590192508
95194,25732.91744973052
103998,25416.62758808183
103782,9655.05723626753
101502,13086.120791902562
85961,9379.548301121831
99073,16378.366508124134
106535,19821.884230685537
96594,7276.560690547369
76156,33106.49039401101
85484,8172.400047114526
79139,13697.936593560444
96730,11505.774961752293
101796,16556.023804217548
78809,30138.275710737915
101193,7040.293133703555
96275,10237.663814650703
98321,10754.959178611563
77928,10638.10641011197
78328,28308.92964303444
103527,10761.57526104842
89266,10556.601697012724
99074,7718.5643154029385
97952,13820.134593108538
88220,14401.591184712146
90223,22458.308324139667
76506,27740.940770621004
104498,22440.71446946339
84634,17147.965230653528
106803,22962.120791770925
80608,16733.319363460105
78715,14031.738532706775
89962,21110.04633265914
88958,13508.275577870576
98941,17700.104544979113
80707,19904.877586113987
105934,9626.796125468827
106190,19902.174024606094
107803,25327.768077780027
87945,17551.04349202229
96859,4946.7691117080685
84495,15874.719787755748
79965,31790.540824819793
89496,9157.259871508519
101195,14905.89659286059
97209,7579.039438264503
101751,17854.06161256341
101541,11559.396790701838
96051,14001.61075207466
85075,3587.51890345788
77118,29983.88896985109
80487,12046.367158704728
106184,11786.645969952166
96374,-333.08336478323326
91702,20202.252272167767
77517,24260.284134700734
98188,11019.58832515616
91641,21386.308173612313
94607,27073.84322171133
86769,9438.104234389088
80484,47929.28063745542
86964,10932.633429099646
103086,7951.517230712343
84257,13452.00345274857
91852,21862.194371495687
87431,16456.993799209362
80439,24662.58658365684
90405,13391.556424229115
97647,9630.309524940414
108071,12887.590948231227
101911,18407.242068344014
82293,9213.802218678407
93627,10250.510029561527
92080,27310.82165718118
88291,12297.001198320097
97591,18472.880103855976
94632,16338.969236123376
79572,28543.900721300437
100727,15678.388299642713
77760,19385.740615680377
80267,25556.324104797663
106167,26708.53745649512
93339,25441.1659103743
98727,9172.052461071056
106765,8677.508677317528
106746,39474.774469270735
80012,27399.52034140544
86651,8845.668181719695
106616,13026.765666161082
88617,9027.70613693737
78380,14677.559121611994
102380,11566.911958619166
102093,19841.322069728485
79049,39251.60389378911
104933,17590.760027513374
81578,23169.455253531836
82296,37329.31019063118
102256,13064.472846033517
83868,18664.089411778405
101459,8722.146559905377
85014,2523.8989007569908
90820,10925.099802423356
83173,6225.651221513661
91252,34205.37941219796
102307,7381.676372035581
95153,21644.66458075709
99149,7440.234390015103
76130,15254.547458909161
80049,24759.678993545487
84353,14284.020011950546
79550,10056.755728174758
106113,26410.692709644936
82182,21046.61596514206
99898,14555.70573541749
94685,24911.43673610482
108125,16632.157467656187
76144,15291.45734363707
82087,21642.74757001514
96666,7862.631849058482
105109,31701.143488279078
94341,34565.49375256474
80039,23308.041900841272
91350,24144.276779595268
99415,10585.285777277371
85832,17989.4399151837
94022,12411.793204204034
104332,23635.163987846332
89367,10491.454299634483
101420,9954.20254517952
99401,25014.9120416933
79179,27767.74223780383
81603,16654.290609973483
94068,21885.068121242846
98185,11635.910824232007
99646,2700.751035424153
83218,14159.246266744332
84593,11379.23984100786
93040,18675.882610443572
104544,16819.99365908024
98735,15695.8232726602
86524,7260.540679211001
102541,14641.337777598616
88339,12491.609864766477
92750,26128.65830062484
101882,5464.861632833432
78793,19848.08482634132
100625,9991.013634377654
91791,27775.096513385666
98604,9379.1843658133
107903,13898.502429932909
108450,7319.599431180366
101903,9477.453768217645
96190,21669.13885959248
77299,17581.69960962661
96588,23038.02000324703
80932,69193.63764395918
81221,30260.89137389252
107383,13153.625135941518
92815,26811.96920166466
98724,16034.416066177364
101984,10985.291105393437
85939,12096.17270812094
91597,28441.485056187375
82514,3010.8169897415937
88788,10768.26422649475
101131,15207.668876547745
82614,23208.880540770173
101646,14135.385343631759
87641,15324.791879322467
103855,14254.709292077008
96901,23179.0636732602
101942,21068.78131484473
92415,26730.554591479944
96467,2212.047784975759
104656,28385.4482103856
84104,18452.476652544865
96685,26072.986604517442
93816,25971.17681820465
104925,6231.351239140757
82086,20105.89880415988
93855,21597.419392859243
85411,15382.833369752028
88743,15507.937668254875
107201,7555.525023141439
91771,14989.92038900558
81001,29829.9255561131
90074,10578.086879826762
82791,8489.896606579103
102636,-6027.589641792059
102722,14489.394013617712
94571,29502.53584564582
103852,4505.57796980688
81514,16176.84464046733
99997,7005.559113641357
85808,17642.486578560027
95355,10403.358550881472
101928,7500.56372109658
98862,7354.113011220441
87759,7494.241764085513
101810,10939.199857098647
104902,42790.566978940406
101361,11715.26937383099
81707,20215.274809445385
84482,21918.370694615965
87358,10517.702653442771
103589,13525.619124376797
103675,15763.562951386499
76652,17074.55654264697
104101,15452.700642725904
94807,18908.552622590956
77325,12802.00753900013
79875,23467.97008337405
83034,14178.725385813043
94997,24583.801762782066
85209,9886.505572829803
88344,10404.931081521761
98849,7622.385102344793
80527,26870.122732362914
87245,12517.183504805289
83783,16359.252385950604
96515,10081.570888906543
95110,24506.83869058729
92177,27458.355042271753
94690,27077.580241776435
80340,12405.868466890563
80211,21854.035355203334
87440,16829.24796665882
97742,7327.86852569686
86586,20234.84896235715
98006,6363.361553730152
87613,10005.01574645305
76521,27007.306112463193
105734,16816.22614972976
87925,3438.6757267676294
94634,19762.070122117686
102227,6630.015171994455
85292,5892.078419189667
76921,10764.41698784323
95158,23640.960104893107
95582,26279.895546695436
105636,29663.101150619827
92793,18124.504873359852
80981,44818.333829863215
76421,17047.266080701636
87182,5879.011148815829
93677,13223.25886758443
92969,22710.713083182913
95005,19410.487502209377
85337,9490.899127504817
90477,14864.452743293034
83508,5635.042773125882
96886,14531.034019876592
104112,17107.486842786864
93923,27043.79772397215
83338,7757.5458792997815
77100,24012.571946371085
103801,14336.809881173336
77772,25787.227767380085
94352,25042.568113000176
78360,24208.061451476067
89986,10527.128397557593
97654,5903.134708103433
90295,19405.2119905788
89180,15239.20028109217
82039,25585.716231478422
79485,17735.92787150049
87606,6100.697068677517
99574,2526.483448962099
92198,38237.36522845265
83529,20089.50516586163
83789,16254.188523255783
106137,16156.74317920432
81731,27914.79503932089
82668,9303.62571233428
95865,24527.923533215828
103389,7699.374224471685
98482,12219.57770582367
83775,13670.749755780533
98846,24236.987011108242
79233,16983.12641050719
93254,29352.54266244483
84246,10624.854496416316
101996,16099.221282885846
96237,14636.403681129901
104216,15030.894688757355
105667,16569.648604762348
78813,13725.25613149887
99270,10030.925423860375
78588,21161.475163309427
105552,14091.879866493662
97164,21671.93917121009
84342,14212.563186669722
103688,20712.342861839657
77484,7811.463993466081
94326,17706.273301363617
81254,39805.10033184849
90674,14198.474970421637
104261,9939.110994472197
106636,17009.21781753513
83188,21166.12090344925
93725,20767.671529163563
91349,42528.052262485784
106973,11028.33036396213
89671,6246.204054409798
92830,25697.276374914814
105964,18125.587617937475
89696,21700.67394491905
99813,11057.444952733524
108159,39281.73341389472
84988,15791.905337057688
84921,13910.876799054327
93609,26806.33369578414
105751,12462.33615964769
92102,26996.809077590427
83130,11977.069060466514
91136,23976.76101678636
78276,4303.035488037276
108370,24351.69608580986
100384,14180.763335536234
84940,11591.327908415085
91942,35775.21768241403
94454,31590.450001122066
100909,5502.928468857499
87701,18458.937748371696
104798,16374.942233867594
95263,24130.34192525885
87121,10179.646350704134
93095,20566.03218247532
85642,13372.133851461142
92656,15305.493550732528
95617,39354.844493198296
78219,14087.650294514664
104179,8270.491989543894
106438,18843.78239754433
87196,1251.7706944019446
90335,20258.231082573082
82059,18014.2669397399
92365,20673.767174479974
98309,10513.027182649472
77684,10556.310505638961
89823,12126.448146092647
76689,19412.28013898598
98279,21843.867804140304
99892,7205.471555976168
77342,33372.341188032995
81074,50465.62208066716
101487,12265.991915804218
79070,14081.72161318679
95231,26871.533976485953
102572,-2747.60979766721
99529,12292.219622942008
105996,13021.234762588429
100780,8653.17672064183
106814,13476.48736690091
85545,15475.135428480862
79630,19351.795079158284
91145,25297.81149867618
84823,7349.698264975275
84954,11368.434709944297
96658,13055.621884724096
91360,27907.929721902416
90452,12863.764404128364
101820,4760.0912428007
81605,23346.025360909276
95895,17787.256349921925
99378,6579.991636497609
89327,15040.937695603963
97326,5716.678168769024
100777,9295.226862917072
87405,13771.490372773405
97627,20996.68656277802
107458,11826.834713437158
79060,19292.183618034513
96136,12408.220341256601
98257,9244.068750033708
102335,13666.34970741978
77850,12124.00603339108
102160,8351.257240656196
102379,-1175.831858514357
104579,9758.888311887189
105614,19189.73576072273
100113,11379.801110703644
91032,23521.458867047128
84428,3966.5306602875644
95075,13840.66311711933
103736,11773.865065434264
86290,13377.292678302503
81511,30686.21080038989
90680,18807.405641758232
108256,18400.613535463257
104529,21780.01001744537
105190,7674.3915372135525
83963,14626.021778051945
82386,50215.33495338862
96710,6809.206418702452
83474,8648.680008990079
85539,10023.829503870948
106439,20448.498147015387
102158,9871.117174373387
88822,13367.100687023805
100881,10717.772742340196
76677,38531.264673852944
90178,8640.825020009463
93735,14832.006376025194
84662,11789.544468426335
106182,13704.272633031811
83398,11465.81671648749
87992,13583.656604279997
87968,11611.315141717932
103912,17921.793882698912
93375,22502.587558945743
101226,4843.168281514052
77949,27931.294379749088
85607,2095.4092833156756
79522,22297.8272306999
77739,9972.728146822657
83123,8395.967892026078
98241,14583.089372919028
85653,13678.414241237799
103346,14195.982292028173
93933,25445.77188617419
103652,9142.73121951468
101032,14561.385552295018
95245,34423.96932361873
87397,11804.30687712002
104051,8538.184991672228
88815,13860.984014597663
78834,32801.77730856833
86348,10796.994871612696
102205,13113.608544350602
85638,6162.926153023058
84036,13593.781371333956
103627,15898.505302701786
86641,10653.743393031094
76954,21544.349155441683
96042,17316.434036142527
79230,20422.36182418384
81240,25076.266221736965
98464,15602.22575281396
93761,13983.738376793175
86239,15575.030956250906
106231,22161.438088834533
94092,27892.320034004355
93651,27494.98057518016
102239,15511.779453745141
108216,21656.408422397988
87035,15150.506251841682
77754,26892.033157349753
102892,10464.348664807767
104205,7556.348185761512
89539,6889.879982184648
94276,27403.529581944997
78405,14115.02874733202
82829,13108.974401016894
96653,13569.485104444044
107768,9670.851849480736
82557,14104.79590736443
79190,15601.345112420007
83639,21091.13403671024
106302,23391.97549513678
83161,9281.467286400744
101839,15588.944957739848
76769,35985.41073530364
92536,27726.39177137871
105981,14623.645575863658
89644,14535.64901786705
95175,27048.29903912473
95837,28238.653944424426
81282,31074.04280116815
92231,34626.6072556172
85287,17230.88864337848
82582,12718.732810663467
82666,14318.061435748066
75999,17572.765290747746
81738,18976.760567251724
87020,15023.645886560465
93066,26989.120563578283
88496,7191.3747624202515
93297,46008.17170324868
82044,18338.243842301614
81673,24091.108099979916
102694,9200.64657619744
89509,10428.294690492039
95965,28491.49033347839
106101,21486.661583788984
83569,13049.259364302445
104718,23969.07608613529
99492,21495.89110572511
81091,52720.84041412377
91028,22419.67590102511
87981,10338.303717412287
91801,17549.265446067584
102243,4964.144454516179
82445,11631.604809520039
104094,2293.5053548885626
94745,33518.32839634837
90106,14808.663426674495
89015,7893.458524389542
93183,18765.070634143063
84610,2547.522346566431
77055,26218.484768283917
79194,19894.354636821197
91155,26363.144438731964
86569,15621.661431057728
82485,9567.849391473545
88760,9351.904059627064
105923,7802.19939705015
78686,34648.91146105046
88814,6895.865132142528
82320,20609.172483083254
102937,9224.371261216991
87116,9937.531306547666
90494,7275.634643392084
106037,12781.415300723864
81698,41245.250659211815
108120,23500.011424072727
107501,13438.252745839854
76407,23613.894100923935
98601,12345.126393013896
107872,14822.781830869702
78176,19447.056691491685
93534,35417.87556788411
91839,12599.53629418234
106436,17020.541640229116
82935,16118.568331444796
84674,18227.41489415252
83479,15361.49555639729
105047,23726.98276149934
103698,5211.9160899336275
99614,15427.722027364012
84726,8336.262532765133
84695,6826.786657118617
91147,24786.83619037112
87076,18438.664417531327
106200,-794.1573961150134
94496,20900.069574963898
105826,14264.645877156392
94976,14981.791398363755
86380,13827.714094932424
79211,12418.493098326304
83213,10266.925208907865
84355,10984.9768805434
108034,25559.70728834177
106948,12785.957857137706
94995,28146.155115761256
101963,6175.164249936031
106550,14889.001950570499
85682,11927.317274287634
98174,14507.937911141344
105423,8432.31694668415
77341,14958.387783339072
83563,16693.76220024489
80177,25106.380173966812
88183,13949.682332416502
77520,19793.056489143535
96601,12455.50137137121
91964,26123.337358304256
86685,12110.985427003616
83039,14937.648239368078
97785,7454.044497387047
95814,16763.841165404898
83452,15900.630610587948
84518,17350.990248285103
102194,5134.343645489338
85247,11614.198945368873
85418,4513.250939066085
77908,9921.354249599419
92033,23902.448573024085
80872,9204.888003301327
86635,9953.924439090857
79420,25441.85455641491
98251,18826.02627100516
77158,25254.045603725957
89969,15367.701058971405
85928,9386.213466327637
91375,45135.52248938885
80568,21303.97436174401
91041,21677.57314533995
89322,-2199.1843276045474
88057,12460.396328101633
89486,7569.8661133407
105977,16134.484331583837
88167,12549.944342710922
81115,40751.10102053934
91486,12451.231022469947
100782,15651.774033871683
89320,13371.964066438843
79784,17750.80930790861
89096,15166.395049212937
78264,8208.056001138932
97581,20770.311101971893
79576,29352.799744685617
89259,10394.182845871896
106745,7807.247587953694
92013,25803.182960887265
86678,13648.462055785116
102324,14132.269199134375
77632,31851.380410547805
106887,11908.539269350033
78950,22521.570670919056
88191,12572.347550455917
88247,9327.491689154209
94345,17103.621221617243
95349,19975.418677392227
93901,34984.493784484526
100074,11099.197427085339
85164,12442.112037291765
106172,20996.619576409546
108479,17796.255549860187
101908,13962.116770615481
87385,22764.82986151932
81494,9873.238196422142
81977,7458.041640716372
108330,14183.47210667166
80073,18516.09053119838
98716,8238.534774980988
104170,9151.36634271164
103992,13181.597525802237
105540,20503.793212443357
75987,15511.939982518408
99496,12584.791624312493
78765,30969.79034202495
98564,6060.198844099534
81895,19564.05619400079
100955,14308.164757198712
77153,45784.05702773524
103888,536.7472319529406
105921,14517.932535958593
99660,13718.476421469211
78579,27558.13929573873
87023,15062.00583339663
95879,19200.018435105478
100433,11818.153820545893
83011,14588.355652657832
103255,10724.984833648516
75978,22860.409220416856
102295,9768.035799736652
92099,14505.995471682909
80985,25372.034723895267
99556,8616.268571474968
97124,7154.664460918779
81386,25661.071774490265
92818,26314.16196925199
76413,9759.04729157465
99585,16920.921394022123
98093,16213.738557611883
87527,6821.790904446709
77911,27907.668067597435
85090,16778.57636296547
80843,16065.240981149662
107096,7896.031502355108
88042,14999.273640080472
83948,29784.13974379773
93242,33739.112830587575
83677,11129.185113871907
92864,13378.838221475831
100323,14294.059999636404
81042,20180.27032403383
89663,11346.663239235597
85381,11787.672589422626
96699,12347.979873649369
92422,28916.922954151334
96880,22561.215686429205
88530,11302.011264856177
81438,26435.52261779696
83484,2875.227342080092
83637,17960.38168511681
89092,12686.088838696873
93732,23150.624247403655
92925,21792.770385231444
105183,11307.40285970032
98369,9945.582632740858
100868,9140.600076978066
82430,14590.27550396134
97604,10135.095999490703
85474,19167.49379008141
90978,13141.041184929767
97258,20530.057624359688
106720,8526.73037052041
89418,11315.466470897925
83154,7342.053697291063
98671,16319.584901788214
105356,19463.236212327058
88880,15223.884578379948
84275,10862.619692323235
93184,12796.910732429766
99811,10486.971948850056
96995,13454.665761959099
89700,6400.210197860142
99390,26709.18743037169
100504,10741.761034909898
80427,9330.443274561025
105125,20053.306445728755
105652,15512.40336470987
82706,9668.401176429892
97831,12611.885727620713
79865,33260.17392674586
78586,15057.730162074353
85926,7156.974294994987
83961,18100.12866094199
96313,14936.930213144078
77556,28599.5816103892
108155,19997.06674182194
77590,26047.667185483588
90192,12119.033982964203
88094,11102.712786442455
86737,18641.23861559428
107509,20725.35678918785
96960,23715.005764904156
85495,25137.95581041489
80902,22484.309114293414
87998,11214.218427801825
93672,22962.143068607096
101245,18693.643901877294
85802,22997.80306274828
76378,24284.74613688962
92576,38360.13969012539
80096,17545.766572196648
103064,552.9091799647504
101782,15033.989242806492
84729,15837.875801528862
78010,19248.51511157809
76995,13083.783963203954
83407,13421.238694783882
86858,6241.228796388052
92623,24935.67422716628
107680,22531.61728018211
77324,15454.319095601386
92312,16693.422472498292
95266,20773.796387084876
86907,13334.131808322825
98403,8957.595900963614
77236,25430.206228449082
98098,13037.057602764151
100392,9323.612654116092
80696,12001.198648292659
100083,15171.118745550571
107500,29045.52445203824
98415,15325.567515014583
89111,23748.385788149943
97813,13628.251451811084
86818,10257.180888432602
76368,19306.987189434818
92461,21542.277243108052
79280,17652.77587249558
94481,12921.662562802492
85233,14235.198014228823
87051,10614.036313135992
97596,22044.710160227885
84911,-1340.1198101145346
84923,16565.621942092752
100105,13774.096251128794
100360,8817.115652505134
87548,18298.620795639028
106839,13919.84009187296
97625,11573.482291419263
87757,12641.11962433529
91686,20330.287273784314
98789,15402.187019502438
101190,5783.500815024861
88070,4644.445295419486
93252,26274.469145351162
99741,17461.108388559325
104820,6026.661184580473
88169,13882.772719792294
77198,7991.100654733513
93558,28070.25152422885
82381,21312.628366622885
99874,10925.04990114097
80727,20224.559541530223
93762,32268.676765553988
82928,6650.925047018187
82083,26187.58109295195
102681,8250.691369621636
84592,4925.028392713022
90373,27360.797234845362
100741,11090.776008875764
80833,12337.185378139227
91415,23085.950090783022
98086,12356.726374606878
88138,12728.200865116232
86387,18006.697342166328
95134,49906.69953736372
86392,16930.61473380639
91440,24893.054852371788
79877,10323.237039526226
85439,13847.494274539917
88629,11637.24582934365
90541,16735.328919163556
94365,21346.56146486003
105625,37068.206071701934
100340,15518.316172847044
78761,20399.942137128266
89066,10657.350583037332
92418,28004.406233571557
90530,9142.345028320298
91595,25821.62004595842
101516,5621.609025774291
93518,15126.080157852542
93676,16884.348248654947
77432,26292.65279626075
94585,17967.47528720525
96358,6292.843690267764
78159,28846.06540417904
93872,10965.442263131845
86968,11877.10216049527
76425,19749.09048190694
91431,22912.241223613557
79862,28230.9372682947
86839,14988.099591031845
100378,11634.124723344969
87028,9319.059086131718
81612,22743.952063470788
80822,25281.89550011969
79272,63871.95238562387
76037,32747.73165969168
94336,14547.561515384587
95900,25105.51860769617
89645,7037.879117169985
88068,1045.4537921305164
78067,26645.291748793155
107703,15188.605846743332
106822,11927.264770758979
82155,4141.96625041042
91564,33524.6452094712
107241,16782.676848046103
79829,25348.469908141473
82574,5211.261617661978
93529,27649.25220348152
86196,11321.961773539791
88887,14391.975036628617
103822,18389.962239819346
97431,22986.74312173082
80655,20278.281528868392
104352,8411.52487468769
95983,34953.228773308525
90231,9262.760273516265
91426,25019.432221217416
96804,15584.240165411204
91789,24343.879568196775
91063,36721.895393850966
95672,30543.14213784295
89669,6663.269919589831
105177,25919.695122800622
83317,4966.977358268676
86083,14284.652540106734
98558,9423.398070060997
98497,15213.650274631698
107910,10917.668421894836
101650,13670.910590582047
98157,12983.188247879312
99234,24728.703116753793
91943,24453.39057851999
99237,3142.0149075721565
86413,17101.813779661345
85589,-135.77409986365092
83028,11648.641183077794
84633,17775.897887125233
76000,15494.432327109767
100519,9963.544311598263
86940,8706.29865112614
93162,25220.382977058616
98061,6281.862943751243
99205,22661.81179183298
86507,3261.7846454440732
91613,28090.943321873507
85308,8315.125457219721
105270,22994.184352756914
90212,3174.0213247437932
94127,-8945.45240282084
99422,25725.933692796985
105583,8446.263741468865
81264,30873.27167035757
96205,7625.316997435599
105242,29221.795432916348
91770,24367.859318424278
101725,14903.482373383915
108296,24697.977399075608
82556,13185.821563334961
93282,14421.179689586934
90749,21502.181403709532
101708,11831.754647956084
98952,8911.29913635389
84008,7464.13323514699
104420,25721.07063175041
96406,6788.803473808017
83723,21046.266960162116
97143,21961.739522392498
97025,16097.192865406236
81322,68444.70444415398
102314,8747.202518974926
79427,6521.605707415176
107605,23103.75590125438
87036,5179.723139371083
91115,45081.53389672426
107095,25284.322487403246
86726,5304.072337196616
89311,14409.881847983503
85612,6868.160721712338
78297,14149.753177061182
87140,15557.93587691756
99815,14287.391227494052
99814,11551.048309867998
79285,27985.362850371894
100846,12104.528135573433
83155,13424.379825940327
94858,26002.30021414686
85781,15097.111094281674
92914,24220.720403876898
98443,18597.97189222557
92134,18302.780555111647
102425,10628.681446963921
100338,7537.355456706195
75995,14215.933005872881
96586,7509.685416245557
76467,12054.63391659985
79386,24609.390300658997
87549,9197.724550846702
79953,14011.240510169038
85516,5904.023093857933
102251,14726.403054740105
86747,15660.667210649874
96255,8466.95111439086
102580,-2114.5045920354096
97573,13332.126800026628
92803,16787.10861146002
103185,4895.878003562277
93477,22054.0180177968
90488,18105.55575344601
103256,14072.328525883975
98259,10084.263089235756
79168,22803.75157124846
101416,13990.08105437072
84088,13055.670277534795
105807,24708.7756368838
107132,-1993.207829788662
101505,13884.673722641732
96102,15974.83325723355
80342,25866.53761585358
83221,6122.636437507288
87186,17117.195061295206
89162,16348.95700663855
100282,8677.786830935918
95292,23312.600167885466
95878,34790.6205702288
81326,13043.458881165221
88518,6726.259444285097
108243,25958.063097432256
108026,5645.168603757047
96751,11913.797381788085
90571,11610.791961951152
76767,25345.588050332284
87910,12123.739037008243
108470,12622.667736604897
82634,2633.9741382673674
92666,27502.742613050592
96690,16634.256402651066
102493,-409.03729896381265
99491,13719.546237864706
94959,20738.533743565116
79015,52882.96999821537
93400,17613.314175635198
90577,20566.710266936556
83608,5127.215558706579
101527,8798.543090690888
99227,9419.883907778072
105333,16131.940549067163
98720,9686.95186384175
83359,1226.000081146136
95498,19593.216328923445
101019,14291.258694196178
86045,11898.657152292377
87546,10251.59878801182
87526,2624.17306465999
83304,9298.785521366925
81244,33814.007333905756
76248,25097.50353675903
90107,12393.316755769658
82584,7155.92666954684
97783,4502.898690859962
79048,15639.321186896428
94531,21080.34381234886
83872,5327.9299163803225
95726,27174.813220217038
107362,6947.662111945596
88562,4596.840718961903
105680,7572.535003984434
77859,13079.591917796002
82802,10820.151434429194
100220,3666.6629232770647
80149,24499.39071760254
78826,7628.010865843564
92081,22571.71739739373
90008,23196.634521705026
86319,14821.61371321982
93624,26299.63275889684
92325,26006.66066010286
87857,10951.245200950565
84996,10488.019254799612
105536,7850.712595149613
86209,13237.019787302532
96095,22785.036295656115
78426,20442.976234962873
80287,16742.52900720772
98154,5299.902109167335
84049,18057.339098608092
99005,15227.688259615737
101228,8658.364078843733
79488,43471.17010089355
95378,29452.321785188877
81740,19680.286368086963
101394,13941.567527103442
102736,11076.11904474991
75993,61602.246487184326
102322,7566.117053891241
106248,8938.173055721301
94377,24572.484571160705
102281,7303.017446350816
99028,9225.22114364081
88725,10560.467596569477
101290,10221.283987704897
101436,17071.052863996243
107395,14924.749937277724
83696,14677.860249555233
87319,12555.07121622248
77845,9260.965268006345
94163,12035.41002110194
89778,17332.546825181096
81251,9312.703105271154
88855,6008.333695993351
99680,7469.544297734741
94593,20550.848144346033
79028,39154.92013319985
100784,7816.10646522342
90856,16736.823297264928
76836,22794.524685679935
105944,15763.505879212782
76844,16804.519202098425
85377,10123.179876774113
102613,14082.191530429438
105832,21906.542194434965
105173,13199.713567280342
107270,6572.91790026825
104605,18653.105285711892
93776,25221.390695923736
98145,12971.916064829857
105384,6935.543510749325
83797,12796.103095783255
78439,13357.75910754531
84850,18106.297337090597
81348,17106.530372047666
81586,45805.75227040288
97554,1572.4766523824946
96691,6148.969977094122
100073,14394.237420419522
89195,9681.504864144197
95919,20143.793696610926
78872,7531.228464899672
91100,30813.46791107203
80008,18536.41401105249
89155,1894.887521111319
79002,9986.239264839824
80103,29220.703427853397
95722,20285.8940161099
92248,26728.498703888836
104759,11514.835682024073
101435,14975.73224620492
95367,24505.156960098757
93611,29985.09314757785
95610,27003.90003099502
87950,12963.646025494236
78095,22774.71160267567
78646,17401.22585662472
82091,22625.237019662673
103774,16702.091630035662
102660,4702.467439315165
92256,27229.696645520642
102733,15059.226752676681
95698,16767.568816991872
103008,10949.939002698331
76310,22179.43894102196
102230,14553.24023076921
108434,2274.8624649370613
103325,3217.19258139914
89871,12224.322404900944
84888,13464.467023046484
94838,16587.74876206467
83744,4451.118686194037
89112,12892.739534833847
102043,10691.015908480389
105254,11722.855602121417
77814,23988.626861973855
92390,14350.724714502707
106879,19422.797472520862
77049,15404.929542717713
84476,13147.331889098248
81372,23697.427583037017
90236,7629.248410662316
92132,20531.2138308781
92240,21603.9300024025
95286,26846.443812725047
101750,10244.602186769713
88817,16522.7792653637
81131,23160.974555643086
84244,12270.217835727497
100801,12491.817897963047
95844,22055.88743386291
83870,11778.766284722922
88723,11897.157206264848
81243,22797.223116514375
100385,10710.205344719172
104717,16698.22722696635
91235,18197.21092139969
96520,10826.877917481179
93381,36654.825778492755
80691,30420.18048093382
92000,26977.306158261257
107035,24879.333972923516
102138,12422.616242837452
84605,9305.593749368796
79297,40551.466720299126
106336,24910.97896154727
94253,26345.127885871538
79716,26287.55777008088
83444,9379.184293542174
106618,12655.155864323722
96175,17559.44969997616
103007,11142.85795458236
83413,11007.726827549632
87204,14860.515287100396
102288,6334.165799049195
80637,31400.92071799263
102156,6378.04205980635
99444,2488.3929255723197
88292,17795.29389618209
88382,24270.49241877148
83149,14638.196115744038
96173,16784.416589570043
104005,20037.231758634472
78097,16600.40315211701
79949,25632.371958995922
93089,33297.22521789915
86142,10973.48954888928
79736,11904.006659472478
76052,23528.302006798272
80534,14723.75927584566
86998,12196.866495592723
92690,29601.47035263914
88656,8448.970220245159
94395,25213.40656351068
98447,8103.800647146869
97701,18243.05733438747
92140,18515.73687811487
100562,7621.230327384925
90947,18684.747566198217
101174,9356.006258368463
82150,36842.661712207264
82220,15507.05049138164
99327,-1986.8242222339686
98695,16851.3455906593
81373,15643.223329797824
92571,9241.000353039475
99568,8525.577233309217
80774,27997.56865193983
88548,15378.897069476574
89214,15641.289568098437
104968,16015.625449229177
76079,18586.761192395206
106643,18137.231047879468
98760,13785.927581441443
79377,14962.615245422436
92075,29809.366606522715
83689,15499.16166047167
89321,7473.404355857783
101772,7323.196955979976
82498,15298.988030053559
100293,13925.38850694496
82360,23172.457233794703
98921,15014.693464946788
78949,27744.35098262572
77501,17602.365904301827
93322,27268.440243688572
85827,8478.465577596347
76428,19127.97433017104
105249,20086.248850379663
93940,15868.689120908573
85259,14491.109458667808
95570,34984.80584369993
87993,8661.000747432176
99558,5007.493841767573
91277,24192.763999218616
93825,23010.460632182978
107121,28028.305102623155
104959,16673.269803968462
96364,13117.250107397733
106601,11959.193746222649
106375,20889.58531001884
79619,12189.757087133301
76473,16906.29615326578
88184,12010.235722436395
92530,23981.380281520236
100669,12159.4776482202
97656,16238.33586786309
78071,29792.85690178351
89316,8635.552159448707
95061,23403.650779678355
86189,15203.06323025524
89553,18354.850493573147
93106,25435.95488763717
92968,15938.470771632477
84025,20104.213377191656
107972,10750.044189052875
100646,6318.503569790599
94107,38671.65521621599
93865,18626.448930085084
96199,14399.797850745992
107397,21935.106873230034
100882,12018.66083500882
104739,17254.296742079925
85360,19400.714376796328
85630,14189.839989854925
91862,27086.507705808865
107207,24560.034410198597
97162,3665.595695654367
80025,31751.14979070978
102082,15103.576751186454
85267,8847.035612840278
101929,17728.082736768527
101500,11928.861242610903
79709,18167.780466467782
93972,13874.589339733415
103035,14405.278138391775
99214,10816.934306342097
90020,15624.33583992708
93078,19557.967853626105
91474,22036.087193362182
104931,16180.005796953366
78728,26595.0296518775
79185,10954.79843771315
103871,5969.235936071345
91303,28762.95744246473
103205,18595.270616087
102796,12905.352296786616
84381,4432.96969229728
80694,5046.614737934811
88412,19135.072106687134
87437,6388.163023686473
81938,25099.691735291242
87557,7011.3496993762965
84227,16740.79537694846
94972,24412.741280555638
101329,12825.336705115304
80069,32306.862755316586
82432,3235.296184263425
103399,10719.251920848328
77538,27068.287197045516
83684,12514.411991006433
101430,7006.168735050684
104322,18620.139708436152
106856,16224.21536476849
83084,8886.381821985124
102179,11571.052069617406
91752,25183.027735369833
102244,10509.307289714721
100903,6582.9491209267
87128,15977.491847269644
104654,26871.832126325447
98265,1413.0340832693037
101764,8243.405151774787
77753,12069.561287419638
93483,34725.61974334961
85586,5682.4467799560225
83436,35701.283962983405
80395,17160.706979044975
78652,22863.354655564122
92985,12494.142151711218
87343,12224.289071427542
94390,27981.037503141415
94485,31147.25218640828
79564,20251.766948868288
106104,25846.13868168446
84557,13549.253140640532
105524,26387.71252073982
96622,19906.35774954142
85389,12705.682753559551
78029,41234.0646620857
107904,16519.379773313063
80526,35411.7024254752
102233,5831.492156645545
86058,12005.465196202771
76614,29008.94939084891
81334,61200.95939254905
95043,25475.20464818389
80400,16249.104949023967
100114,14190.868958370469
92049,26076.38593638524
104070,7812.128118988054
95487,12796.024508285715
80402,26739.34349059513
102682,11859.350816421706
79747,15013.425803701
97331,15999.051592793141
92573,20435.023065802263
81827,18520.397576689138
99721,2620.403256145626
87560,20198.899141885457
101447,12336.28199083767
89027,10446.32096127537
100905,10591.085680345248
86467,13501.571790466332
90523,9589.230860479292
77588,19200.755498543847
79946,24519.227533610043
94096,25340.822678960423
106481,8448.115884424915
100694,15714.216998890683
91176,48428.692963480236
106878,5238.163287929157
99871,10583.621361080324
77534,11092.470348176546
102006,13058.190197812946
93356,25266.769772537693
85788,10256.417356154197
97108,19022.363292730864
93129,20430.79885065515
95168,35251.884182744005
96578,11442.61007808437
79570,13201.441982909339
96604,14365.944155824429
76367,6557.740840307641
105065,12744.40999023756
90635,18623.739643741137
107221,11368.524705971533
80375,9147.193511046324
94421,21325.033168204885
104009,8128.367308447458
84804,13170.987991098053
92074,26035.707279553215
103678,2688.8071603322896
102350,19103.1105608528
81690,15932.817872673768
101817,11914.98958986874
108275,24898.097129173882
78030,17695.269365171407
91570,24613.014139977284
96746,13644.899803475724
89748,18401.772100799833
107889,17920.037410899793
88402,17726.569842072466
107789,17379.394651507915
108061,19873.92114296215
105143,15246.407918124169
107488,23422.932561256166
100812,11666.111848568951
97830,13385.416291806076
100664,16569.735647645808
80071,23487.647229586903
104550,13733.204895244591
99466,12505.437863349362
93777,18182.65627620305
108105,11502.957452679257
90322,8350.726359956665
101860,14017.731559914682
104129,8805.174007280322
77381,16169.562108948725
76946,29587.038003338268
91556,20376.893720363674
87190,8823.586620794813
107647,20858.42962658193
84177,13084.080492393987
93266,36470.09782468733
107341,17008.860628261726
92693,27925.377804039133
101292,12628.202979422611
79651,18069.108184306097
81654,13283.858321888954
89688,2023.095696943361
107423,14514.323082517512
86626,14007.938029455836
101633,18568.460532253535
83827,12507.299233287107
106678,16597.399017647476
93756,26928.784581106214
84185,24019.402417903417
94867,21714.32451639982
101062,11000.30030389622
76567,25022.43100468682
80522,18646.382237096113
101932,10084.505299262135
86016,14398.210467383702
98609,13619.887184826657
84081,12022.74444593492
78446,11381.477736500616
82074,22478.347628860705
108374,26736.08409813237
77895,25109.753180070024
93416,20465.38345487183
89357,8145.584892388026
106786,10056.444383886235
102766,10373.306703443784
82233,14140.456742092007
84115,11713.049001202045
98073,11939.89622340785
106198,7140.972505253274
100335,13530.255372514483
82169,17564.37019156586
101191,11948.52054078631
94584,14214.047418685805
81980,17585.15293271272
93574,37391.59673670241
76934,30900.782784489653
104181,21796.157868959912
85205,13240.497293525608
101304,11613.4882930725
77927,46695.80789701003
82028,21799.61914067484
87191,19534.509311767033
77713,13915.51962932013
100414,2415.6897959251364
94287,21170.6171891922
97941,8371.391168291273
93702,26349.85706441599
91433,25597.66301210744
92420,28362.97589486312
88433,16093.37348030592
91656,37009.31877913987
94313,27994.09097355012
91218,17405.516325852266
104418,21992.39040868552
86375,9206.61806480377
97556,15151.668758507702
94514,43015.48457509563
79165,33914.101813151035
81780,19720.237550497055
105424,18211.73306934655
77427,13932.915775775764
78626,20680.012456391778
85465,12606.962028733324
87616,9368.32041270539
101667,12118.322287182498
84226,12305.932948474961
104737,19108.14201020988
95041,34547.77840894078
84070,14335.451753792644
79071,16816.147936824156
98688,10023.87814868684
91104,30841.245370749646
95301,25571.961523698876
82795,3629.06331634488
76606,18536.165655297285
94708,25330.904029642494
82934,6316.840696759231
101243,-1479.445324695269
94629,27555.088176401783
88235,21702.805394286202
78913,48411.34622332582
94480,22093.957073745565
77005,17878.234608583036
95511,23902.00296156158
88879,13789.98490616605
78396,13747.945807373151
99977,13699.209252272121
87602,14704.72737371875
105439,18333.739982540166
91094,24109.684507408063
103575,1092.226255357993
102840,2867.31941486102
105367,11466.96479472355
91884,22498.89591130645
84572,9828.21967275883
96544,6472.883458753349
94082,33252.38956096639
95510,15038.553516647837
85718,9098.194349319092
92527,22530.86169786779
78855,17833.63108370955
107521,18013.71965859001
98876,2804.334917385655
98440,16823.36309593855
98714,10770.355500026344
100643,13166.278122716292
89570,5400.897010830115
94168,37538.97907794945
93299,25965.862635363505
96033,20463.419115699886
93742,26350.303559156906
89946,13784.558707719552
107741,714.6594535881159
77268,18914.462722952434
84848,16808.39893359966
92323,28295.62145730124
82181,25135.205874477193
102252,4693.367564223445
100240,13552.168533638993
90422,13728.82088648343
103145,12124.118984887013
83333,13620.061706351873
97103,29431.965582941935
107379,28445.23297499893
94694,25315.443817651627
97339,28555.002025837108
93104,24421.502930860297
88194,11173.113248522917
81954,25029.825730069904
96391,17675.044074717924
76563,12301.840018549468
97630,19177.576093952448
80201,23706.378637289235
87854,-14047.645054635475
102312,9855.674906044631
93848,25135.703942092878
82542,3797.818078060707
102300,18172.251910490508
97229,12227.782307722853
98907,26114.30440463258
81238,14158.359920374525
101377,11110.546027574863
79109,11811.638170970109
88044,2678.330284537311
91950,29793.03719548478
103403,5694.541107684621
87611,7584.815923366055
98169,16436.249539063167
84352,12854.779774084833
91787,22594.448787167872
85668,8231.315604897973
91287,19039.084840776428
80289,17194.28393962822
80647,22571.044975136116
90612,21812.75315254157
84941,14560.507549089642
85955,7942.285345619806
95019,11178.966967736953
92685,21182.912019363284
87156,7371.178799522808
98300,17609.390266521572
80737,21319.09783739745
92849,26297.42182138894
87490,5418.885295799933
106168,18817.03669173403
87014,18073.20140923586
95822,22213.40288938726
76797,15250.28507198207
88416,18445.261358987715
99974,13246.641196982673
79248,9111.268586466846
93969,35279.15536631779
104746,24085.552382125883
101092,19840.241006760174
104076,20660.32125732582
99087,5900.328433677816
93808,20745.01397045031
80849,30069.63010625972
93870,35345.06212735064
97218,8513.425296728368
85690,14456.392754660206
82581,14598.395277301286
81062,13946.258221015712
98925,17168.0320155363
98116,11734.237364406406
78229,14724.562572954906
77717,4289.128145131515
92227,25372.734121770132
97525,9123.42635451688
92015,11445.150423871863
93168,20242.460144123455
76841,25584.302945851276
94920,17920.562138744266
95188,17803.958001968
91909,34162.709342672795
104631,14895.137760073674
91186,27493.88048277072
100465,12498.204453167942
79253,17511.261741993032
97133,11096.17570106915
84758,10668.360075610166
83113,10267.432860525529
92012,23114.465446340822
97730,11178.610828439414
89579,19698.338699293265
89670,10685.766607041616
98105,14766.41924622492
79497,20039.961450799165
85954,13870.289209805138
90314,4114.059026393763
81052,7301.645754308833
78531,14965.954394349945
97791,13673.620592658524
77746,24504.805284326416
105318,22577.48518028081
96956,8475.147903214878
84493,11557.941313359159
102164,8781.25352571474
84640,16104.690840380616
83292,14906.764648937067
80446,27658.423428912793
106883,23262.438830538144
96822,12678.90412331681
99282,10232.021878878237
94359,16740.50204581367
105084,25543.30434240344
85908,14151.283894977969
106431,15590.07523270123
97313,19448.597336873267
101268,5807.894788583566
77989,22943.377647057452
87682,20497.182504861266
106611,31047.656529060318
107890,9982.707717798883
79578,20616.577315016577
92372,26262.056015497365
93915,24325.315624203387
85425,9269.876759264356
80577,11217.170196466643
87561,14802.012959967513
82120,16226.267170443272
91633,18882.537775723336
96970,10378.52600302422
103356,6574.364540569717
89416,14940.507507817063
101155,10451.936902015921
104222,20713.776006946224
76104,17447.608165227284
108362,12007.824313341654
80616,38853.66273204639
98659,5111.221897487179
76470,29094.097279921683
86501,1892.0187168083212
103166,6681.261507060117
80799,13504.832195364652
103699,12766.114320380322
97005,20326.609980513982
89375,12605.700347705628
89434,11294.161792406565
103114,9383.908858375551
99021,26151.06934501999
85368,2939.501903028664
98207,9732.84865608497
88420,12277.471879429882
86225,14644.996794948558
107761,29893.214399492223
83146,16992.201605204842
97834,10273.431809367292
95729,27169.46531775409
95480,37795.519191262225
76736,24151.0177146137
103683,12533.070985672064
96410,21764.676208746183
101570,10482.297986910737
81039,10734.34487061543
82813,17611.444735291676
88704,15868.23212910103
77926,15559.568758639303
89560,13385.176901879036
98902,12424.311882423848
105164,26388.426334777818
108109,11234.715017756898
84480,12380.717148475815
98239,9693.040213812128
82385,31428.127933640833
91637,28934.873226494674
85732,7398.99313575725
90790,4810.159938000434
90251,5330.665953172545
101246,6260.056679802248
92962,24819.56921888246
75988,23681.893644392345
106880,20811.51546320386
89844,13813.128835845753
79925,17888.72638599506
76282,20410.369687146173
85648,5990.897044778336
95507,18100.93657901876
96605,25332.636239871645
90201,8628.0657118175
93506,25459.23692180925
78490,13337.043590819754
106831,20069.802138385494
78101,15773.124546751322
93059,38784.78590041223
106820,10439.018442551082
80839,22821.70469222832
76695,15147.294454609859
107678,10520.073901678319
77084,11848.275874997693
107856,14390.048461953746
104446,28141.214363111547
93306,19424.70212021364
76610,28339.12763580463
94451,22552.927794647403
96510,13630.075655110515
84861,18119.539593602094
85787,24932.232238975164
78201,15990.638963853213
83353,12080.86842631572
106485,10505.117725157834
98115,6535.37045688607
83852,14750.398452823487
91320,23997.482894750807
92427,6500.77145823442
83851,15241.421905099967
92011,14996.635684012173
96043,6724.228323783551
93535,25687.15648653361
80183,30114.106393633992
99075,14102.52344456449
107932,13123.251581280405
98968,18439.28789900939
83350,11086.081372981469
77983,19973.670093398207
104722,18646.913979530043
101213,9865.853636175976
99670,8325.383328613621
86163,16604.116885632015
107969,12080.095265542273
77875,16819.1312114576
86254,11697.435315437702
106709,14967.955658498511
79732,24002.152521551106
107841,8180.398259273934
82222,18609.80498498051
82020,18860.11530829793
78930,26731.134029004024
93446,18669.547281901745
82880,11615.00611706065
85724,5461.15947321245
97629,26026.457111444382
106635,22766.395707377247
94103,23369.096484715832
83051,14250.414980514222
85087,10999.943424118654
76917,17635.882599464836
95037,30195.88489925013
99867,12335.949898473802
107425,26799.126148494703
85753,18465.074741957185
95099,29377.161316727375
81950,22905.713267701634
87493,13545.26788636997
84035,11631.673659893917
98743,12086.740641075652
84532,10920.447357377649
106827,11224.821316503367
100006,11416.089350797527
108013,25270.835329925016
102898,10266.161027424052
93509,20005.208670687643
89759,10820.502372304152
78191,28946.173637021406
80286,5364.211003500415
105908,21178.18242460939
85325,11215.929194074852
86177,1433.6879995911004
86780,15799.156157726407
82738,8715.384231259668
78918,22861.34825336063
79161,34338.11044145365
84004,10647.9282742402
92541,29350.111693321684
86047,12936.590384215466
106538,17302.620913108403
96648,3005.779314050131
101018,9670.113559571415
97019,22854.993949802098
105288,9480.870827854
103441,11922.602594991331
84757,18262.852041489474
107069,10590.24205916797
108356,25608.279178684446
84436,9571.180898392573
79898,21002.227806916562
84703,18049.834629515506
101219,17850.45139389852
99858,12922.460517917803
77333,9506.884099493545
81923,15935.55994420014
85116,14265.795696205343
106149,13558.30368336034
91228,22577.41865337269
91512,23018.57941107484
80878,21436.054360962735
91229,26800.640974059395
99181,6701.541682547686
97944,29584.175315694214
78314,14968.97850708205
103087,2575.628623319237
98170,4722.7110260190675
86475,7140.735479504772
76501,20958.76534426803
87632,17287.725228941184
78342,22598.19595428965
99723,7959.078954234283
87620,16059.130011934947
108111,31455.83293643981
89385,9276.652854109328
78604,12871.242938561045
87199,15133.3816117128
106661,15555.873052311246
98162,5165.47575202756
95522,17291.425896069064
76276,14854.14122635388
80135,25024.760198297532
98199,5075.746244517941
97771,7722.9032110699045
80509,44865.2127755269
80570,30286.370759758778
102070,13475.351305231656
87513,13162.704295654272
92822,18678.135774377704
85443,10749.014094283659
107258,16937.133183141705
90876,22253.10881854751
105021,23534.967602536242
106246,3158.6495022270246
102213,17482.312774894002
102502,10625.784264490765
97859,13281.590803579951
90858,14707.170570340619
103900,6361.800254290225
101159,6034.1049830993
79882,10001.033985182323
107307,16943.501808949397
91892,15611.09955874391
77992,17268.69874137854
103300,8887.399353644141
76540,37653.07093504052
103225,6279.891118270069
93202,25114.58198744766
106035,7402.864479065232
80459,8770.831579459395
90377,8638.976788418047
94302,22782.72391531145
107598,17146.408924097545
97476,15937.809050964395
96871,17742.74883989517
78543,18681.051482864248
89215,9127.607024046883
87251,16415.403545279172
94113,17975.18279758694
89499,8500.836876829242
104785,13777.574745958293
87775,19947.434307564312
91882,25784.33257529125
79256,27271.557196619193
100717,11941.991057198902
104470,10561.457924474991
98732,13554.354870954994
82547,4962.327008604596
83776,8487.091465887119
106546,19053.794845155237
88539,10168.338674020808
83929,17701.019415492032
96026,4981.786544752278
104011,15634.722004169598
76131,17719.86003179787
91826,30235.513915364267
103999,20185.87678097785
82675,17727.17469197599
94439,28546.335277535996
96307,8599.101328806224
78033,15887.711001310614
76854,16021.650880404864
90036,5336.508001081587
103891,9489.736266299122
101263,13108.365593543305
91712,21494.065990527815
80856,19733.23660039116
95058,27041.534306069138
82735,12172.00848085065
82588,23446.88425072431
80775,46501.31660211862
104524,13144.284542514011
98431,9816.454244135268
82272,25699.83940213111
80152,18003.792630532087
99115,13568.2713458894
91591,24852.593209063984
84573,16663.646685566724
96777,10190.309908691532
95331,20509.095390659262
87492,16107.926103581645
78031,20163.702329935913
102367,13708.703370394272
105139,22996.40382761747
101793,9495.834477646305
82312,29242.72486602656
90663,8267.140476275614
97827,18746.863377696107
85812,12150.546760032186
93839,25721.50833651508
92711,21841.621130549174
90705,12678.681036013018
105089,15288.802802526188
97946,21170.68172760312
89744,16695.603205418243
91047,24951.46317242959
101166,6469.514414799982
101641,8827.990815730562
96865,13407.221253984957
76615,14186.452339124284
107736,16798.710590032817
101285,14726.246304060885
87016,13764.84897054531
99919,9639.941204579765
99314,21461.149458701737
80754,30745.976714553064
94215,31707.881787071557
82552,17139.98121582385
79696,36603.61848818234
87903,12616.406121553053
77373,22387.97687137642
76494,19455.705974325
80003,22185.127771663174
89000,11364.456286172877
93128,26252.428482677584
107992,7762.851660058397
89029,14101.457411832234
105461,22466.771190925734
95945,18777.498784782976
103106,15501.614732079048
96246,22592.57894734612
90428,6374.8801239806635
88909,6976.736165142167
85222,12399.503726486611
106888,12215.14106735913
103117,7580.9200992415135
93022,23036.373316299898
103375,6934.125427881547
93229,24711.544338457345
85603,11040.123781602364
89869,8948.97091483968
102338,8971.351196419477
82631,14031.043715882435
102687,12671.096911995628
82001,24564.047854185934
80204,26682.821367506214
76279,27701.019229814425
104066,20217.35559763701
85918,6128.983158387651
101590,11932.220018509965
95375,23667.154711430456
77897,13840.437275381337
95209,22031.831377819777
95921,17964.815870044156
105769,8056.009686758
97833,22027.430025287293
106557,21001.058006080275
80274,19867.00419518494
91786,24451.90763795181
85350,15066.815319493908
96217,17148.39292572977
86429,2124.303865854439
76233,20746.065463041625
98782,8064.894774855915
77064,11219.71754403846
82904,18661.174335869553
101384,14282.11413589491
103541,8466.584968198003
99625,12188.951192568784
89436,19774.50545413216
92889,19892.00371212371
78390,34045.39537855494
80649,21637.132957830763
78894,26162.476040544774
100312,16116.39225714773
78222,22378.292996084754
91392,26433.00986340236
81452,10306.819414229234
97819,2660.9494163694617
105008,10436.979898433492
94993,24958.317244930833
85430,8593.063737707183
94075,35727.40086098456
81246,31812.18625315219
78432,25234.896160788354
89458,19312.22171575806
86520,18487.41691445865
84594,5043.653320178215
87131,7071.280319830956
103493,14595.088433982513
95302,16381.399648317427
105156,18276.522531030656
101489,5396.130020674405
105619,8637.079967560741
81460,25415.272893895803
79311,15382.304563492391
107401,23114.64515705564
106068,15472.445760079834
82033,25460.68253666148
93749,18649.220138376084
80321,24663.963219323923
103609,12823.429839713266
83443,8403.48165502034
79664,24930.046343676513
91263,23659.603561893382
80368,41644.45982543328
82178,17110.82419582132
77812,28564.055532811326
88159,11914.101633878134
107356,9661.50771184254
79312,23612.802106714968
81185,29785.208381231045
103927,10081.55425795127
92977,23745.141584555182
94013,21253.588869489497
78601,19177.314631974412
103250,11192.729528707947
90673,7194.893812012946
92757,26870.15520708551
86876,13362.484307463572
99148,9566.213721088832
77972,12421.472740613186
79854,7738.515352721763
97128,6824.232346749952
108059,13900.998201417562
105613,27828.225098695257
94727,4310.458370661727
104783,5920.907081424259
89446,19284.071814827752
107306,16340.574125232233
94890,25579.54134957453
94080,13085.968873888662
81720,20920.725145938035
105157,21212.635544710574
79438,46287.354278777886
95275,18795.767521516784
86870,9535.2480156612
86336,15215.094205566478
95031,28431.50999674514
76727,30865.668207725146
76416,26487.359248305525
95523,24471.866081209228
76945,12944.806903722638
92733,23341.275416329096
87625,16846.538992431917
105282,17256.629237171728
76798,28150.096219168423
93061,21640.51821129267
99449,4829.38932364207
88177,6717.718299002474
89115,15775.871489872283
97192,9429.059067643393
90003,10790.900288965204
99544,23150.161044024644
95661,24581.31486147245
86502,6112.135250509309
92299,31372.078668220376
92164,30751.280389275707
79415,10923.498517066939
82793,8449.136178230008
96761,9064.176309792296
95372,13587.953576006359
78310,21480.17591100138
84611,12376.0919178482
79039,13753.902486359904
83955,88.56812480814551
103422,10134.543531012678
98290,15345.438592047925
89786,17799.652172090588
88966,12363.988989753721
91692,14930.18962023707
99720,11602.794365653972
92291,36037.500595990554
104283,19185.032335553842
77907,33420.05965110326
80667,21634.25184344116
83714,11423.1443763227
81499,31732.597583563504
102870,14236.125722632103
84245,16305.483260124514
96709,16770.73411752237
96985,13174.004631588701
79739,23794.111832417417
101167,11669.522081733667
101412,9717.167684033935
97207,13469.236603183817
77022,14709.4191268797
97267,23422.173622192466
89310,10955.559771687564
88525,7624.628979190631
100951,16681.748041916217
105401,7322.445209708618
89558,10490.67929824494
97593,22480.511284446082
91993,21966.174734583386
99362,14334.4303662897
86021,11445.628547435655
80590,29922.911413579786
76881,20752.556008654574
97173,12535.195841130902
100208,17818.734296691444
106111,17532.149252609408
94771,16752.25685490486
86006,8623.8100427553
83246,13923.077304719176
81624,24651.847105871246
97158,12030.413640079001
90839,5309.688915339953
76730,11514.825868923217
95912,27135.092602307515
98742,10491.752272171303
85366,12194.398122648447
88971,8220.975363986363
91073,19432.28182696931
84276,13790.879829408892
93643,24595.220131132563
77674,19396.235788236736
107054,21495.249267970765
76029,11908.669616435567
76703,22427.40266706307
76951,29970.625559795488
92952,25937.45374298538
101165,14288.189769295219
83703,16633.001660180307
102514,14061.378475343983
84274,14821.953920033033
80933,16098.41322410808
89802,11606.8014860939
95459,27025.39713729419
88242,10744.264497614931
80337,22466.75941681776
96758,19962.935910323315
81706,14995.644073328978
92861,25889.132099178547
97057,8191.205454650917
90369,8880.429327570586
77587,20406.88080248468
92265,25557.602825608177
91500,36412.868803462596
105511,22819.096299306155
90137,7989.583675960894
78339,9641.031686708055
90208,9678.453508296327
101548,12384.337188876452
79969,31474.86740248333
83047,6124.374910542188
106469,15826.40126989098
83513,17421.59164761557
79652,10567.849974841403
93970,10588.69271487859
95655,23390.76240744807
93966,15671.58127780362
103174,12721.461794410192
92732,28322.043576197873
104052,15438.241713229014
104427,13768.473632632464
81504,23768.015046951245
85835,9600.095044748741
85265,11577.934166629624
88872,9296.53496072613
81581,24100.249307067716
87525,16127.814828608927
95242,14860.392880869796
84066,9727.802620571892
91130,34766.012272524196
103798,15351.811504551646
79777,8783.61376208099
96975,13695.718704220926
98657,10280.844979585148
89241,15760.773651817639
94846,20994.040554131716
100346,9161.20751354951
102570,10764.011480693225
86462,-618.5404786879008
97934,21478.94753691944
96947,9141.131866144511
83667,8577.327149127086
84928,10893.580069693824
107956,8297.65618837328
98949,14155.842879245596
90998,9012.23451762287
97708,12756.276733803592
95416,25903.226456191755
78313,21779.189252468204
78886,22829.373858412146
104031,22835.12880875534
105160,26313.045032143913
103659,11522.58719967099
82200,18717.864300236877
90814,6648.574474549358
85367,10460.656265636033
83180,11187.565008890495
106202,20336.079883676954
78450,18824.90010941097
99063,9939.37233861591
83877,2878.1473900207493
103411,6950.545876459248
108533,19751.108537763095
98123,15893.77010682381
106850,13267.039100789494
100148,9032.701280756446
83012,2867.220331134071
82410,13258.31471790676
81994,12331.615743177099
77099,38421.49590699385
83281,19877.085922663144
94288,23911.040596983163
103702,7033.646069563489
105076,14428.112401451304
77642,18952.34707545652
107183,18085.371656651594
106615,16526.41721711954
84149,10193.078753995884
76911,7012.6441264397145
104162,7660.235765257865
102563,11210.714897816739
98356,12051.870904828436
90601,16513.418411809835
86307,12138.596662800323
83892,16494.015908749338
86128,11432.293626282597
92836,20024.533596690337
77569,27281.553410339533
108327,18959.97990757838
101953,16695.55047871043
105792,26290.976730336115
97726,439.9988645684207
86652,9237.863138385233
84446,5510.24754040195
96826,13448.016836030612
95460,20277.606716302907
86352,12348.181455454207
106793,11670.159211513004
87778,13853.819753950549
99950,6635.046842255135
104088,16345.201054438847
92232,18352.032599264625
94143,21989.127738380863
87874,8259.629842274095
83793,13806.211022443022
108182,20338.762600196525
102804,9638.503198344173
97509,20613.610095054493
96468,9524.991844195814
85388,15885.229063956416
76856,28934.168464642367
106114,23975.104285162015
92900,25565.673479174453
84771,7139.602354063769
87714,15019.683198720682
80892,21720.609796818128
91592,27351.729348419438
102842,12443.841923685395
107139,22108.768480152285
94334,18059.7644165706
86768,11126.30114886335
103414,12933.324913673787
92179,26876.988476227518
106474,15756.634159645793
86309,10318.45609455934
91109,12440.351116028425
78133,25348.3397476314
76963,17020.338092413673
101391,9643.802260124736
107342,7916.580975604302
105184,25793.425728272006
104693,25079.644399157638
89673,17640.555613303135
103903,9304.963060618291
88947,4631.723712122708
87569,17971.62008492397
76483,34226.789917911505
86102,11093.463617570756
106452,9201.70704506751
107976,17721.04856639175
85216,15634.610499666771
76812,26696.759555441327
90905,22652.289848432716
101716,13675.42438121332
106450,37463.53864973287
79930,5796.700396370099
80812,25258.15162250027
80862,20389.68975569334
103996,22545.393162970067
93119,16856.528626308427
93986,11194.758033786537
90226,14969.390588288967
104841,7672.617950963147
77115,8190.6239003994415
82162,44316.785431023294
88176,15787.546252338012
96807,18604.047012364812
87893,18425.11034001049
96864,10647.337347697161
81129,15597.101815113594
94158,17847.98691107708
87268,18736.008847981604
101545,11894.955525498866
80322,14309.200200767198
95591,19050.556553523726
97284,-3501.4130688827645
76503,19053.135675270692
102457,7759.699641124505
103358,14835.710467838915
85800,10050.673124261884
77892,14279.286135978895
86918,4643.650259067974
88797,5922.4910279823525
101581,3653.4096897686395
99941,10677.320302158128
86005,13100.084790146182
92601,26078.578155571333
77922,24484.68056083034
107005,10850.89707682161
92729,22417.782415907568
99740,21399.248993383968
104686,10963.181782706437
87339,11641.7574272161
86577,11943.835153721913
105913,36592.600641873476
87402,15357.549852839307
88287,4526.797550214833
86544,8183.848831193638
87671,15924.93848521274
91204,21666.163694780073
99618,17446.360668975336
93596,20360.810121462375
100194,-281.89731065796514
76820,25237.64642851321
78350,27291.728864688805
91114,18041.122620165217
106403,28388.686321702524
77876,16207.498419259064
92321,21182.593373625903
93803,14333.847928047253
95007,23931.774841613777
93540,22075.17551204622
88267,6908.880920411291
100770,9637.245247731931
79033,31339.84191355083
105481,15100.513587954381
92645,22099.016899563576
91504,16060.268858211726
103374,17511.021265711344
76555,30114.883990557486
106876,20177.245054546875
83008,6234.077394364023
103085,11118.833071534988
108288,25566.068201532384
78153,25571.80284217451
101104,11619.13200444699
86300,18800.35478742815
83596,10585.720957982252
92918,25193.043464804272
96263,14893.10978085181
95845,25901.641547658626
82174,8201.287952695944
95636,27285.56066169408
87859,17576.659170841333
92038,13650.456961155374
97965,13575.650208067804
99236,8784.130308942506
102581,10557.443584810855
88484,-11506.515418239513
76734,21110.639910017606
107756,11313.39728497251
100368,16633.211209090456
92542,27580.51660094413
106507,10947.304167559487
94713,16333.863023500322
86830,9849.512742634019
105659,12875.791314502465
103299,13768.327529011847
77388,32811.81206316018
93171,27016.894324249603
95564,24197.568992586166
92209,20970.720574824896
103068,3566.7748760389513
101008,12263.945747533333
101098,9529.878621357318
100297,7074.716685146763
100668,6175.699036888604
83587,12115.681444375616
103730,10328.431610019557
80300,12858.324960039274
90994,34950.35406357325
84749,11374.981755902787
96883,23497.558553059804
83643,24497.96792799048
101307,9713.971489094256
96979,21444.376215741824
96090,17208.341630936833
82603,7686.33748321663
79091,22202.362387430214
101959,12895.292114950105
101554,9666.360209337334
100961,13172.469581007841
82778,10362.494534980797
98924,5939.098490208038
85086,8096.896813331259
89149,8190.51765532323
89443,7105.914482861583
88608,14077.629278117209
108064,23269.409927164437
93913,24709.78935432888
104833,19983.726008644284
88819,2679.27624514763
105039,18566.634942717414
108163,14619.460271171265
78429,20855.06434141216
100022,6220.185255182034
99243,20272.140762213676
96715,12217.389981429704
88735,22222.720011845202
86496,14221.326638869621
90642,8211.64417782845
98358,4938.160299645824
91268,31600.937634027592
106457,12759.047529043717
87063,12704.763268208277
103942,13175.986484009554
101823,17063.12114478927
104919,2763.2133385037014
89192,20914.127038258943
78525,22136.08673455415
82948,14617.923825266975
97364,13654.521851804442
77638,20336.913853390346
94939,17075.75247093939
102799,14054.982110571553
97063,18807.26360611971
84889,14158.291787107897
91197,10404.08127431167
83936,1304.6216380816186
88850,5459.025532057189
104781,29421.167453450907
96341,8633.353178724501
77784,20446.86112404149
79500,26253.855005064906
85956,9445.740911665402
80268,-478.9702702429495
76575,26814.813558638125
88273,15645.501485848887
96863,8282.804899317358
104149,14836.887256812697
95323,26313.90345125222
108521,11988.110730322223
104891,25014.221245985464
86333,7039.363151656289
97441,28803.919016320622
103963,14080.158118777195
94117,22927.109299602933
106930,20748.215392765414
96478,12993.421505164646
93273,23070.581135811095
90140,1738.3436637149425
101752,14575.934727561777
102564,9357.84527156598
89449,9715.134539527207
82080,17451.96023500366
103168,10345.57578780796
92400,21429.053147889936
89829,16967.824134138093
100294,16746.9661146671
101914,14455.35114542619
91223,20273.83412610204
107925,22991.153686864694
108124,5580.123647574335
99736,28231.346651086453
106222,-3987.020158763946
96843,5408.708356029325
86576,11572.64276336832
106802,22146.29251394332
101331,10005.665902456458
76847,11011.311747751824
82850,11428.103000367293
107284,21469.14702185885
77599,20900.846449116216
96827,22247.395880996643
76080,17942.30109790599
89213,10888.855824028724
91332,27281.35630576432
91930,26056.775957551145
96005,10451.926330247894
94637,26756.893671405734
76949,16099.942537809678
93336,26269.947892760232
79792,19086.49774035804
94859,27413.3303892001
87815,14709.667032005396
100994,15031.548615995387
103939,9000.890413810324
91674,26407.579694389467
81166,20067.1318396157
105292,20370.518603140663
76991,39807.388861315645
100176,17229.66258833476
100118,13797.525423593004
94700,15685.10802458979
101432,9893.282911799237
78373,22324.378354861707
82918,16712.481469887367
80619,21760.228481617974
98870,5832.053585552669
99728,28490.934140950398
100347,15529.979489798192
94871,21956.191402481752
76922,28253.810291271497
102057,408.14493686388596
106406,22711.21299193085
81647,32421.784300632004
86232,3904.5992717119807
90976,27289.397647479753
101053,13067.568085149673
87392,12249.53658525151
97377,16372.935344187485
96652,20202.03793584679
88212,15002.474192428082
106859,2266.5840716066014
92678,17703.17622330562
99554,5374.848241484084
92531,35230.9784242031
84190,11401.858635024255
98562,8247.896881277993
102014,11432.977599458041
105663,18434.7167274128
88795,10529.46354455319
83227,1303.602922983031
97436,1530.8743963896413
101846,10163.205976706435
80332,25078.56334596088
104483,26806.714852345132
97675,12373.412616662157
87703,8753.049847608578
105829,17452.253621071184
97495,12200.069179343292
97230,19805.14757396665
99232,14898.752693553048
108036,3408.5144141610363
90470,17993.133372168202
91410,25567.657470533944
87856,8402.788113641844
97072,14897.218373558702
98581,11413.039330752566
96021,20207.17322847285
104873,23140.549856279453
82366,20634.290689210844
81093,11007.721023779857
94091,21227.84469262458
105502,22151.87926513364
81212,24353.107788242356
78477,31887.60546540031
86344,8833.417718334327
87337,8859.87033575226
83364,12396.085281706619
105029,18190.113515074438
84927,18842.78853845963
92467,24791.824946503213
77390,31259.79340289168
91159,21005.4855498665
86919,13193.703937283834
87364,16298.474526157486
96009,16796.421046870528
80050,25049.15830026241
97335,21548.783924118135
82533,9466.485828995792
88494,11128.64593646134
101773,-1807.3818537884
84410,14301.348003132036
90583,12010.384472263453
97361,9275.741929369076
101276,10382.396030559554
92452,23874.756610086886
107354,9646.441304741878
78584,29867.1308742479
80128,12854.073810321293
88645,12233.934190323547
86622,13546.091888193841
81676,26228.00196967213
107409,24428.476296678054
101162,13401.61862993383
107883,13024.336976246981
84824,10861.173166057939
96253,14312.843539747279
80764,19416.708891725124
105145,20454.45614164381
76292,21667.86072997129
85405,6311.673247856379
105373,25212.549491268277
86540,12509.120789290842
91362,26944.879188118488
90075,13142.07455840228
81886,9021.866351811623
99080,6396.498533751961
105235,14340.01833442002
96437,24248.23911303244
83205,13029.710175204178
94569,27291.097365683527
92687,33594.323157251376
85951,15185.630956916197
84977,11445.636112653272
86143,19777.22939877784
81763,8731.660121789668
92970,32528.416073981163
108286,11503.398937734746
99395,7682.272851760848
81779,25165.01398406249
82131,17479.87631366578
77833,12422.285333289066
91949,37275.01575921319
84571,13964.878105416166
81403,32892.116284807664
86275,11514.171666064765
98103,5551.021814090185
96519,17889.21178460178
102141,14946.10435033335
95016,25674.059295581872
102800,16288.408082267066
102275,11953.804180411826
79437,24692.738252565192
99129,3247.2875997551164
102738,16873.807256244996
88502,13394.093866207579
83847,5845.407031523471
82098,25120.87584866851
97608,10464.037453938421
93635,48287.46723415617
107415,15493.705754471797
100604,6815.856613846263
95825,18921.26893543094
89837,9736.034233931772
90563,15576.429525565007
87183,10336.367084462952
82030,17781.39574199167
100952,6700.757762132911
88907,5374.285993056168
108136,16572.886108985942
99824,9726.90566964756
108052,20731.28906597031
86157,21063.13845427931
95635,26615.94049166747
76024,21356.00998719402
92449,17242.005819470127
101870,18704.540339114872
85896,13036.634368548577
102465,4155.248579999607
80302,15570.235808285128
104316,6850.282279010848
95294,26836.86375979999
106995,37905.04331446474
86510,16003.90399678277
87250,11790.990682825737
86483,21026.31219794808
83417,14270.013450808823
99580,8436.170428797457
84527,10484.086724703637
86193,13728.926554569625
98832,20900.90168937274
89427,14023.737647471688
105172,9793.629387860594
100800,12172.642062232393
81313,17676.134340309087
98110,12666.038867543291
83944,13248.813016694534
91420,21218.79338451456
79842,23997.875065994347
98350,12834.841053532524
104288,19234.197163140372
96086,17327.703863231378
78566,23030.605834770045
84457,16814.93473476851
88685,13772.417486869817
87157,10486.498828964657
82023,24008.574437835894
95492,24807.132258673824
84139,3581.93381522657
89309,20200.047239378007
85676,6794.48382808562
94553,8767.233427414903
90271,6088.3977853338
85678,10065.949826532524
86238,8004.653335593641
104335,14835.8261476755
83609,15979.722677069498
92930,21605.133850167564
101478,7052.9733569959935
86537,9885.717036773785
95350,26032.0437295421
89176,13247.864185270213
89383,11754.204972678475
81369,26481.02949877204
96749,6906.347389263363
95414,26972.219641903182
91568,28596.03475129923
92425,28752.35205059487
107079,25717.234107808195
93550,27492.448006629973
78972,23292.773395295735
80719,10132.14143206121
92919,23134.562935533642
84505,12705.817071696423
103401,12732.49152183652
97516,4755.940490847483
91738,17694.571987722913
81664,13813.974072693236
108017,11414.384691591229
94154,18534.05655585529
94015,25110.726114561578
78990,20856.172001994884
100198,8151.499490739923
91258,36017.08689199491
95886,21740.486663216565
80048,37590.28310271389
92615,21794.5518226111
92333,26593.512355295985
85637,5996.777298905246
100681,19595.02677217094
86280,6756.7251622084295
88934,11927.484770372947
102926,14118.895861649507
88415,-2561.0001503629537
108063,17270.840845981613
103273,13562.352430171246
79468,16435.408206966837
91285,16147.647126955679
99111,4250.404287334328
90686,8477.677777577948
77458,23145.56060384703
103540,5398.390143717552
98158,13140.942280623858
80240,30705.80942333034
93032,22318.20146720037
92380,19790.821477145742
91853,19899.189122716547
76049,21415.25034608558
98852,22973.425879311602
79019,13822.452681257942
78009,21067.879597407256
79038,22073.993773118447
106404,11573.127555774598
100619,-1334.551632112627
82348,24917.591502817653
83844,9368.78311310176
101370,14188.302572827495
82900,11130.04421637526
77014,24610.38702429668
94704,28608.189622114136
105395,19480.4987904336
92471,26456.46468941121
82964,20133.502024647576
80223,63487.36626802747
83523,13396.615039304874
84395,18631.657002309366
77474,22946.01964687898
94649,12276.571005390375
79826,12184.908175234232
81786,17683.68782059924
106749,16280.565285512872
94115,27532.72455226873
103835,12274.71018906511
83617,16329.356852775993
106555,13592.291284617939
86868,9688.62003019749
105245,5501.270678142697
107495,21190.382604339786
79571,36875.88143975398
100328,15586.93222688287
77453,26828.07432230102
91473,27283.12987176246
100493,16342.585763125302
83383,8105.930587682116
96482,18405.998808094722
91509,23547.318480228103
92051,26170.468281014415
82251,14616.456965219113
76054,13526.381667619338
105927,-728.7838637382083
89426,13687.010258674985
101006,15221.90626607876
96504,15600.070338654477
89053,16593.61551225357
102578,17504.763096189912
104576,14138.077052317516
94137,21212.143360349204
96387,10892.29351829717
106040,18374.493344422386
79795,16303.125214497064
102216,8424.716337471968
106933,24178.541828920963
87217,14337.726493618626
98953,4835.715282839068
106935,16266.230646536162
108160,18112.843531049584
86220,16338.209007193771
81017,16091.73207812119
90319,7071.958172604936
100847,11012.496041342121
79811,19791.6128493257
82324,27162.66356437467
79204,21987.623309933857
76561,21653.711928373872
90313,12308.956912459922
94271,17467.491583877752
99090,6909.268498030666
106261,14858.636698596572
95699,27511.131758816904
101624,6363.716302374582
92096,13408.312769374796
104402,22098.515875966506
106877,387.9452176632112
95341,26871.200201829706
79252,11413.13508801932
85039,8378.039351677959
95172,19669.053233622384
91340,21011.760307645876
91584,18787.816502243877
104972,17113.47961221375
80896,22695.031409106232
93083,21291.51729168823
90855,7734.281423689943
78320,19254.332102506858
98584,22667.126391698344
97117,16529.88669235022
90267,10858.102788916687
104276,12946.835194349303
93771,16923.94624238208
100654,14242.69265184048
84833,15576.853213630908
79006,29157.838235623873
98734,5691.740578121273
96686,23594.140837293962
81262,9139.62461017433
104374,8552.57341816576
87939,13110.609595181391
85868,9965.287426665673
105505,5809.110357401703
87999,3342.207400931671
84535,10668.321694841463
105765,17216.421187471336
77591,23480.72905885747
83018,9385.424895484291
95281,19732.74607983872
104629,19157.878360791627
80247,17524.1890552353
98202,10441.000670088819
89361,16689.96080846274
86384,11926.913612901553
77923,18729.85024599472
86901,9747.739766586688
101827,5159.99399176758
101756,8666.177015267545
77041,18546.0455464408
97753,9119.52196949799
95848,20903.304238567216
94827,27205.508673575445
78247,35658.34250608971
87132,13069.807965575543
88911,17484.612079196
88418,11820.220836819353
77238,16717.107109349847
88359,12744.777411866904
78818,11940.36305773868
95395,20176.369067806794
103416,12449.434483748715
84747,82.96558208525676
101608,4760.58782230661
105437,25133.388100187556
76320,16637.665081855812
98937,842.5545325854036
78233,13033.092314601177
82250,18843.755341725395
96164,20465.869043551196
105298,15551.790081674611
85892,17407.144417199277
93834,17068.757244292705
84717,2305.0543276180397
104176,11839.299122417811
95319,42780.72164321158
85002,8910.637626607291
91460,27160.550652607184
86992,14798.163249911653
76228,22833.31265377137
105611,11798.350156878121
83256,23591.74504682055
88943,18649.960213848855
77394,29678.202928785293
100873,2025.3361317631498
92464,21871.54087246486
89315,15817.17870404059
92773,108040.32261065372
82489,4297.187082401477
76219,17253.59734612814
102904,14415.287948136029
91039,36364.90512859025
104890,24249.363189429874
99922,19501.90129796727
107007,15772.40435522345
90649,6015.089967446533
90166,11729.131040179578
90837,18376.865087669095
84748,16266.750004329544
101034,14093.07322583982
80579,12065.621702585617
103124,14550.05509871288
92022,7172.438240908348
103382,11877.389913602732
104089,24254.711328849924
92089,20424.234475801524
106395,27643.666280927806
76012,20045.35866351903
90152,15182.763684041565
85524,15636.166599181277
95337,26777.719023522048
101744,9040.893788653484
105820,16578.952630514832
100587,-401.05144476294663
95224,28623.226824733065
88607,6094.484940878159
105741,22692.514372121368
100550,9542.615476954641
80543,22916.375548962314
96731,8169.3470980805
94235,29398.47263950597
89536,6055.929777951271
104062,11234.315516049202
79870,3874.764442283631
90961,49717.05012934808
104757,14461.919891204976
78702,20718.365786348993
82823,11312.960500281566
76387,12939.30102447109
83860,10714.968642168737
97853,8213.694485157554
96491,29986.622383185953
93018,17995.10998891796
105464,20577.5637935774
91589,19556.59563294868
81040,13879.652608093558
101726,957.2405698577641
89843,9430.585800834524
82306,19451.113145120442
102706,7570.195764865959
81905,17425.679237979202
99194,17305.670839624698
84038,11719.55729358099
99179,12147.075206820125
107945,13197.566243521229
107187,19287.89688960214
106729,15620.21704919322
76009,18309.236854476258
80160,12764.236950243125
87798,1652.506291890022
106779,11686.447176112328
87694,10946.469645346398
83225,13817.88635634139
82371,24778.463720733416
102154,9879.233333863987
91905,25569.632187741823
91831,21911.300176479286
96829,12435.727323154046
100724,13285.636171841063
98429,12884.119721481751
98046,15922.29831569879
104025,7366.001580166136
104930,17756.367274034157
97711,12397.701971515955
87985,-547.5111418912711
102005,5642.463584772428
93141,26752.565206283296
93564,20570.822481500203
77719,23691.80533731026
99873,9633.654515896924
87053,13602.671367375937
96789,13169.271842093643
107871,20592.36804828822
107192,11473.210903967993
79928,27668.102789587472
107669,19578.47546513258
79401,26457.28079407428
95320,25474.43683771696
94864,27554.821840757577
80654,36405.661203234966
99193,18787.784266263203
84375,11831.943630573456
90211,14563.559739772565
80720,11837.241837598674
91902,20941.12693349368
82275,10833.517757807509
81465,18707.893868805157
93508,13895.551375098672
88780,7335.183725389099
92268,33719.78588401721
87172,16966.834034367814
106818,7740.765190166887
103457,21419.854126870414
86080,16883.949820428432
107319,17983.17409729943
104533,14875.774483314366
105670,26565.96313045881
81801,23081.86145108461
86611,16005.469298503333
103251,13785.602420627183
95313,33104.40150650054
83324,9449.464138776733
106920,13871.805973812821
93607,23526.195187174497
82902,11338.772581905389
98295,12921.461274393761
99592,7323.1203061329
83209,20717.349808162166
100342,7070.572105516068
100059,4173.6406352591
84964,17549.047641508543
101150,13087.996168194892
80834,10198.415332357385
94660,24061.292973000993
86817,11930.284551019373
82881,15851.518484222557
92477,27053.904437175035
88843,12628.854780858645
88409,12826.713681830646
89464,15859.590285982064
84554,10153.69901701092
107456,23633.996961819634
105815,26061.939889527348
84223,20327.821750860647
77230,38264.503562445665
82653,9459.537130582816
84903,8607.986658623646
96636,14486.788520493094
92293,24197.61754560718
76243,11316.400503682671
78795,24174.297165141717
77946,50510.001818475095
108033,25163.92545149538
89601,13536.698633469176
90606,19196.70599619695
92249,25894.753417384127
92624,23523.008827333848
97695,11533.96737704461
78743,30697.254233538086
99859,20402.173110513962
78302,22922.16052429384
99986,17016.288905284848
81908,13088.250877918443
85440,6117.502666802233
91412,28506.885253604647
83964,7320.001945057069
77867,15496.333545124711
98287,10281.077841190097
92675,8936.827170217657
93893,15176.911536646774
93828,27443.307069981398
107502,18786.907646319814
93726,17242.670306944012
93097,16341.0210644615
107762,20203.06965722528
93545,17854.68540827121
89831,15367.640854626836
108065,28585.590556947573
90388,2079.960451582534
82017,24131.51222955383
91025,25381.494997740752
96293,13488.855764905195
99187,8241.950980283407
98283,5118.916591154353
93590,19950.426848806397
105510,10644.371083849575
81365,24008.874351707316
105805,18470.11596923758
95866,45997.904153771466
99079,15573.807534162654
95673,17599.722407718815
99311,19213.483326357804
86145,9190.689197276573
103531,10050.480707755982
108261,24848.97984367702
85582,4147.589994645066
85281,6101.136075275659
92591,36651.71828573402
97180,23726.816427894883
105998,12984.25956364267
101355,10167.89871055141
104286,42403.22612531984
86703,12380.716748227453
76535,11797.192580773117
86181,11135.739451520974
77004,21025.477249272575
99367,18548.426172332096
106001,28995.666003251754
93179,27154.005794790573
83031,8790.084868474427
86572,20577.561132855044
80350,24811.511980191237
96375,6329.600028759363
102219,8055.728434980178
100942,15933.472925752561
82949,11874.12896637735
104083,28116.774816349367
97140,14943.943374161026
96421,10205.614578153414
87075,14780.473564586311
106419,22516.674829756754
93602,25147.907147475213
77222,10715.271619103558
101712,11842.59683300447
106666,7804.121658363874
87295,14699.594735385035
89044,13564.212102742415
106433,6792.794260903698
94575,30257.955592719984
107025,5416.999861531964
89318,8245.703955385601
86030,13071.062896112271
103483,17894.988825498876
94536,18730.14219610617
107058,16896.104442769778
87031,9552.370688840252
100119,11637.468299822052
105938,12217.637638930726
89724,22984.402732490416
99480,5904.617502870533
83017,11901.651880514051
108355,3658.962831572484
94711,20721.911294754973
95759,30474.551830308614
105168,12642.399583906692
93791,25384.147851124784
85850,1458.483562796726
102333,7635.297865162138
104407,22505.499450262796
98798,16842.39226219528
89284,5759.2202862361155
100823,3562.5536654070893
80514,19773.926326718778
105308,16144.86302827939
104612,25808.10316236368
89638,22941.09031529499
93794,18425.346342861623
83933,16191.827889508742
90413,6255.052574598856
98929,6743.607206365559
90959,20436.925795800955
83414,15187.52258774612
82228,19662.087099897733
88669,12877.002862012727
106815,26015.92017715334
84567,10102.076018731896
91328,27670.230839357275
105740,11440.672802332905
96452,6454.750471285486
76038,22349.33137758769
99940,9446.197621214611
102377,14922.050759733742
105229,22399.080350503413
82158,22794.539889044172
104844,19354.230545874656
101203,13801.892645246116
95222,25856.434338900246
89529,22751.53344465306
103230,6719.553736616537
100692,9003.702018037657
99821,12346.64598549335
81086,21476.3048664979
89399,7487.628768725641
102445,3966.694544833619
96444,5914.161821797272
83485,8681.675964353082
93778,31823.272200541076
100464,4942.076477534458
99865,7694.578408184141
100107,17340.357042860574
83973,16971.59139485983
92032,23482.94108710419
94017,14388.87538178514
76046,14992.742689372797
77816,13291.944372541708
76743,28326.45498629914
87201,13209.303280706547
90652,15696.514651913662
103448,15049.870073225495
93642,27592.13048966792
85409,18843.00835097549
99777,5366.119968014187
92216,19517.3928281158
96269,4687.65333055731
94298,19098.474466038635
106667,12868.785655302723
93716,60615.03442841172
95754,27203.37082768412
89379,10300.986237294535
95970,22162.3979082155
81911,16171.043336878123
85652,24637.156813859736
107793,17189.448408079246
96389,23236.38929299338
80000,21700.66964607917
104440,13342.100459746376
92029,44059.07239830471
93473,18706.01522678419
90350,22297.11374739537
84947,13901.023852746992
81870,14537.496217410153
79936,16730.828722599195
79910,17280.18912077046
93467,31253.23596045711
80387,35007.82534196912
104360,12983.034218694433
93150,26816.420228303265
79119,26667.563772436522
104462,84.98829418537207
99548,22708.246738295813
104024,25833.51140046888
83480,18360.992823587352
92501,14278.169118505582
86740,11388.85442784775
82165,23575.12962986779
85963,17702.78117757704
79487,16135.792467834603
83245,13440.329088964732
102193,6687.906659359403
95449,13912.855990413504
99413,8614.193642401777
77176,19460.092121440102
107260,25271.99730893904
94187,26174.295680629308
85664,14410.384518427396
97886,12175.06174457792
85384,12301.829528954782
81228,27362.266516801566
81930,22573.331127666155
106627,38427.213515016425
88081,12137.760383726214
91651,20179.94490296404
98067,531.614092968688
100814,10463.887190379231
77028,48802.50955706858
89853,3685.223278110003
92951,12771.069763788983
96866,23168.22544799355
77498,29032.661000825232
102959,9746.999144904286
103546,15387.21444875402
81127,15965.400449905836
88867,12194.413132172063
90099,9344.427817079937
81637,21740.47087957042
101995,8401.392815959844
92382,30578.3896690236
99078,24510.628782359636
93118,25489.251001600685
91524,17749.06121565799
105674,12108.75962248366
78943,7671.832138560334
99513,16003.893480574625
82972,10726.468352785392
92438,34878.11897540472
76466,23469.439810675016
93315,28291.110549541234
84637,19231.744182106457
91553,16032.723034139359
92093,20729.888792600497
89774,20534.57947453682
86455,8667.693362429418
81999,26273.832263866425
83211,17293.816358922937
102893,6470.677716314385
101347,9797.960596908291
102099,14946.243159605161
108532,17919.82923159776
94030,29697.66211146499
87114,4841.621944349783
78523,33588.68632325929
89274,18864.124941761984
103663,3309.0639094439975
98104,12531.926928844725
86952,10253.51244789359
93621,15481.573620195064
90898,20440.084347887503
88902,18600.608939815575
99135,21935.089219231333
96645,13745.322468681203
89265,7875.754663726169
88536,16014.079471668389
76788,20124.288082567902
96496,12005.323495808552
83580,13625.421325951756
80060,26091.476298629408
99910,13056.396536381304
94254,27368.53189036525
98982,12288.978731063544
101182,8916.613618170057
104497,22602.204998144647
99215,12699.775597206812
102237,11748.332509524218
105340,20783.682289124874
98398,3964.9285859262454
82895,7385.960101233039
84880,5765.355503189319
76633,34351.230812820504
98237,9735.505995697094
93475,16872.805747888517
93644,12902.958434199172
83331,13294.899954649562
94673,39399.216553321385
93774,22745.844407480297
94872,19281.012910558376
104642,24919.895215085882
105806,10131.878060713221
93351,19078.132735762047
99440,23532.897588268504
77434,17781.05254561716
78382,33811.25551269378
76269,22669.581622403595
94221,36463.00969089237
101103,8039.1736875976785
92917,23626.448697773114
83521,14313.344517151214
83915,12490.034496805136
93502,15664.35696908737
101013,12525.32688561987
81762,17108.147692046696
106753,15241.382955020978
101173,1208.090206715482
98602,15248.976696489291
105397,13764.156031202874
97067,22228.022901643926
101378,12086.25028718714
101862,16609.96291782013
99039,11834.069357315806
88393,13723.280455984102
106130,20195.25337712388
85828,15087.337645249529
108231,22388.122006822596
104898,18478.827329572436
93112,16477.030909058347
89768,7655.669595499727
84354,16415.781831979708
100168,11174.647602476834
92834,19225.896164976002
99208,9872.914736159611
96108,12972.244380464224
80163,9663.340967454802
105455,13022.76697830735
80323,24235.45694142391
84714,15611.765269311698
92348,20941.023945711786
83603,16001.466630806564
103959,8506.629553328385
106728,16171.063555916873
78696,34794.98871458418
94150,27480.491646251656
105629,25187.65599840766
97037,14555.384530069627
92850,24348.431473181423
88432,9639.268994820246
77436,18667.595235173314
76469,2018.213503647421
102030,-1529.4095731049601
87669,11202.705340194283
79981,19415.288986188592
99662,13427.208250130934
78260,20539.49980145594
94555,21260.041570083136
84628,14316.835156880465
87955,6026.922528041294
85130,10644.31942148623
76417,30210.20664796223
86241,11992.883040965913
84603,9760.16627498965
76645,20523.339712664892
100195,5712.40060790116
77467,26609.637257687325
98126,19158.99661299138
98081,12862.77840589128
81234,27607.292486045204
87717,8812.051289805968
79724,35201.78020687612
78643,14026.680845911527
93113,28285.739382709624
100597,18007.951711214526
91190,25111.67040890477
89351,12199.431581087789
78056,25764.032345286192
76053,17284.708010206217
104592,12892.779121708183
105891,22846.221399296075
93731,22295.974659374566
90123,5780.723514792626
85669,6830.808941998985
90040,12852.755803160195
103624,8934.588054494408
82545,14068.264497288037
101212,9687.335307069297
76510,12196.769409859466
88673,9330.104571678326
107913,15898.738166388968
76619,20731.43405796816
98461,24423.960685073063
88455,1203.4995886903198
94543,23644.02062071563
79082,41547.65482085159
107039,8454.142123314785
99565,13277.13447465183
85597,16408.73627424563
90908,26901.32331892346
103741,9743.941903792875
101177,10548.908797400421
100246,-3908.0364524738325
84497,23102.888808734933
79003,14434.169963284861
78075,27654.33822702254
85527,12921.165911799617
99400,6791.774468101838
83118,12787.869709237333
106176,21115.734047027014
79864,25381.269723734702
96609,11759.926675668801
77968,17059.840927913232
105349,9272.02694335059
95787,21267.59877265118
86759,-1921.103838299423
80898,16152.927467852758
80948,17189.077716729895
107151,12207.778269159666
85395,11055.903833860866
86612,14536.649968571379
78951,27942.681436684856
79546,17528.182876348947
83345,21726.336847459927
107224,20308.317781147547
104509,17181.323071783263
77088,31322.930428449734
88988,14314.497035266177
79061,25091.942645962452
89758,14203.16277236573
79439,47650.53482889243
96411,13977.503246164604
102234,10284.092945817596
89720,13626.462378680706
99600,10289.205970199866
101235,11169.66810297119
89235,15950.775763212907
96214,29489.845702917897
84205,13963.21769987364
106816,25654.909499159752
90934,23544.42500941502
83597,17321.188169838133
90454,18771.326897107123
82998,15895.663007054769
76772,24851.44826721195
100571,4252.814172638449
76400,29435.917934435158
107381,19534.376209476002
93102,19559.974701449755
97419,7996.996410703781
98844,7322.3480275980255
99354,6491.719123127914
90811,13921.204229670082
98152,12458.827380996503
90157,12707.969179380743
102629,16072.38623383829
102111,12816.744287707086
100448,14319.213521683065
106531,12796.988996512227
107493,8994.354352133378
87471,7122.865905574872
83607,12453.491654328303
95488,27519.15141560923
76205,28320.516693170328
95394,23532.23244832107
101050,-3785.5315678033367
98680,47018.842654120584
97176,21242.943682148092
104530,17606.100782457594
83396,3412.316967664461
104984,4933.65095970525
102081,6636.307229177008
91955,14261.344314065951
79996,45582.73376909098
107833,17011.132063788566
81342,14435.308684816875
104936,7963.306852032605
97105,14488.325372756546
96834,14887.117885392669
96402,15967.999203783314
106575,9665.241968235918
82857,7063.959663612361
105504,9881.063476222407
88261,12704.957011229155
99175,6175.478766203014
89160,13907.508597534164
83875,6439.871121453762
104695,17190.977559678373
84189,13468.499717872503
86024,17708.740566320223
98475,6218.799367285712
79856,29668.607484151915
80385,26099.17975337892
78287,24974.652077086008
88807,14317.639890267921
86288,2416.785472720687
107610,8523.848525827358
94375,19436.242473939303
83385,18139.614505814927
96627,10955.92309273759
101257,16893.537275721043
91915,18139.267579331616
97986,16336.712198536203
80806,24913.464920309387
96930,14660.107455302932
89391,13256.258171086723
85423,-2264.988289591616
79397,37605.61397265714
102565,14812.166105552693
85590,13380.56679885392
81920,12054.383094015764
108098,19963.60655325526
91230,46739.65080882577
108021,5506.943455579603
102554,13907.3735967252
84182,11962.146388208115
76770,20171.000375206117
77856,20079.428664333187
94249,19820.757355841677
94729,20701.98436097578
77171,20874.57136714438
107487,22127.944359966146
78766,24808.154187582157
100849,12504.655223756738
97721,15645.36215467393
92837,17975.93361451621
83099,15560.801457275491
102521,8826.725189172517
89738,7561.850183712348
84234,12901.250449225015
107428,13509.087104787352
93895,33457.45790090256
95662,34894.52393030972
80328,18843.163680796308
103054,12255.389677315572
104950,7293.023315412778
93125,27068.464870164476
77393,45192.35904541677
81178,29972.57286181026
77207,27982.294583418945
98648,11061.25539501707
106065,26278.35258439787
85228,14831.78685583084
92787,23062.099031253936
108462,16359.382730545825
102896,13141.330919075059
78301,14652.171157417863
92584,9586.672148246376
96414,12655.886829146708
101267,10481.637939081993
92934,26078.46809478676
80206,11927.21226090788
76657,15016.044451286289
99365,20949.623597461105
96142,27232.14152307209
96484,12756.042718339362
81767,22203.0236331982
84926,8182.583997843205
84961,12877.69443868754
97487,23647.652092843608
86753,9080.355415883823
76410,17402.95706817505
103512,5068.62957241683
91899,24905.328574346015
82404,26176.60033951899
84598,18952.59245923806
95115,24400.71086728068
92544,20321.984531031383
94011,20894.76644266807
77265,28704.70998011707
103378,11232.459371086385
83828,9631.499221472652
106142,21359.33603115208
76564,28996.953052583674
93718,19017.367606663
81110,18347.43119506522
90753,15023.901102055519
86557,7324.86749314965
90778,7770.0773537679925
77313,19896.478142294145
103914,13191.600098797484
86688,15275.12767700541
102878,14763.739596852582
99734,14138.436951662283
91581,26059.143762004547
105434,9900.631320927409
89221,8437.098680424999
84974,15143.236927024438
101055,10308.219984030118
80952,30082.23461366954
80861,16614.907556995982
77446,20750.69993959606
105345,17225.06798340543
95204,17697.662249663845
96228,13562.991400865838
100840,9087.924024434426
90096,-5689.329778510604
97213,26074.311479951866
84188,11472.713006245933
96571,25614.81990159834
77068,29696.904619045818
90711,13281.619490986894
89855,11235.726755769167
104858,9639.002055198915
95897,25531.5436755899
81849,22274.769505127842
106143,11265.578251386032
106333,22660.492111265223
107165,23485.452235495293
77133,11020.151378867653
91788,25821.444903868833
91418,22100.874887467668
100158,12888.413929074304
96982,18584.53653286773
81275,28058.19759960081
78741,17173.529718986654
104961,13723.866918789688
89332,4415.801132158231
77546,30413.228693482786
90860,17839.361631219508
79924,10419.242248125549
108433,17112.130177716215
101702,14724.082014055835
79340,36027.002076253106
107333,13557.378362194955
107963,25743.75955340275
89408,8972.906114033103
93686,24033.684125772153
96129,14527.750009294512
106156,27519.859480505183
87515,13400.783993457997
92980,31620.147882264297
83982,10749.394809888065
85504,12307.248018901635
108354,13206.326216039568
97260,13130.939959155483
95437,26016.294652118755
88483,15283.430257784436
87959,20945.896656840196
93858,19057.736780914245
80968,23123.79871664752
85754,13160.751548393193
87723,16929.44502148035
95880,36830.18730408815
106868,9918.195254239457
93138,13083.529698308848
104747,14764.285739602987
94889,21186.522161888963
84681,10150.901173918624
98538,7281.631643106724
77073,27568.826690846137
106730,20477.345116633544
79208,25303.21889407243
100127,13437.573360008217
99655,7276.57187642272
80695,12844.763769924699
96818,16506.60962473412
101382,9335.2445134109
81239,17104.71969013178
91299,26030.45048623513
83005,16939.74322438601
99363,10652.682085901237
76302,22144.494577235077
98317,23994.887675558202
93829,47142.136448868434
94188,27528.556228314264
102190,16663.19092810678
94901,21096.486752053403
80495,23918.91312820719
101373,13494.928246354088
76822,14322.104288963747
105052,18297.755193633988
98580,2977.294132736948
94567,17962.233692227965
95144,16502.615763745212
95559,18611.678129321357
81580,34260.37127434088
106874,21287.716961961953
79121,27066.38686414587
77257,20647.772945204953
87589,14307.301392255613
84579,9302.941509942582
95950,27064.588463816894
92510,19600.732602517717
108139,18182.07594599796
76182,30471.197687504115
88687,14550.435488034986
79244,20780.92198869177
80690,26427.643003211255
86259,16965.170437498557
76977,15184.477031616902
95716,17810.7784402681
97234,14601.55816697568
102608,9869.63560706412
105976,20183.61997295823
86505,7111.819316096633
91220,25370.494614599054
96558,12833.374353710271
87444,7777.434533599735
87498,16602.20587203394
102631,17035.181088236248
82185,21935.443056758028
99403,26523.67323228877
79515,35456.951123541076
99088,10293.274666230864
76226,22397.965616777205
108382,10887.262865229699
85313,16840.69262728555
94499,27818.923565900215
99934,6835.254835922591
82376,17355.09596613077
107765,27257.928372497277
83605,5103.614298902132
77701,17250.112119824582
94028,22717.75814484508
107523,12883.827279169753
90650,18224.633389969647
87414,8447.659423507488
100055,8462.612639707106
90566,11988.486033748632
77944,7939.591981324396
104365,26260.935882436854
100010,14393.333865608292
97116,7213.007076505659
92053,22629.70196858018
89028,13648.630640341144
97021,25766.538497857473
76667,37759.02700156694
88020,10487.951910682023
94877,20694.46700136589
93946,21002.964835597057
107829,23190.821207996138
78257,27844.166058761635
79067,20897.565533337794
77650,34414.38268173784
78087,55411.53246887177
106695,13527.864303797454
94630,12215.615122615258
106256,23579.508720241807
95601,22472.804528117267
105796,17424.783527901716
102585,15200.008233521978
87265,10579.490746310214
81014,31123.253730125012
79536,22269.528657799616
103430,14307.123267664676
95642,32753.034349102265
85927,12517.161357114092
98965,11774.245776890253
82285,22863.05560340517
88076,7082.259693323198
87977,10560.055584651156
93013,24913.230544090853
86356,21263.831468938588
82657,-4382.598136600405
104960,10277.909143844416
84159,15132.958489083627
102831,9781.74877066887
99907,11036.684897703555
95588,20282.650587017168
87604,13244.871512460028
104688,7553.363094828266
78457,31281.561788304723
89007,14353.811756453812
104449,20109.164884143946
97888,21711.125083867737
83178,10728.372837263421
81940,19950.70370650031
103932,8008.620075582439
93309,28907.255911511456
108001,11891.258473042777
104771,7585.5234067415295
79382,19687.99857833449
85883,10773.045119185495
106425,10966.219315778726
83165,20256.64481590662
105632,22752.186357857136
77132,27160.779066275412
101743,5000.811886213109
103628,14732.362279814493
90647,30342.708597387595
84997,8752.74716449561
91158,26018.732320247378
102727,9038.459373861668
83926,20675.25436329862
105492,16826.48465823746
84091,6648.104073128954
90093,25013.08043996853
97013,6051.954584853782
97421,12147.514231583977
93503,19287.33873990763
89921,7317.0439736239205
94294,37210.911981198704
88049,5817.775201445766
87152,10419.7823611653
100030,11446.599415427627
81887,22602.630797265025
92813,34331.03690953931
103849,10175.463676585816
81370,17524.28916921036
100077,6348.650327414303
96215,16501.13015240096
99477,9022.370563789562
92453,27931.4018900151
79103,23907.147814221622
83988,9085.456176573178
82753,11848.81823263623
88096,19198.88725650788
82591,21432.001350785024
78600,10008.124426590657
96130,16007.748792470578
86532,7824.300136568636
78212,19623.081510984324
103099,8602.760154605698
76517,15249.268537310825
85372,11378.792029630291
87192,11660.991860533075
89912,10755.995868940445
100674,18634.207104092173
78362,19292.52405691368
80234,11635.65789115653
103492,12443.955050635443
91876,19873.582780811164
99906,15494.342492298543
86556,15091.095259967231
95439,24855.421199962613
89552,18261.502636303107
97510,17796.610777785812
77027,24760.694890250117
96651,9919.923718022183
101124,1737.9728204706043
81564,30997.372041361232
103834,13636.446575914204
106120,15975.426351897084
108302,15045.611369209699
95258,28830.356188863414
80241,9031.271071444819
103079,19185.444570848733
107671,21003.77766113628
105451,11675.501883096294
100581,6061.030119628325
103200,12122.695842855668
107958,25653.690707708025
80508,18066.520056312496
86519,10629.361714344384
106014,14523.072801376606
88647,7811.8713055436965
78370,21641.48768338318
80157,39263.40049819711
78549,29822.828946581794
78346,17837.02761913807
102025,11077.18949090186
102642,12180.441279062186
101566,13196.407608487236
105090,9620.92045041357
102879,12526.307879583444
103116,1092.2217447369767
108181,21447.484042601835
90077,10088.394029945688
87209,6598.056072093634
78488,25738.268303497418
80235,41857.599632404366
100754,8217.478495026007
105566,12550.039624000929
92772,30748.765081405916
91123,36401.82925101665
81751,39061.655143617594
97826,29293.01327095105
79668,20099.451771983993
93067,13158.572378495053
102583,11227.915929830924
107690,19892.90185541645
87693,12924.957517524861
80476,14227.789232024996
81846,40970.67330141491
104885,11887.512983041961
97224,15630.37789542116
101301,15984.872810124827
77468,22206.241330860692
102865,15684.739196583832
89933,23384.06266951171
80064,16600.18501524786
102316,3497.846283267747
78861,11953.268223897641
96856,4468.081763040653
80901,30158.046538138908
93880,2102.6788197407295
93155,21723.723771501725
95490,26808.551607415007
81179,9209.993954044272
105515,44322.24521662017
93763,34728.54135132961
79292,20374.866784049038
79547,45421.23338175392
76889,16927.03632881443
92884,20768.514900568058
100959,7716.410500015772
103931,9451.289685917349
87109,4305.426285516136
85670,14262.179232864582
106941,17522.752900318592
82237,24132.341967561428
95369,19661.122465501263
104098,7716.809936791076
88392,9605.83277262206
79992,15544.337089263674
91429,21962.890141805794
93131,17070.44575888173
102287,7923.565645051596
93988,19127.139053307154
98533,20142.06855896495
82402,27359.561895080435
100838,334.4372028067082
100418,-3241.13650407135
78723,24370.320636690463
102054,18264.66215849138
103873,7536.364089577168
102429,1875.026676575173
92423,23869.35264891424
100306,13068.352109219515
95398,34983.934724096485
98509,3258.26571583077
76571,21046.246208867873
99096,11331.5082272828
79974,31424.935476362036
86070,9181.850209974626
106407,20203.868424634566
107921,3627.708472568338
99358,3032.4991988640977
81645,30174.42094424802
82190,33688.90850216245
104692,27989.17112644785
93221,20513.269509489386
100438,4266.032860817737
91444,22556.704488269563
81053,31478.380248692003
91363,25569.01175961962
106954,21504.05377286367
106654,18956.866136025274
99522,11290.98592215775
87009,18002.273459835764
87909,12327.909998945397
77419,17477.591890873213
97652,19357.282990181353
99779,14984.966525869851
85584,14860.750538508699
91829,21254.6260313893
88101,17888.827760177664
100556,-2044.339385369727
90352,10723.700386322686
83282,16554.10435586577
83007,13682.911823044444
108313,10215.551559083455
78810,10626.061402390827
98828,25950.564652511122
96114,6695.598203904956
79191,19189.58525934178
87297,11941.548630056524
95877,17012.955962729175
94139,37251.255691352315
100850,8132.014769884263
94945,50199.59732954083
101089,7900.857839789416
105691,20508.08003386084
80668,15636.15223963515
81214,35421.89048791156
87518,16291.33634406919
105030,16356.444053059415
85923,6149.947040482177
83311,16801.579403414187
98855,12103.45144170607
104159,9561.873291443626
82779,11945.922627692547
107742,10497.958570344796
105468,25330.869376035
80455,23826.22253050175
86388,18702.18717187985
94821,44259.73864659159
103268,9507.951316704944
102051,9372.029923409107
105353,24088.2749808777
80456,23629.58418676829
100987,10669.092323354038
91198,27168.36491266344
85153,13679.213695526676
103654,15172.865576838929
108172,10886.992839805636
86497,11505.424761188915
105311,8907.317121343323
83207,9253.511507829156
103088,14335.793697811634
80581,26809.441061425794
94590,23961.417118364625
92857,21453.041539149694
104990,21919.171353791913
106022,12746.688661842156
105717,18782.717989202196
93403,28798.645123385824
85166,14712.873659010133
106430,15824.105361037422
99092,19141.082116640726
91093,17699.429255597453
88851,20507.745258879615
98289,26650.96164249038
105096,28181.061894106446
77047,20044.081663019228
104430,21529.46316803676
89790,1906.1429958757362
95496,32093.255504957648
99397,10588.492531131458
98691,6562.731114293289
76750,30953.329808473645
96768,18286.772446856776
99671,10623.09144523152
100893,17181.45342854889
96376,199.3437317388598
85359,16545.07159342681
85526,18732.705031047808
99471,4355.81323888342
100718,14629.903427852987
100408,2797.167137366516
99396,14665.647790083298
88571,21463.015974116628
82056,31572.917827103505
95339,36598.59930407809
106966,37568.88143485434
87419,14930.898953193479
107951,11837.128948492493
89086,2785.8743183282495
81863,45530.33961214528
85352,7606.555206769626
107573,15475.858854852995
85160,11677.653736727632
86447,13279.871812227735
85129,14650.93305571159
81978,20216.219660761708
76538,23337.882686809404
96475,16816.10348352694
81872,32917.099536359936
100975,5191.205486132007
89846,7095.70886598053
76813,27878.37818109167
79861,10147.15964811451
85807,11576.589132569003
100520,15327.944316204783
83614,10809.075419815694
101194,16585.698417237087
78639,34542.265795399246
97237,6936.272713713464
106299,4001.7688759399607
88307,14630.508044651098
85314,10766.58189221652
105736,15961.388045631073
80065,9046.684270372061
92131,20319.073303215482
88644,18422.294746934465
76738,8249.267004486595
105697,15952.176014743061
87316,10310.62155097867
98209,15080.970900824934
96229,17897.41573728605
100262,1332.5439568167349
100999,10752.10683124917
107614,9508.021965360618
80838,23800.530547800707
100986,17161.249288301304
78593,25674.433849458772
100441,3047.248333665193
82682,13504.036944660736
78999,33466.991407662164
93261,23078.70697308301
80075,30871.060207466347
93655,32954.57899575155
100596,18629.01941297532
104232,23942.630981725553
91804,29779.69488839271
77995,16625.43857934157
103787,6508.418558435733
94205,25132.729159917304
85358,10851.72090360761
78658,20969.46363515983
104647,17675.620085912728
76044,26514.73189989965
76998,10946.564427196048
90687,18663.98436792422
88724,23233.47271976256
89881,13812.859377208923
77162,19960.771680209073
105640,13260.92013440741
87663,17819.36765514966
79472,12944.195610629016
105402,7724.702569330664
93024,26421.81274860022
88764,14977.789024929225
102845,15860.137261868978
94779,20002.45132978288
78682,13543.034696588235
95089,36449.35340302247
92437,10526.455738434466
96574,8916.904741737453
80215,9518.009308218374
103217,10553.949547192955
96957,21428.32448698941
77332,19184.2922732319
88904,17843.290101405786
85813,19496.65823400396
90079,21414.179549904497
106345,12868.177111371158
93236,24520.192490830552
77551,28197.422251302793
98682,12899.1335003696
77482,33654.82147236912
106734,28088.80668634444
96167,18058.68966631402
97901,6679.882349178399
88753,17556.298044285577
80085,27190.079519188046
101127,10429.1105523913
89915,10878.816562995722
77818,34394.72756899898
88216,6053.588665639603
88372,15180.16475250831
83811,8343.8584762752
82936,9880.764619857844
89742,13397.184768213614
91673,30810.87486471214
96257,14831.983012824
87975,14921.679714047874
80305,34860.438152365794
103204,3584.844867996464
87651,11741.359014788788
97692,23101.40604532999
79587,18700.54698594095
78081,21222.582901870002
90382,22408.021095578617
101784,18582.622279238974
86751,10809.809334972932
83746,6088.190811331297
107367,22063.73411568365
102824,11475.528680184536
88861,11453.782098225522
81296,27456.441061644568
93069,23295.469959142545
87324,25042.051549443742
80156,24542.950194360266
101653,18302.203006330965
106220,12616.394832407212
106598,12025.6331616088
100402,13289.118177044002
76609,26010.64377794924
84956,13051.94869066641
95576,30157.08483589448
99581,6137.714199130511
80485,25596.472078352264
77166,28116.048474666575
76018,11210.315577693429
104735,15538.885098784463
93333,16047.715494531993
99795,7782.825879219919
89839,9255.415354122932
82759,12239.83484715072
78936,28555.18340873423
85749,14332.89833467317
103893,1933.1490730542282
80488,20717.797828377603
85554,11859.823940925751
90240,13229.173531491804
106288,19200.09007649115
77948,10399.261292957905
102329,9551.613560243335
100162,13849.29552631671
88576,16317.832832016444
94039,19260.868633937178
94453,25128.720810636325
87879,14823.69224662875
82862,15828.112501535099
102535,16367.725380387463
105231,13742.247731921365
101295,8662.07912553646
103639,18798.220553883904
100996,10759.732950994177
90885,7952.025194025831
98058,5430.921935792023
76405,24879.88970741941
81140,8586.558689575293
106762,1856.8642102923186
77805,20329.64605146961
91903,26053.12479649835
103506,7621.748186329787
99841,12288.594880885445
86237,12987.959969566204
76010,26069.79379488557
90547,17948.25184801474
97073,10276.696775627905
96345,20651.60793638749
104803,23216.599779146796
97547,11668.859962021728
80566,26518.258987040375
76686,26998.39862445541
76532,19268.8788965297
95342,20466.275528520375
89227,9110.413489057799
100141,10274.995988273993
78308,24467.720205617763
89064,14344.319924966403
80510,24999.181855434435
88585,354.0865716812914
104610,16595.905856343947
82104,9924.089656271477
82975,12371.006393123927
89065,4900.924165536708
101733,5040.387024241034
96657,16607.570850191085
86410,15192.80705727941
97079,10732.252653317584
99980,7348.380928601313
83405,13792.577346836028
94937,15423.248368690605
88990,10988.15847424217
100897,8406.698927482561
89852,3610.025044639813
79720,21153.825756789447
87573,7988.053318607097
77570,37654.5499521357
101535,3132.164135478204
106853,28697.017770352904
90614,15988.747189793256
99883,20327.45196588394
90053,15722.617476391417
85345,5108.572358956662
107848,12252.273196412774
93445,29257.41948173313
80275,19448.604697888833
78979,20371.316429182363
102516,12669.261503050831
89258,13351.564922212885
107117,25340.768859371194
106721,5153.049541514032
92982,46195.110994924966
83496,9406.529145487235
81803,70710.3128217288
106993,22378.891308815742
103294,19795.698468507995
94098,13734.669196556773
77532,14893.7961289331
89286,9172.415049661358
89501,8253.435282797174
95186,20958.794957175007
92283,29658.7903263091
95290,22077.360195411224
96893,8918.501895894646
100971,12772.131201186276
78080,26919.229337768164
99131,17027.621830863907
108281,5006.548907863311
100144,6068.747806768937
105273,20790.63265689602
87851,16294.371897043631
108128,12436.029525090853
86420,8557.325021223718
88534,10039.451415967895
91836,22264.39604794362
105068,12979.348452628314
89909,16296.41363224313
83912,15965.415639791987
92078,29748.715178612678
97169,8001.103927098768
89505,9109.977981834032
84000,12820.245869108636
95770,26387.33024757594
96966,7493.076598937914
99958,13708.236790774943
93263,27567.219911934226
85201,1041.857987281488
87858,11942.88696725393
76733,15272.770748073934
95475,19516.018236190328
76959,17803.949087050918
88587,3263.8013411902066
106240,9613.653650562745
76297,28012.013019205842
96655,11475.070512574122
97329,4775.185095295004
104459,14945.9548541338
86218,12434.979993206754
92652,27782.616786289625
87708,8975.034953612761
89003,11545.741012979066
77758,8809.661249780998
80355,3104.6928548386495
102381,9592.332954024838
102034,17779.245754105505
85449,15721.590278527292
108344,10686.827611300861
103231,12928.628931083265
88619,8586.605324625183
91294,18856.42636671581
91671,46214.53564575422
89398,8789.571957053151
97449,13144.403029256762
90985,21798.269528487115
95931,21921.05219774248
91207,15548.40356276842
93227,34952.60609003792
83380,10420.065824793972
88517,3480.173829643507
94074,24584.372839718737
83286,16136.109625681245
78621,25217.84061045696
78559,28879.841966667285
95517,17926.590020778473
90301,6853.905371040455
86982,16437.580391074065
79155,14197.331210994511
87645,12535.301367067208
94734,21058.402817138674
80776,7125.170216253697
80191,24338.345672273717
81665,21125.692329922458
95409,31767.437105211895
107275,12021.691656602256
88752,6155.8388713730965
85344,13907.0331547955
96113,14900.632968505437
89564,13821.796967578135
83351,15014.122868977895
77727,21673.077128744335
105427,12231.545035506104
86511,16572.551816086183
96465,12392.819606377627
81345,26470.829509743533
102204,5820.600113018707
91518,37612.412115744446
103030,10019.801927393943
77586,32388.10070264821
81802,19004.64516972036
97913,17559.12492433624
106159,20359.135957512626
101107,17119.498427077575
77988,29829.632565202686
103558,12287.09979467091
107080,9522.028916537936
103080,9255.498024842178
81729,33141.154483950624
76576,14930.620273445282
81302,26146.5761473975
102815,6423.870426202862
76838,103051.87425252506
100835,5081.594999724039
92600,27617.786773241693
98836,12204.372667563119
107734,9952.167300092318
103146,9694.876853348454
92838,26735.850083013313
107210,18091.93010191471
87193,6652.859387461096
80803,23722.676607850983
99014,33430.69399602986
81317,17142.69283069743
105975,14849.704306432657
91289,15805.673175684104
102427,10340.454080390526
88770,10504.267203101219
93130,17355.389878076938
91428,27265.05154974616
101880,8749.389922466871
96317,15291.7119187192
79846,5752.461748174319
76152,27698.843313141726
98591,12137.15664077505
83409,12525.0656713785
98307,6393.462980642624
81931,32885.489033858496
90083,6268.745710067218
77773,18064.81590711382
103635,8026.023961578321
90621,6480.383891230798
91055,20652.299877188532
82011,11228.629379801016
84194,18641.803036269688
107360,21249.86105778406
89868,12618.027607257536
78774,17607.305653244926
98229,13579.438106479196
78895,13717.559550472433
104821,12521.4202947593
88829,19083.94284217467
103561,12669.182416809665
95077,28912.281783888946
77218,16072.942499909783
96894,10431.809329628857
102467,10292.62091831732
80026,14601.562311736037
81904,41493.538201769305
79212,27206.121537811225
76081,26933.256204304518
102446,10931.678484140459
92123,27763.09440516228
99505,19940.43242196439
90701,29540.930856576524
94131,26932.0727581478
98499,8924.31485821787
87292,13979.53391113985
101982,6231.266004087083
79507,16470.477250686832
80367,22431.99019797941
87303,8499.135821994336
90939,22940.1084527301
105990,23689.503179633888
93538,28296.33434210866
96747,16131.26385554341
96705,12155.262149849455
79540,26870.848088975603
97104,6572.471391492145
83406,15742.323439366068
105299,9347.121828850635
106722,8755.390462554496
105452,14744.3598535138
87290,9963.743938604079
81467,21748.026561305363
105170,23836.880855538242
93330,17701.657924004263
80272,22625.130929084407
107730,13991.456149463047
96010,21391.47227364962
81845,23230.9742289461
80811,16101.049274432473
83571,13883.058729449403
105322,18285.182352133983
77762,17156.612689081114
102039,8296.190610810037
89712,7471.541144851653
89635,13971.107258368604
95445,29434.929767152935
83168,11095.56810472699
97583,8419.160035237961
90719,13243.495651417412
83437,20336.300982737826
95182,27031.361450424884
85203,18749.343371232186
103788,12293.69692311206
82303,17961.9073249028
75983,35274.08827521822
86812,5703.4474827884405
81841,33539.15188208512
84828,8173.288750200358
93783,27231.745184646847
107916,26796.364520145755
87430,10476.553892883137
104874,11068.876005273356
93137,16791.0060052114
103047,3010.1645208670525
102110,9286.217303975107
91435,22954.388170294595
86558,15811.53369394051
95141,23865.121856322905
101513,5463.400552058476
98883,8298.163166551385
84488,12755.824901304615
77317,26238.664164720947
76345,37367.25636834875
91779,26244.136918769713
76882,15061.619890211703
90888,11969.501678841174
98663,9203.932954029064
95756,18331.616407201494
92853,20436.037707703013
105681,25987.519252612634
100628,10217.278939711337
93663,18814.541295825024
92183,27327.329167561213
87635,18576.948042063697
104386,25255.75387169601
87388,13954.981519654248
77217,21128.892078488163
96722,21244.868873512765
96916,14864.34726411276
77168,42164.90105781592
78963,13054.0671875111
93780,25090.527366245893
91677,26660.738062493474
98082,10693.70829281403
76229,21089.606859135383
92338,26372.550459280363
84178,13987.831020193145
106784,10853.612416072836
90742,-1575.4458780074492
96034,20231.22386544943
98064,6825.728379677166
96973,18609.716856261468
102048,11849.557339244173
106484,13473.430843171474
105759,15658.687442941766
93589,26977.916007033564
99057,15161.55338634795
80757,13614.55243804249
89636,9780.923203909537
83495,7070.7463295918715
85277,11295.398760694952
91843,30278.174632616996
107118,26668.866558492402
100387,14972.548475043528
81885,26530.75655576859
105369,17556.04062371653
103588,8833.685280591802
89859,21723.712885629764
99533,10019.530764162715
107533,18174.820330775925
103667,8269.649679057882
92303,26187.384744536015
98400,12644.520736365812
107283,12129.023172812958
77352,27354.597476429582
83662,16599.782296154386
79661,30388.27402519087
102007,12868.968811094499
97793,10901.179154142272
106968,21984.5083972781
91632,24501.14732529028
79763,31264.995322614326
84785,9475.37697348815
92155,18875.062499330204
76625,28221.976644095892
107370,9778.61856327267
87638,-317.66526840411825
96040,10302.590755769692
97299,15695.716107442888
81301,21150.626930042752
83192,16203.31951592688
105291,37879.08574690508
87135,12001.246173135994
75985,28262.39547806789
82125,7828.947634206765
87636,11502.018622272823
78783,27910.158114392543
78662,8200.163244170311
87134,16704.194600436284
89451,8023.477643021732
100098,14322.184412773378
88589,7413.567058985092
85831,14860.862183211197
101724,9859.109637128771
107345,20445.37698510397
88336,14114.74676323845
105588,11367.237367474794
95273,23255.213763503954
101163,11275.989777654846
77479,8995.81561487008
80339,23736.259298250996
86561,10372.851542520133
90365,15742.09263422148
78103,17551.798552919383
98617,7434.505351942134
77621,34562.06354529818
91901,24722.546456415555
93087,20799.986691797298
82739,12350.587703338475
100953,8420.683920365322
80117,19878.153945245882
84174,8726.664863293408
106828,19791.698610263848
90803,18285.470385045744
85910,9227.794064202608
89576,9435.410233474395
106572,23106.29003974145
88570,22334.313926906412
95066,25125.383715670716
101114,6893.73481987798
90936,22483.131867245975
99197,8507.005813458469
106363,8770.667154554074
106495,12201.911975255716
77516,11071.891807619875
88093,3134.9194095667917
95483,17809.100081301178
93513,53249.282552450866
102348,6302.250679803634
104779,11427.98547262272
90381,17146.16978557859
90866,17189.13642516578
76005,27208.477178200774
83160,18014.25666672067
105547,16811.41020146961
102598,12931.062326571002
104485,20180.724007287732
88186,5490.577699308706
100958,3930.9688267918245
93967,27598.220113928255
93296,21898.254774266665
102906,11886.11207563385
96380,16129.155394697838
93298,26275.022320800155
84722,14919.269050939416
76718,19097.07585766974
80056,25741.594285604762
78850,16738.424331146787
100715,10540.416959224502
97058,24029.42296789211
85906,12672.688194303191
102477,5584.533570951462
78624,47244.58181156858
104387,17075.676753772656
104252,9873.254142402846
94178,16284.994830185911
106337,23931.980042719544
105385,19698.969085956793
83119,7450.072566326038
76930,14916.035767585709
78083,25815.875457221744
97868,24523.91967201377
81081,4476.043972171159
102325,9747.873557382904
83604,14126.826438405566
107825,2895.816081593308
105577,25621.694734509598
107308,9271.29172310808
103876,14117.765139335257
97378,22289.015169615624
89508,12120.98272886101
86933,11214.432186052421
100033,12143.614783996905
84820,14638.024549662572
88884,11053.530035549717
105458,2951.3234063119744
103164,9216.293613845657
101838,5081.069502042141
97811,25407.450670674225
93826,26913.359618240283
86364,6381.359513814503
95317,27565.378773592674
80613,17764.92067745536
78372,29920.178358222387
83283,14999.619359661607
93249,26064.211788405577
104303,25037.70514091279
87973,22824.812176798237
89997,6892.740083547978
103013,5722.677344985306
85570,12935.840738586106
102979,-783.7437943938421
78598,7187.172051794885
101402,2216.6915603795787
87313,7750.865204616202
95505,19478.30609744
79319,22980.788313071927
95230,27074.4246416135
91808,17844.470166962667
98678,8245.151793420315
84270,9779.349778638163
84932,7771.45911340692
92433,20398.665971486596
95944,20993.755225142202
101180,14961.577752228404
82624,18721.81539683952
80920,23047.807599397114
99771,10673.920929793836
86425,17933.810925333528
92191,20567.53946665136
85940,12626.996821346504
97391,17038.441592056042
101341,5995.750597392063
76066,21067.752861665896
93226,27227.344610984816
108367,9818.911555432205
83144,9868.424142615753
82764,11335.86711833367
85112,17896.745765371743
97167,13565.600273844102
105808,8152.823383487674
108416,25717.917479991724
94695,32039.74111326688
100332,14292.746920899677
102829,6551.9527468798915
83817,3518.964133340487
92304,25125.956502758694
104385,6417.42410909108
77858,26497.480522314945
104454,8465.188301146569
100292,15109.966169910418
88759,13925.804887739185
81746,16448.138137853355
98246,1512.8899183779722
96680,9413.598249454168
84163,6295.0090542527905
98135,12187.768315406778
75975,28315.929601110096
92064,15605.501535403717
78732,22953.930321921478
99528,16621.205678556915
97651,10845.715520864935
88195,11627.19920798736
85398,15346.079781076929
105940,9535.310259064892
83822,8179.61131365769
79148,18036.80952205442
101011,18319.6146241831
91642,26336.214279102525
92277,27774.645582899888
78438,18549.840127643954
103126,8032.878171409393
90247,18159.016433081997
105738,15738.0152866524
91585,25227.38728562616
99313,4202.163624450128
78484,12357.894990602304
91221,47937.11786015304
102068,17126.5030381901
103027,13977.30398798536
79594,39825.80672642747
78290,23367.593402329978
83059,10879.34706495286
94542,21985.12929718141
80450,15964.289596489107
86055,16584.938087977658
77128,20721.26689868509
78459,24159.93130193671
106614,6917.2948832406255
100580,10747.282479563204
79200,20158.800240278113
90988,20026.60831405103
95354,49340.516726312795
95524,21357.654147048845
89514,21752.31281177097
100494,8628.923459817306
80365,30141.078507716535
100498,5618.740927831852
94820,22712.693831083
95203,18009.09781988713
84845,23102.505333686728
103726,13104.604770229314
78164,10249.29374770497
85894,9674.509825266068
83974,11661.417137193319
100042,6647.800910397302
82641,15710.290751240362
89331,11669.115541050473
104138,20822.463933626408
84136,15804.652435617376
93037,20340.791050278945
88791,11304.11216697481
102077,10295.830609343888
81882,20130.82099239275
98035,6042.969959748807
108194,22683.042375941804
101297,8021.020690049714
98938,14158.837472829255
98486,12506.768597466566
83293,9135.225743315386
96404,13464.84633756717
90115,17112.211105669237
100205,7161.863638500596
81271,19117.043586620217
99430,8670.603231443674
106622,19033.805540827103
80213,23333.862124376523
106624,19539.691614032054
89907,11339.393326944817
92178,16596.12491508937
94849,30142.716428399348
83585,7416.720508545055
85742,8558.068388747051
98510,14013.742289326008
95629,30201.049446040983
86114,10801.08670697172
104028,24194.809161522368
78862,15962.388879755643
100720,16867.71775203971
97302,6004.101798044983
76761,15466.252875663311
97918,26524.81476416852
95704,12629.233968216402
108116,37410.70095514439
101381,12013.891359930974
95542,18291.380943837125
89609,16881.154803815225
79374,13617.35718491282
97399,12749.799756705877
79350,13892.033600990922
101700,10682.650195983617
76556,20572.427688439653
85945,8790.870685750328
92706,24744.64541645306
98698,14727.077742267138
98683,14282.75134895288
95706,28966.77531012091
91170,27385.249933325365
89870,7572.828073551063
105665,21782.9040057151
76774,17600.844797559752
106996,12785.179647433717
100111,14873.336603392177
85146,11284.856018442719
87623,15831.7036417458
106125,16406.822063024098
81146,18167.5231548858
82472,16583.592086781064
106621,15215.681993436767
92229,24969.85565895615
100574,10442.761210096302
93325,23125.32703898562
88820,13594.321116645588
95448,27275.635386131748
94293,4913.10142227239
83682,15061.723649741965
82826,8388.546994134987
78729,16824.081655448448
82431,9805.676211352955
105701,25852.83491667839
90828,13380.840328444261
88782,19240.334311418133
90765,21737.711642024296
89779,14608.069450341689
93973,26033.23356309082
82915,12174.417225558864
107131,23043.810136246815
78143,34434.31287981062
101557,8050.859059936251
81060,23048.88146498434
88032,16657.15330824713
102913,11071.452015956602
84050,8363.629745942642
97797,13150.757932581459
99183,4734.591754189169
81588,23881.892100888974
89819,21666.27713094956
86947,14470.18448644763
107568,25861.944005116195
92085,17327.01428372595
101729,9053.75906050863
89417,16355.907156826754
89797,9300.49315112058
89349,11787.589318677987
86040,12028.971585104635
85454,10684.58881482418
78374,25989.637496063166
84084,13774.644776333604
88370,11760.947506628814
99555,23668.08241937989
91675,37052.43119406806
87112,8174.515144698118
96235,15956.891326377387
98203,9737.67379312875
77675,9414.306577291689
98775,7571.565282000913
81614,26578.452202364802
102391,12332.369348869222
77097,24342.903020075333
80494,27972.339442977143
91050,34234.28539852213
90412,5280.160236631811
106318,13951.339066992194
88976,18105.090277984375
95898,25773.696316414673
107839,23545.335025562905
83737,8253.914030171494
99929,13084.605744326283
85736,15658.868637407606
100856,13674.254452153487
85708,14318.5834573061
90131,11194.669121607149
94568,22927.018642713898
96466,26932.846766138944
100117,12722.47209848449
87585,2726.029848171136
79106,12460.432302865665
80237,22850.537077622925
91302,28370.310198862077
83945,15176.705487539788
80650,25268.01690474352
95104,22332.929230698355
96677,1855.4631209231738
100682,10881.471875439704
94464,22377.588590648855
89293,13710.430239800073
102107,6426.746522722446
92219,27217.272041354692
87853,15742.785995250568
95391,22150.25914964518
102232,10907.836831723776
83035,8584.029147956142
80636,11277.449005973263
105398,23042.84424095275
103291,13816.367580325634
78340,20984.366636336752
107130,11984.53484866547
85694,12454.667990482558
89901,7729.033040631417
101501,20943.996211893857
92797,42867.98785850078
90279,12433.123688873136
92115,26657.528367196282
105910,14730.799738968752
105226,17732.801769956423
94797,26875.49866473135
88857,15849.013773311133
91374,22825.492955615642
106841,19398.634145420277
90283,10383.805728778854
95421,25597.244544911766
102374,-1405.5754963889704
93581,24277.88259193684
77463,32835.202785032656
94949,22722.666050372907
79220,19915.531493992472
82822,21722.279996781435
107897,5306.790536382148
77398,47072.063939365966
99943,16119.876451205171
101334,4464.247007707832
78664,14521.746717992588
98917,24880.686795089132
98320,15211.517835978622
86414,14349.471199200634
106690,16684.736949385202
103656,13632.086019793584
82816,15880.12179494527
92595,20891.341347001973
89058,9899.451505930454
90981,29964.031718106955
84545,26826.63627588944
85121,11087.516251811467
86786,7214.597337926156
104318,8329.231806165539
101816,9802.475566708657
85525,8745.39774348565
79169,21892.49492510078
90473,7704.2959897340625
76459,30110.44690685485
91881,21833.14955767624
76343,17100.729162947013
99475,-2303.0418266238485
76756,27307.403231554606
105158,7506.472128083871
82355,26744.64329462379
102382,9742.280959109165
102739,11806.288942508923
95595,28165.95887019491
92655,19236.765053015624
93230,19777.07906311196
92502,25748.756102785046
78020,14458.396892577177
76077,18003.168283829582
107845,6584.562988331192
94272,41988.807212306245
89239,16376.106182403833
81657,25179.658510567257
79605,22480.984532204835
92466,25238.56317610429
89062,22575.670565847424
91866,20334.851678945837
87629,380.20694046013523
94495,19215.53005538207
108301,9818.236021964927
97893,12761.283213848248
88636,13098.112284964533
76642,13998.661370099711
97723,6710.343756068716
99689,10768.533700430708
98669,11281.404386194481
107547,25130.91635280104
107324,20566.00480929349
96837,4364.140028115769
87607,11549.576342245098
77412,30284.442962345303
87012,12744.458047518157
106509,25878.321401613954
96290,15750.872654254592
98997,18680.05808089103
80784,15771.84946302633
79231,20316.919361641543
99071,10378.523865830663
95343,47468.450589139786
106067,22151.194864185774
99385,28509.732293311186
108247,25413.303165048623
92030,47458.77347472575
106907,17951.167798652823
83305,9524.353737785714
77537,10517.011429307284
94191,26807.5212621517
106218,11340.037184284913
90895,19948.40150682602
87733,13686.994063879101
85938,11437.974038551038
92778,19602.94773242723
104351,26041.36878678047
98023,29343.898195209913
100496,10820.267212129285
99703,21586.46102801143
97963,3364.998593381155
107514,14191.892094719631
90147,19358.180156802613
78976,22235.165637266793
87951,16266.45771099499
87689,20083.26324904611
95720,25237.7881402059
81362,11513.78855015518
88028,7833.560609619715
101241,13226.666179852415
77282,24414.986262496735
87318,12126.0519701585
95832,19102.082069111028
93146,23985.054043849494
105053,29500.59231787076
106782,23712.80261936548
95641,25975.16870561769
101467,12779.250255389969
78487,21028.636589125075
97221,8883.414732426085
88550,11356.323105565796
102969,13600.607879501738
91727,28970.262494141003
102790,7790.627984948747
90218,12495.323334830144
95243,44824.773992601025
101112,8788.226573602908
85231,10873.154484960512
108368,17338.91359953962
84764,5875.478345787327
104560,24124.358476015608
88854,9045.73998389783
96342,24131.91826662571
97363,12577.995515526709
87222,8918.099586332857
85750,13379.097731383168
99457,10381.046878655441
105834,4582.57520105521
81230,14674.951754717942
89905,6535.907161506271
99107,12917.132976178342
97725,27493.17580794214
103383,7970.727652453061
101881,13116.75086494349
79274,31983.700051136184
106126,17505.27045934333
88014,7217.575114980675
81379,21719.61753273192
76685,11663.069468310365
81756,37445.4499839582
80382,24567.434586358475
87661,11664.948798255122
103160,16752.881212147448
81893,33195.264289969025
103538,12406.364033463164
101780,9643.801020804822
81384,20750.40448594377
106350,27765.64220527117
92907,21399.007048808562
99538,13849.07352537736
79214,19514.450347815393
101909,10613.21879822202
107864,15369.087209290868
100524,14153.934629741387
84466,13749.7225973116
105389,22086.66635201717
95621,20126.434039654167
85294,-3652.0347067418406
101831,9610.101285352663
104539,20742.0765592308
97418,23473.118922756854
84417,14761.087224377581
87082,5980.103392818157
90484,19961.818378951182
94455,19549.517421700308
88204,13556.14425141961
102964,13898.189060066972
83265,13075.809321193345
79644,26768.658808016728
103662,12922.105382731446
98160,19629.304522808903
86602,12238.655463187824
96773,18733.136951581066
106258,19903.26847392373
93161,24156.737837270804
84913,5456.858462172677
93566,26021.530168844198
99048,10268.885586741264
105009,18777.20099845965
78907,14298.995070076315
86767,13200.592848301574
91280,29310.190205326653
80284,10952.889925183554
90664,13758.306716367137
82570,11395.266441704618
97344,3381.6884511785465
107585,16437.390067387518
88462,11991.958704447956
97190,7065.1716211347375
105578,7695.034540453664
100275,9291.27584923894
101818,998.1975930774352
96900,13579.413587146555
107149,20578.7015562311
92413,27601.69673992459
79385,31456.521895079786
86389,11698.950153764134
95212,22342.320238618413
76373,19766.496529472337
78959,24810.15094063335
88737,4162.72133473595
92016,35682.04150397844
86224,22038.371820737084
82578,10312.507514078257
97155,10776.764174761513
107701,17222.815002564603
100516,6255.047754769199
100278,15609.811586409749
88637,16606.949635317607
82527,10613.574659729973
84753,8910.937173042767
103714,11831.223778961517
100322,11882.393262614816
86770,11933.22632646584
81754,27173.127819168745
88214,10954.709387931216
104113,13247.086377456406
104421,4247.552190937873
97736,8049.957630661753
103535,6066.570088261375
83206,16254.768756623671
106330,9930.182785135155
102339,13347.41321051032
87709,13462.68885289901
76492,23454.28401503284
77728,21080.910623512187
80481,22204.457258464477
103158,11249.703782903423
88892,12999.9358301139
100388,14220.82876575648
92082,27584.36084180062
81236,27021.487945970366
77042,16492.83269775506
91157,26412.265052429502
84392,16287.621930380177
93436,27126.952668593396
106487,23576.66119948843
76638,13841.776839314902
100756,18443.222585863143
89769,6045.842576698924
107047,27659.823139642074
107482,12952.71078050186
77672,41467.343560369176
88137,12617.324628612289
94234,50316.049446162055
100690,5208.2897629020445
104730,18892.066328691304
80889,37788.60095891447
83038,6439.67658179265
78952,12877.397359419527
108324,9161.613061710523
89723,16477.849066666124
84963,7275.48378251039
82834,16556.22555527941
84141,12834.43856064856
94870,13027.96316655427
97980,22871.872727889917
84101,11913.580688888818
103187,7994.213741524873
89617,14196.646255688509
107178,7766.021266443684
92448,24360.603066813957
105739,12964.876966847107
94934,17767.842905414655
106422,7278.544583305571
84357,7495.794893036684
81219,17383.556379934424
96165,8113.628412412349
89437,9991.296439080237
107434,27188.342501676016
104751,15119.295770113647
79869,37791.90568164503
108255,21148.136037548626
93706,24861.82003176601
77694,25826.134719269263
106112,32722.00100627636
79750,24078.545363682555
92715,26342.82335154702
91183,24082.651513185323
104425,14250.553220106463
91695,16838.88042148236
107783,24390.961957739113
80023,25730.185201225846
106551,10457.704463845643
88253,24873.4566191943
89867,18144.165444698563
83678,16521.007534140575
105660,16236.560459074477
88202,9413.28781273136
95119,25832.93680313659
108260,15816.346983134048
83078,6968.330550883315
82345,22150.60976237514
83217,10854.36892048642
87850,11445.970254300802
81035,46428.94576004757
79575,29790.341093241135
91737,21390.12134852045
87829,15633.327162099988
83729,11445.81072247414
85611,14737.465389111268
98402,6556.359776366677
92385,15386.167787960905
86408,12417.655741016672
86059,19812.248758481714
95741,49254.90656234023
86739,7569.556871398527
78929,24849.18811577368
83842,6358.773380266284
87907,11925.155506102601
88079,15572.453513203567
85643,14397.34491650961
81382,19018.50894855187
83493,9061.416367104684
93460,31887.72507742641
80412,14351.567856640017
88171,8111.188106922928
99783,11265.86403512959
102777,11937.983179002564
80663,31702.529572479078
77531,11254.417101098486
86865,16252.911600550258
78461,20811.65076499409
107352,23910.758210600616
94120,15386.957475630814
79496,21689.41209044613
80515,30931.928731903623
91344,32898.907809012715
79373,33532.21990228795
96220,9528.35388191606
93246,46218.882659855706
106908,9513.816373395734
78245,32101.450551527727
94731,19741.600877439923
90402,6384.757186881354
76206,57024.328865731455
98559,11286.75474815772
88796,13773.659123364545
85816,17429.68464050375
92649,30088.736156442974
101935,9619.564582934065
105463,14186.844598245487
87365,8247.662603469245
95227,26219.71505460178
93234,13715.99705975999
85937,19614.201618042425
101266,11355.930365985812
99571,9112.814160643946
85700,4461.128333279805
107102,13041.693596906756
89204,6529.302165682951
107013,9226.368612504826
89174,13591.531138066115
105413,16210.377473321118
97676,6424.064309728856
97236,3785.878880250166
103159,15696.73009623494
86515,13899.282760125512
95748,20664.927741817286
103941,17025.609712529404
86393,12040.732574901544
100154,7121.820920067927
96775,17353.561008412653
85975,15066.85258126905
80620,19257.25319785725
91545,24251.75547157928
90512,9933.916927766564
98423,14006.21922749796
98191,12193.91113278814
92713,51614.51010474141
106242,18693.402601032285
96941,9255.638664851955
91711,18196.264229068285
93194,23797.762638797765
84431,17064.832460756093
106092,10698.458734092448
77699,7093.03997616304
107042,24704.808612680354
94581,40087.833206772106
94719,27869.85265975086
103203,9760.856408969965
90527,16795.633550366634
105553,10459.594516688609
86257,14255.01398890349
108539,8103.5351977047685
80580,22409.98469692537
100564,8448.01991512315
107330,17102.764631067286
91726,20336.465144812406
102084,15894.84198078813
87088,12164.585770968086
106757,26612.654833720633
77040,13488.544181442383
83253,11720.033660368383
87231,11177.931791356474
86913,4233.96936021201
100372,4807.0328910279495
104194,30055.304680306814
91979,13140.779846629477
82139,15598.900974996679
82434,11276.621885141954
95418,28782.007069223575
76862,27264.90469052951
76939,13194.969305294479
86454,18562.232888631872
98632,24999.09652973224
77936,28866.70740093004
85823,11147.72789048872
88035,12798.92496395229
90469,855.7685663693701
77882,26355.919747146705
91663,20992.810213042787
84326,20845.799426875805
107834,14945.967312273599
102220,14778.84308245231
105246,10910.225072034547
107828,22244.960575635414
78808,2868.185687587422
87428,11728.723697793219
83186,10435.172136232955
83578,13084.547467672906
76948,19429.911856984094
78241,17030.400360309883
79743,37304.4445614912
105523,6461.178070702765
90957,16217.562244111032
100382,10166.225116109621
76105,16444.577521940955
86104,11414.73263921548
101922,13719.779347333752
76554,19629.20803822961
106985,18570.129895647347
85689,14527.662687550182
85008,16782.010724528358
91965,19143.59335831729
76366,32635.95162824831
86191,1617.0343885946786
99663,5817.9858487684105
96285,8523.47108922276
104099,18983.202708143916
99056,11201.834459785896
84374,12289.814694541274
106354,24909.139333019353
93698,35956.6318152883
96634,6160.424496613385
84156,10862.73492245168
108084,23541.899226266323
87399,13785.446653752588
105466,24195.738276132644
80586,30090.688716059187
92580,12404.18061232497
101845,2179.4278021023492
84566,10188.646039293031
90141,6482.8719397679815
108378,10968.823297593364
98277,98.36963917594403
95092,37425.498971062174
104064,24702.242261474632
107637,9990.958437198598
97365,16214.161498160567
96955,12625.253387962293
95760,16930.26225120024
95872,23954.732941222843
96240,16233.892431903048
88163,17825.948181269516
100611,15926.528052600857
78881,23006.434131362344
101061,4806.288090035872
107426,15111.398180931108
84044,13471.549214454222
104552,5065.913990994188
94780,10832.826027504663
91863,47487.26101843965
100864,8535.446887182072
81237,18286.344153210346
82136,26031.1639612945
95905,16478.64870916544
106384,4004.374750849034
104293,21894.758270250313
81454,18802.012059982895
107302,23203.9876030234
104291,12865.873129008774
82868,9394.654383090252
97858,15315.765067594068
105855,15621.638253097859
93166,17007.402604164687
94741,26892.526509007366
90290,12667.7088815655
89573,7313.563236345464
78623,12444.449473644578
98815,11116.807232113177
108391,9385.646062663262
84762,11679.864046122151
91318,24115.345386840054
79163,18071.321109734592
95977,18187.432812730738
85867,10547.340286398277
88322,11351.011172848695
79623,24739.562634371367
98269,9690.30451232323
99650,10829.513914497074
107902,10355.795522393892
105941,10919.303193231346
81949,15894.119293462456
79343,27880.62268174978
107578,18630.746535983548
99489,4239.275050171171
85577,22655.42056821313
96815,9924.890635776886
101625,17102.74022281723
77737,16068.393444737536
104092,27411.534247003176
100181,13000.48008063453
104928,6240.283139663225
98913,5829.322197570786
91602,27758.116037942324
83876,23395.410013558576
89307,9930.46617675494
94093,27709.165094013064
90665,5327.074184215511
89424,15654.145866755425
89966,17471.819995308993
87512,15169.358769898856
93925,19436.653887297318
92819,35297.90395419042
93100,26971.543940990305
84387,13048.791201547167
102337,11705.432576656895
96351,9411.868254483503
84790,12000.799825135182
82257,12110.762432792952
99957,18384.39824018393
88917,15266.89235783025
95068,32340.540921243504
84509,16403.192386341965
91624,26556.848073200425
97851,13929.16952496412
88699,14657.276201190136
100216,6447.250054362055
103752,17588.132511256787
86444,13607.966013136349
96692,13554.41808754261
99855,11503.864509318242
80299,31175.15567932854
106960,4836.574616185651
97471,20281.138837211125
84560,4014.0568614105287
102670,8807.461491636
89279,9225.446810344962
101965,13141.37863323644
97569,16476.460229570483
79614,26474.526509134725
91772,31161.560372159205
85007,14437.578608374824
106561,18966.176910560345
75994,25177.43558215347
79691,31548.89722911679
89364,18136.967263313258
78875,15269.554731611686
107066,26004.855920086047
81507,24895.40580955631
95249,22568.105754872624
87015,6939.745394819736
91324,16725.408032435487
76752,9483.012875994027
102171,11482.068938246288
101910,14967.560097851107
103619,13197.89684666763
100128,11394.579329044354
79404,24764.861612744833
93180,29172.29182892914
98208,15207.685118540656
79595,24087.901611722293
80232,26450.045104874822
80698,24955.186871896512
77442,10620.02641540626
89295,10436.426885185734
107982,4534.877328023635
104260,8706.038636944315
107081,5687.898555996144
84397,19899.497452063748
76341,11149.443957799871
105837,21525.375472469314
87758,16701.50247890022
89085,10490.436948917253
85464,5836.09016628025
108404,12855.464777326823
87357,6805.694277042392
96567,11402.264588545047
106723,2802.9080805240374
102198,5765.035266123887
97673,12357.486238042911
94078,21672.4121087768
107507,9135.972524342593
97681,4637.466954540112
80033,8324.707279685128
86656,16276.417546375567
77797,19108.94955589123
107699,20074.424343148887
86945,11552.493071327088
105222,-1296.9581484605005
104904,14087.931026042701
79731,12905.29098666273
79205,34009.214668072076
94275,35373.92304509075
83219,14124.254550652433
93926,36576.955568191406
77804,19919.74874110658
84512,15739.895449942793
77215,12787.545658104558
95226,25492.190175286814
102992,4871.237189435298
98108,16132.558595680763
80629,15725.730856982424
98788,15825.18953595814
84971,4694.000699739816
97484,10727.159768656391
87887,12917.886525811598
104294,42704.463934043306
84316,8363.16609219386
105685,21864.16469486477
84866,1509.115831504023
108412,16895.092770676172
83463,15302.5232328758
105005,23713.922333851617
94134,20591.951845425458
87832,9841.234883673009
106089,18692.20348751545
90745,6368.745927150885
93579,12801.00649192938
77750,27546.041699804133
101618,5630.501612045104
101148,9049.903814316262
91084,18113.219925604746
87106,14026.833656731265
89045,8263.85724305737
100365,12204.919617302716
107100,20434.13410908397
89836,15874.492045787207
90463,15549.333787458774
95908,26935.05426416018
105700,6023.909833486949
93105,23830.06578638764
83244,18277.063324060407
97603,14604.184530315222
93616,25566.408639135203
94245,23730.371038191573
90752,17912.765194054053
99594,15010.595151942733
93068,30922.055664910513
88443,11949.423937871557
92592,23201.309285376163
99796,11932.820038819656
101588,5362.218762761462
89633,11377.081343507438
99577,18423.224774117465
97165,1639.556746055896
95686,14525.283046814904
79266,24894.850630065514
76351,22952.144736227026
87457,11012.842420401314
90220,13923.070992560504
87855,7335.665950602444
79818,21899.419693002506
91024,21413.363129638718
97908,14665.919780286029
101556,8329.285237484524
89750,7101.169936944934
107781,15451.717776032732
94151,12364.696493593365
103214,13219.287106240547
89012,5977.753280386154
80997,25625.07743109374
90002,15888.238586208463
88243,13722.64746856995
77631,20279.847817981063
76185,38973.95961054995
102767,12983.995433066564
96776,23644.781287994367
107630,8093.404272343003
97550,10069.237756653136
91871,16409.638390479202
84499,14154.038697460113
94523,23853.807873122307
95467,24262.664346990452
91735,20940.240744764887
89874,14760.98358870679
90168,9481.21412570175
76765,13145.558239794394
92590,19893.292779876312
100529,1975.3717290140048
99330,2402.4613014617353
92566,30661.354525028844
85303,18701.680291875382
108401,10358.324916394602
107621,9068.382501906337
80471,21302.147954966378
85478,12505.240135000451
78386,23124.094170069293
105016,18623.145627190795
76807,20550.95400699544
85036,5135.667602812871
85428,13642.423388068099
85783,8648.21952391183
88510,12753.50238624675
89262,23503.84779292732
89136,11384.326812347455
77193,56475.81754805286
88928,5393.111736219464
85930,16302.63907571559
93387,25202.781778322795
87348,11057.41049914775
106766,11590.265951093781
94358,20021.739698625475
81582,13663.532721719137
87880,11389.855350801517
80554,39435.64515686955
103295,14248.93573219108
86265,5750.825010807748
85650,4045.4114352315373
78496,9781.254248133948
90155,3903.8478216779913
108366,16874.391471660376
95435,14185.04053235054
83433,19730.940102410284
97917,14784.518531432434
80755,19601.23301394678
106070,7115.99112140559
80354,18359.702340492295
98453,8806.054602225035
100106,12770.386146694917
90408,23887.51083599156
83615,27467.13849544557
82425,17845.23594679423
101993,13372.780565656401
94522,35323.27375352282
84782,11830.131776986178
108223,14176.406244064347
96160,9928.953541799507
98432,15236.849432563613
105363,8609.300385890325
100535,3637.7665618857136
86591,3383.1900831375387
104667,20968.806547978762
90913,21299.887210733737
88935,15884.638189226069
104570,15111.827006460022
83610,13402.38097633436
92006,4401.836295989488
86169,17962.3029057674
82827,4939.725648671534
86592,13016.914056802852
87212,10037.963119765162
97120,15178.222069973388
77359,17956.129109676345
104752,19283.162736832048
97296,-754.9951930724492
76528,23764.08287519042
94678,17520.18250435221
92677,20589.20897715514
79068,17750.940159970894
79258,14388.944117903477
85903,20340.73163651125
85139,15612.852065714658
93427,18484.306099418463
83820,9490.139559869014
77286,26292.091022367036
99210,4939.158313958382
87068,11508.384111137915
83423,5463.811812709435
104277,13821.406430730654
90679,15359.880660759576
87218,15316.583819793741
85604,7071.108924826782
81045,28701.622254577334
99525,9819.168242639222
102332,8010.375596103346
81248,21397.123692671026
94626,31169.26064871128
102031,2351.535494809068
99240,21732.26050063623
104198,5658.088098504813
103296,-1800.6805432144538
105530,20115.989927780538
77830,14692.941627998705
107707,38381.896879973894
99875,52034.37808387952
107727,8921.197930589886
86279,11127.33900203908
78738,19639.692054497806
77514,17347.943885470275
83235,10027.290811595449
96964,5256.40335555363
95157,25079.97443362068
84407,5362.279792420217
107930,17600.10495727611
100103,17016.570536200583
97895,15521.696012729211
96823,26327.382960749557
85448,10665.109551879228
99246,16348.659738661489
100586,16730.26482226269
84536,11766.485726421684
79744,16170.238049738065
89433,5140.7800266806735
93466,20245.01814043653
80628,26182.54039551482
105144,26056.176895916127
87407,14244.476474614348
106295,24804.510150109665
84239,20991.06295478568
89362,12669.869781600617
85099,9951.111628710758
88071,6211.404928414006
87696,10858.801679763419
102512,9190.237150086468
95911,27321.601364292947
85069,250.6538252128812
77710,29995.626973245482
106234,18337.172629339533
96338,7945.78990300736
76534,30180.30704079615
91330,15351.140793455852
99229,13922.426223058865
79318,12643.804540703379
87465,15892.537584821956
85327,9485.888484451192
85601,18657.012124137545
84287,15989.89808855718
99523,11613.70411362432
85692,11497.117125841964
101573,5135.228348700533
97295,8881.31084401079
106567,8074.709826235339
76031,7811.019444240941
96219,23084.663981564416
103153,10601.080369643925
91126,27301.95699528113
106188,23706.06441822469
79174,12600.356242216105
102013,12275.467213051917
104603,13684.146966939457
94006,21509.095801155258
108326,14332.994292491843
78483,27119.359022107034
85801,14387.099476151998
93295,22916.236964981872
107744,16825.15662028626
100171,2467.9208169862686
106558,6709.997319992952
100806,12482.178537777014
87732,15569.258253642241
96227,26908.780467950404
92111,23988.391306663572
86147,13088.313416289151
89519,17533.893076260574
95271,26356.949407418302
95264,29242.02947146677
102294,17073.309618944215
81966,16403.438016057436
103012,17117.78382179694
106989,11178.42997350014
96772,14566.360427183812
102972,8592.05613620636
96306,31344.755348585997
108418,24944.053101796468
78045,13286.820613407122
88095,21865.58781929256
107561,21790.059266969096
81795,7933.25549713627
106736,20939.473989226783
89308,21928.99908683673
92852,30459.714163032113
79486,16367.972148694753
102942,9999.522933421482
104342,14759.737175428512
92242,30296.467033131266
107000,15787.287435553284
101869,10318.74040827059
103744,7813.238600355806
92316,24987.155146940815
100386,10513.976866120647
93123,60559.11401109595
79755,14442.56591460915
103598,14038.289127640921
85309,15063.94661819801
99062,2161.3477931310626
106747,23339.565359449945
86675,15333.298616596716
78833,16925.95956954363
77194,18668.75849608463
100977,3941.706642530451
80837,22536.944386314106
89253,19508.88915705566
99368,13821.613376407593
82058,5999.434150874993
88519,14768.276932910434
91242,23347.138560632404
80897,24753.594633702218
80505,11519.02082386351
77645,27526.827042296427
100818,14789.463151386735
101021,12659.499966533942
80028,32940.27934304162
105669,18086.29868799672
105092,417.44017196879577
85973,11704.896755529873
101110,17985.394208646
87926,20277.974517926734
102411,18815.477166520446
86210,13581.499113012338
106999,13231.37991531042
86228,16234.117665380909
89278,14283.392568645257
85460,14484.47135918084
100527,932.4563868742553
88852,8375.021822977578
105762,19304.262353878905
100149,19269.6351617631
80290,18103.067026107004
85953,6598.510510341934
81492,16226.294317245047
76831,17426.681867352716
106123,18723.786586302507
81945,30859.42895185671
96796,7215.048412498552
83848,17709.93049239606
76568,22090.597336753737
84777,4922.916691593884
85159,13764.399254433054
86943,11390.216644086904
85719,12908.244447651567
90325,781.7730436014244
102061,11451.851238619332
77924,21147.62477834747
85093,8894.892976099625
101892,17951.02719370171
100848,12153.308830118418
98725,26304.50643057887
83883,6264.271135249248
90754,8264.166502573498
83803,5001.758615792496
78486,12255.76063549213
82705,9983.810286146414
81532,56901.35386190738
108285,30981.91922903662
83833,13472.038108847657
98263,23969.73325882155
87000,13237.218905260903
80673,23672.64157333324
78206,28461.44593330739
105718,6415.2856747750775
93533,24909.903895053474
92133,27345.404827002523
91065,23632.292631449178
87899,22169.58750370072
98017,22180.702254487667
99570,8574.894911416894
85188,17178.100027543725
101319,7140.364258991554
100142,10511.364115256423
100019,6732.6942286118865
96598,13627.247334337066
81397,24013.34214630013
89238,22553.688905008195
95758,19948.96514729278
91540,15877.745950743236
88474,7160.339519626956
83465,12951.164525994463
103092,325.8789545842228
84968,14839.360843869072
77523,21505.897812211566
93366,30589.100342806123
90815,15905.699261299305
86902,9992.909615934957
98479,2770.969247376139
81068,30911.08085524397
93005,12651.499244458479
79216,31742.801052466515
87027,12619.43869094085
97332,14344.01661460042
76700,29874.00016427599
92098,25157.4423272938
90564,16113.26431646559
85106,18389.27727557112
107907,21857.034127789913
84142,6302.096226028836
76304,27796.313670618052
83000,11910.156832784676
89782,13417.51974869646
76184,5589.916320965334
107539,9836.086821019257
78236,29220.45383185042
82316,22579.6135426884
106526,10167.705937823717
94138,22674.587586723428
87340,15485.612896356062
79516,19317.221754940634
77411,30151.341144644713
86680,9391.70124607149
95225,15989.50208979458
92224,29231.106602414904
94791,16761.006322985486
102989,10797.119197450142
80765,16658.71998813728
85393,22032.751682076894
104860,20898.96439020394
102484,14298.366338383174
103672,10734.943178823407
82448,14467.91908400615
85479,4341.73307356023
94775,29455.08053057686
98729,22721.829355809954
76893,21060.911081093625
88144,11564.139562629745
92369,15829.638926934073
80841,22944.97606624305
76791,19120.67772102685
91845,19326.042560090413
86949,11636.303438372488
103913,19174.66033923201
85869,10184.63097526235
76426,16721.928487052617
85214,21276.325077996153
95332,25493.996298967875
85821,16902.487354531506
79430,22345.559964818633
104573,10154.070593168697
105788,17059.09017177031
104867,13461.977753183164
106367,23621.454183026624
108241,17294.818190718215
76913,31075.47447383871
78712,36867.03425909746
87769,10444.360071804374
80169,19993.08744514837
102028,9943.59860487438
102001,13322.28729185235
107798,38359.63529080126
80044,42174.917954255274
93757,18913.65916119842
104233,23487.959287230842
84195,9702.846047026309
84096,9909.570670663234
82336,18555.81920299075
90423,21417.92341090602
81769,20411.673826729137
79650,12875.979166651989
84837,20786.46811998618
106303,10415.509272554962
98551,26468.64080147662
100452,14479.523118218465
81161,22827.649670923274
101116,7863.752292580786
93465,19507.711714118326
92749,49065.74193104745
86281,17920.540965445107
95586,11848.429636779561
78235,21269.32232474441
102754,8258.223616738745
100017,10562.929468106595
102637,16002.281791701345
98192,12913.401203864138
96683,18357.17222647222
103968,15499.372974395548
89159,21981.099036116706
77752,17183.36562404828
78526,23564.62197997271
108387,22462.106797902903
78659,26763.464207571582
77013,25040.48988169046
106480,16839.39739146206
93920,25990.497908908103
92912,23056.579671380576
79044,21046.629951902753
96831,3869.810063501005
83502,8836.674126896309
99420,1729.392311609292
93785,12894.536912009513
83739,20389.35114766787
87018,21257.598670274456
93773,26811.116836136513
101674,8610.016003721423
91655,27970.831807346825
104412,1165.3587867275055
91636,25801.882281353013
91101,18896.84222656516
102437,11971.162757377198
96958,13154.730332316278
83934,12251.364426937886
83372,19667.15747512286
107296,15575.514993257282
104909,20986.193918917765
103886,9576.417861917289
98858,12036.152417247271
86276,12212.100410984218
98148,10460.29869033127
107294,23103.070090839683
81812,35405.39294281686
77997,20214.758180312754
104626,13532.140121554665
102424,10002.25740141832
84992,15887.672416028217
86867,4564.088284010621
93370,25447.330652412944
90804,18000.191385277692
76001,11132.531472962262
85691,12574.803719057178
76328,40994.79580610141
79143,15358.08377708192
91356,9197.35606051734
93553,21763.953023299284
93673,21573.991891928075
108239,7351.448626941827
99923,9074.437252939213
81616,32354.531870720355
94433,27053.900412815026
99985,15630.446771372808
79648,30783.11502207165
91423,35005.69789780608
96581,13332.631558755762
93321,49575.115434339605
89736,16396.222348187715
82722,8413.131500947566
76093,31592.15140192378
82767,11286.570194937347
101615,17057.998345687753
96585,10054.858155581634
81552,20393.94264280818
89656,17073.529374205682
76301,15476.767705535967
80683,35965.780255382764
95638,16400.45135565105
78343,16960.855973019177
81495,27439.05901843535
78517,13345.61141718403
91764,19427.74326352759
87050,22494.16000984855
102877,16316.670988839294
86844,12024.575744330912
94535,14793.141012362059
80871,11115.197264839764
81126,10048.650546657009
77182,19686.055826894706
89335,15385.92698844208
99612,9954.426953350398
89041,10278.288403373183
104165,13412.788507353238
79096,25066.756884598013
76051,24307.740215466474
99599,15453.560178322557
107763,12807.332132152806
106646,14704.644332778349
88985,14819.825573581184
107109,23863.29801382769
85110,17854.981213443447
96907,15804.70625316177
106806,16968.38569702547
105409,8820.523757698946
105449,17724.63845476658
104042,20666.911605085246
101299,11288.653501584282
102434,18810.09702422464
96363,8952.15921346459
93918,13477.545731793245
80842,42302.11059925714
91578,22312.619692202148
90458,23260.69418124025
82186,21026.749791871334
99767,5909.880520568433
96898,29922.522206472495
77755,21195.379567994154
82958,13664.271869369346
89248,6262.778838881437
93452,13321.071378520428
81517,11148.152671035728
77919,23947.35529725798
97110,15485.018646489669
107317,8721.033511513757
106102,9095.280275521654
93034,24444.016201470426
103446,11039.45626424448
82762,24489.620371091325
77365,22647.77401788415
86634,15794.653947477636
93109,32654.115465583498
96094,1492.2321229653753
108191,16446.200953334075
82667,10118.378382689814
87953,12932.48380440264
79188,29998.84246380831
84962,9921.731443242403
88377,11520.591619759958
85942,13216.663021722794
88278,12624.69414656781
77743,20303.092772122647
98341,12555.92172112732
101197,5101.231259561522
102838,13793.121191513375
86885,9512.436542747804
87648,16131.746016238176
78995,19011.795582775114
81374,24158.864273896528
83829,11744.425600545073
86073,13699.396915945545
82848,11762.543035359675
101727,16429.628361508687
89929,7755.46916243693
108534,12957.395177025057
80592,26721.804148498486
96292,14544.667619878164
102569,13492.646148950429
84692,16181.314887182962
84531,8776.361793185206
100173,8695.147644477256
90263,12704.543365151738
88489,12055.841787550773
83941,22162.6823232366
96621,13235.748845248308
88427,12114.173407479771
86625,12515.783435753969
82798,14558.222178867509
86084,866.494764979725
93058,26673.26516134267
98527,9909.135448710353
99786,14385.382092120562
84132,8892.048947526928
101160,3064.5061090799572
80396,32981.895554512346
88132,15439.352494734107
82835,18822.971931330292
82959,12685.49166375419
97225,20532.4131080824
85463,16276.074928975082
96733,9052.020412390935
91820,13530.863853169969
105870,31831.090041361822
83255,16425.04012076622
78899,21880.047283060703
99812,11197.46982694116
85798,12486.670290554466
85452,12173.077488535782
84706,18647.59182368734
104289,23427.311933692108
94785,16337.484265055435
96707,8630.253634849098
92847,22343.300378000087
96054,10518.510669642477
77986,35852.0595597318
103435,8766.43087610157
97008,13964.062320775905
81650,28977.42330361223
76920,22670.14938587713
100479,15965.394565687311
78120,11304.049872368807
84761,4899.405809307995
95062,24162.769223359443
83102,7074.205466984276
103872,5965.85494496295
103816,9959.695538949803
85672,7835.914732065314
102125,13156.416746109098
86928,19865.598397406415
82814,14029.93755353571
93167,26383.813318542045
97674,6310.623031310388
107400,27790.43541794407
92669,8820.572112566588
78046,27232.238467968025
85703,14645.986044964811
104265,20264.562069186766
107786,16265.474159359874
83707,17245.44974973015
76858,24421.998854831065
94147,27294.159154657376
87307,17682.76486494369
90594,22559.48532093072
91305,27431.68226749124
83302,12399.772501657208
86173,17605.517904899563
95811,22340.877855606595
79868,15681.669652839599
105265,14601.681226252782
107009,9634.868571935047
107281,20173.990143181698
98848,14065.446363462062
84222,14135.460479382193
98808,23917.64633907321
94002,28537.449101669336
83985,18154.40726956418
107772,15226.642289743308
86564,12777.732575767935
105241,18608.844309927343
101060,9193.14326626822
104362,22181.031227463827
77441,13831.214842787493
92827,28461.685454340302
86523,16333.794047758842
78695,25795.064766862604
81392,30038.432457640287
104823,25881.402694732955
93521,38815.794285325945
107098,14826.092896278802
106011,24972.091575035738
97032,3499.3733455649053
88646,11392.960837354854
82014,27030.95043867448
88034,11990.34873559451
90561,14725.537370355465
107888,12342.198958428315
106249,13496.27206437489
94608,22822.930647107452
78134,18284.294423976942
92898,32319.64017520797
97031,11973.850805907772
85220,14140.579779216554
104973,20065.470768800384
104081,10529.395824181207
89865,5809.676950551511
91706,12765.982824521983
86089,15207.528945023136
98736,25476.641059966496
83238,12092.018589741405
104237,30620.121415792775
106990,7970.136681901349
93432,24589.853373576916
85280,17465.51895300347
79909,17356.333863896347
87698,13381.37458242703
106059,28360.058005005805
91016,17092.446372665916
80180,20794.676902241
90006,11250.212342760875
78122,24965.218644000546
99672,6983.433271594549
102297,12868.265070457972
76047,12693.52147161198
106296,17406.59513631719
79989,29999.008701411716
100843,3853.1577384019038
89014,18996.968214529683
90568,24454.52189886356
79905,21594.792771014574
90643,12587.095353726298
100729,9685.02034496062
97084,9630.673847911152
100984,13944.325822156301
91475,25801.29254983811
105531,15769.233944830092
78482,12740.206255397963
83254,16838.62476960117
85217,10623.887992982665
102974,12779.759405336896
80040,25641.090099473644
96077,16024.388696935086
89073,9714.115811167489
79118,24545.897807998917
107565,10300.923666719464
93486,23381.42155515928
84670,20238.6735208132
81104,19856.399169516008
97867,18113.69613375097
92897,17062.76036688758
96592,17447.145034486748
97864,13325.878628081962
83369,7683.855417654006
100471,13996.222570008045
87533,12464.547587250214
93111,19809.594815196993
99979,12841.5719380886
103340,15309.958236669569
104434,15748.780326350854
78515,21481.66071424754
82046,43362.67277846513
100572,12343.864830350096
96382,13546.049142213698
97575,8956.904516457551
76210,25301.009582545114
96628,13783.334638940054
98232,11640.547719477006
92457,28592.66040381258
103665,13942.76290368021
107838,15965.393045138742
81165,20129.425461722392
97719,24559.052772105075
80739,24793.017652717564
77593,14209.017883371242
84766,15298.84214772431
97274,13139.823675078369
77281,12366.036742290715
90347,4737.489414107113
77555,21645.188240162126
103246,8025.211856684444
78404,24227.656598562215
107745,23569.33244718719
77017,14249.126219087586
107995,18579.756352343436
80982,24074.435694644897
93844,46346.984688323544
83606,14253.05788290633
86904,9955.718721217665
102616,12360.279383341462
81768,29370.506869752557
81464,15827.45765059159
103309,12161.664173964178
92975,26197.476986458772
96156,15245.495214376191
87770,11747.929179025305
99632,18881.878203679007
89924,9008.65162993563
77573,21948.501448094627
102968,16894.66587410422
77822,23408.050180696853
77725,10948.027303528856
100787,10839.983367915236
78013,32129.915311137156
94440,23855.6343303905
83938,25681.470630357
81204,20335.977516666127
76519,34118.80259371943
82172,33912.6642389514
103592,4744.0096575965
102003,7646.510519389034
104259,17537.96531151663
81120,27639.417796398746
106207,10126.1063285493
86710,9166.902802344848
94024,52125.158567534294
88164,14954.179404926777
86667,12869.187145035714
98371,15335.372776030155
102344,13551.906194452953
83142,5905.880002102698
92532,27752.77323821174
98345,9045.234093420178
94565,18282.77421129991
106223,14518.989074372163
104831,24095.33998429007
96144,6096.9381838169065
106634,14274.677438945888
90623,4890.208280461753
91275,28281.922774344144
91547,16030.531382045345
86390,10509.17726392494
101986,8239.654196321993
102994,6266.94797573454
85291,12367.090217812773
97430,14809.62967144401
106209,18752.211015617082
94798,43609.16174363384
104565,7368.398436730698
93679,17987.539320238546
93960,28943.59665046011
90063,5120.538826734322
80038,27436.07342942698
106513,14485.845741835059
77267,25752.474419883743
91539,26522.23425645288
77973,37589.594804798995
95999,13190.051540483779
78036,24482.59468707985
106191,10883.757136049448
77480,13646.656652110978
82656,9067.450039872085
93916,19029.702603312326
95975,22758.690890317957
81550,16402.42353066035
103221,11276.409967059124
84062,5892.140691185137
81584,13656.891222365157
99564,16178.570253546786
100276,10770.399927437596
81308,19341.468301619723
85519,13824.969729224496
80114,20533.09855741987
83911,14491.012435415498
101879,10702.058717949229
106626,10782.89921171058
89009,12799.849355040089
81989,25260.217620228228
88197,10859.275892127145
93592,27510.590303326375
103290,11416.227419534436
96988,9290.516402598412
106777,23835.73906005916
88922,26268.356403316546
78224,18166.999800404068
79643,58206.869109758845
100066,13708.355111169687
99132,6205.312496943196
100610,7522.921267579746
89409,11834.269328124617
105675,22893.8763658666
93304,23752.42688401742
87662,11173.086360935675
99433,6656.494107477949
100011,11066.160987302836
95327,26251.303285806483
90169,14456.297240934058
103978,12945.709783610946
95238,26516.543312875685
96242,13474.626474262564
107917,12943.919465358209
92639,19354.490514719582
88936,20888.953557218483
102923,14819.580485606988
87883,13994.242751703714
82670,18357.97738689618
104229,25834.02734956381
82031,24716.276985126315
94197,23070.845970165377
93921,20467.089751685562
96030,24375.3281853418
106335,4780.530572774995
80671,18565.181347445934
86723,25907.280273753757
79293,29369.306685534626
97549,19901.780874029573
91837,22070.523146888314
86437,20054.218119072975
107577,25574.820342122504
88419,9446.01061647461
80746,44410.07821876985
82548,16911.600108659448
102711,11718.033962563612
80682,22213.793094202556
93204,23717.8014048341
99582,18364.90164249034
93195,35056.412275841416
89626,24948.8479858091
84713,2737.8783992424724
103182,16570.007421527902
96954,24616.825286758743
81758,15372.783850280102
91938,18092.32812761396
92961,19990.39256779212
89533,20051.54311709739
86243,15767.58148573694
104482,20235.692770327325
83198,9282.388993826258
78284,13797.84366369521
101133,22037.81945398741
94339,25139.432142986756
88631,9554.574882578512
84364,12473.027820761417
104341,15846.381096211466
84650,10956.315098067862
91140,23848.55792944001
88889,13491.666925340367
98085,9817.623805717507
78796,14167.374656679429
80524,32272.716064492502
81309,5955.878513679199
87410,15844.710242957692
96810,-3415.3640468982994
89982,17098.287653361796
87326,10425.701022571418
79722,17539.04104627011
86367,11870.777229679865
105368,23252.67333783809
92505,26629.745275135254
103000,14209.246864307526
85052,11736.089702368918
76497,47037.51874888611
105312,21076.114301414855
89705,6018.756286669261
104999,27809.964414001908
107876,26831.185677859175
76095,22695.93418861866
96723,19245.37426900897
91593,29370.6417744785
85772,21867.35794421396
107199,8694.887377038918
78256,47350.26840529732
78275,32097.634587023364
87582,19628.0934508199
104231,13323.262405340123
90265,12160.964518699853
81793,18460.23190066134
90526,14564.006199422292
99086,5241.388966686296
92743,31030.426779575617
95412,15938.960086168925
91146,26438.90007771233
95923,24375.369411665553
76021,19552.833734489308
92858,17389.734150290227
90984,33841.00685397598
79158,14474.451462680081
90318,14755.596957499249
91747,21237.36069393948
96641,9052.67229647332
76202,16985.162122652517
101040,13270.038359846643
78797,29065.034306487345
84745,16485.523543230607
76942,13753.840364340751
78980,27396.3019092998
96662,15670.064409069135
107813,28930.43247780994
93431,23365.120253718327
86915,13213.67739868883
105102,26736.568286762922
104447,10749.416636271708
83183,12122.276132650004
78917,15088.072140250675
99336,4813.844969657832
86883,12782.976636360589
104155,3246.111621563323
89989,16125.199895803511
80406,33775.233899807514
103151,14278.220451669564
101077,12228.981706541905
80134,22000.68867441168
79090,26681.81987853044
93482,48704.03832181802
87205,15886.44040301934
81295,37534.7181437596
89726,10797.12671600694
107842,6430.590850526234
100351,10146.811602746893
78392,8066.663153804344
106503,14102.136139864626
103982,8239.909548563635
89276,-678.9341943652471
83143,12649.051026337722
106521,21208.74453565781
100841,9970.946895026878
76990,8133.805824840383
108466,19722.985687233217
94285,23786.43707735752
76323,20466.76016823415
90868,19816.69017267668
100631,14796.527714033
76196,5981.60208051058
98387,18347.590857734933
107494,8072.555888282717
107439,14592.550473037205
101458,19425.37032276747
78473,16493.7875976011
107016,17460.293078791
102109,9223.325524022017
76537,12332.509857642275
106523,19957.15206746949
86340,11668.743220919758
102486,14282.91364181257
98993,23942.368389181633
79358,9362.57096576097
79906,10521.241784199941
83932,5507.77426846177
95064,9959.180439760414
108339,18214.885244478704
90489,14580.27834228598
107984,22096.49553681162
108096,26520.678748895545
98313,6330.881835866778
79508,20140.240801208216
94289,25306.86869031479
104393,15886.923582075673
108220,9768.62424440775
104795,16606.059427720684
93178,21879.282377200856
106079,38236.89852882648
89584,8107.687809731084
102435,6801.5780711177795
91967,50106.0953242394
107618,20015.62126011026
86862,4923.764329192854
87991,9255.280294021184
83618,16934.146994467126
90089,16270.27385288474
90681,15467.051484562748
85562,12047.136979255796
102934,8132.715899380753
78806,28304.475107298713
104615,28255.05097356945
101221,11907.260887104028
107067,29288.612308354685
101807,16499.288344858767
85952,17004.940703669563
99387,29467.047374352376
106135,7310.404922548056
90522,12834.049677242947
80068,24648.115029914683
95046,32086.490778456457
93546,24749.924988517218
97202,23078.281153586227
97567,-24.69641218113975
79963,26991.773834866268
84033,17938.506130337613
86538,21370.322705093742
104104,28355.091398401666
98033,3226.5664543651656
91989,28526.098732389262
102114,18446.844115825166
102507,10093.78175088382
104663,17609.38890566933
90772,6402.311460664205
102250,7327.8513784281095
78758,17441.11974329631
101421,12798.22605615409
86744,11859.294202810619
98916,9035.318383984879
86659,18843.170376811555
79853,30526.03552650973
102463,9595.485066806723
103827,12127.451199272211
106662,24406.780374206835
97291,7868.384296388365
108516,9810.97109566239
101211,7521.992883510335
94947,19488.245310783444
87948,14172.992701482523
83719,21378.003613825815
105186,9053.818098600284
97592,20800.28074337929
79918,33000.52202554657
78137,12747.223062843317
78859,11666.898332696961
86082,10840.316225343442
96316,14112.513415357957
80327,11132.703969441965
81639,12218.561115236414
76145,28237.784125951905
76612,28509.49922101012
99606,19570.52961552408
101120,8922.426046383072
98540,6748.329306459578
99667,4860.429880562602
81038,38467.12023405182
77521,18030.047311347458
83408,5926.656334711006
86905,8773.46207973981
85997,7808.614921197121
77009,23223.81459092525
103958,13791.002011612596
90392,12050.786696598458
94800,16243.653240003609
84391,6318.376300422518
94843,22089.74447033381
85555,15568.538626324138
101453,7830.074188726023
86686,8941.783817381656
101665,10864.588645693439
101044,-143.11455710898736
84230,8651.826729470631
88440,13876.86412317137
103253,7283.622870391089
102847,14526.807763551595
94381,35711.727537354556
94229,26504.563107927883
76327,32656.81850059892
97717,22079.082920052388
101291,13684.210210535355
81877,15329.793544148502
88927,4598.70244173432
77137,27302.897298153868
105325,7745.657882620566
79368,50684.541830654984
90769,16612.649462266418
101376,16202.161073645111
88733,12837.71138616954
104519,8913.931814091746
79100,13969.836403407695
85667,16244.236032956906
91111,26873.699955721197
84474,17639.654512875393
102166,6959.708137233683
96711,15339.758027019067
103102,8042.440457126155
102519,-11383.980934500229
92508,20589.67791019105
79560,24470.30341426545
79530,23562.09470775722
103272,7472.270346879057
86935,9480.012592697778
88977,18671.11806452193
92681,19554.602991081483
91978,15662.156822403253
81144,21997.198492963857
98005,14766.850006325709
82716,12044.556633005268
83371,8202.718208744802
95566,21708.5334844061
87240,9632.957092357014
105593,18288.60844438011
85457,11721.622857920316
89803,10383.32689890379
107934,2316.6622243550955
94736,33034.8201795201
92865,20390.96229822164
89863,15539.311216747796
101109,9115.334316964232
100755,10333.731064687832
99015,22610.640932351584
98439,7725.566708073049
84150,9643.740257589176
87593,14230.42158685447
83830,9120.008492510111
96778,13639.276169692923
93458,34803.532045258195
103141,9056.173993841323
78576,20000.008614191785
84582,7144.771464119345
84034,16820.96766655585
79223,39388.687473478276
88574,16607.272879576252
95914,19798.594001602818
91830,23004.96259990595
76682,21438.970134292656
76091,22118.143204026943
86187,6171.4015517752705
80571,25485.044976906676
78015,21480.759714594227
83392,13579.980521924037
82103,14967.22910607903
93859,25034.313726225693
76290,3276.647937910573
86539,3923.8713300069503
81288,19816.41417863067
103599,8317.03977879182
90430,5419.529076731953
89392,14337.979316138139
98963,-4886.341972925162
88846,15434.458516403334
90966,34883.552952388636
97360,7190.692453043797
82496,11304.263950191933
96630,15097.816949987158
81712,17946.890823720474
105871,15537.692673797908
90926,15159.296078495565
81443,20807.70397087111
98173,16786.48398415302
90309,4168.041141192662
92444,21756.100903149185
80136,19108.982562665828
95739,17935.777557877358
89153,21309.13513796593
76376,14493.704194622725
80884,16125.915029479569
87395,16353.772371959436
85338,2262.7827795180783
103345,8938.226073866768
82351,13317.18905842361
94598,22245.57781838406
103500,11412.157504797244
90717,6896.342655343993
79512,17676.90809867403
82283,22443.242259906096
85192,1234.7346686290548
81490,16783.781139585088
94793,22761.528411016276
97046,19265.57711483218
78567,32024.420682611366
106928,11800.671266617384
102478,9424.002920321727
99213,8070.727156993758
101949,4869.857581103526
102151,4586.398729281893
82627,12188.620247585233
90239,7560.565195764328
91840,24995.488949658204
93782,35694.530821502645
97384,13425.194413949765
108322,14943.048259976582
97638,3196.599649330077
101508,16466.749132587254
77475,27206.767179276154
106194,39711.757156737
76651,23188.33271434618
104133,22796.280443627416
99030,9223.55348580124
81824,20130.44291428977
83167,21608.891933450577
92274,23643.357876326394
86068,11396.112330515112
78912,16864.33284199427
88363,8729.215366818913
97410,12227.803908185946
77823,25019.449336608814
98879,14784.130417349748
77043,12522.458966813982
93902,21865.762676235987
82757,13430.795590161782
90417,20630.63450637237
86645,17974.91331622214
105708,25366.51037217831
79365,22501.049633665854
93456,25728.44725478215
104676,14667.996257466133
92775,23871.119339716694
103789,11576.185505701855
98176,1642.5234135476348
101278,6987.766388307064
86112,16226.744648561405
90579,20904.69155653217
102615,1051.0191188295285
97093,25632.396727657557
84373,7995.780567620444
97755,13206.922674514004
100097,13684.77932966937
80866,26312.41360141155
84693,15399.457718857782
103077,2436.327841320657
93079,47944.36395287396
97533,25598.42036406872
94217,15867.528842892483
106019,23417.765402126854
107836,17779.28198398791
84471,13337.452223836124
94600,25432.004223184296
94349,18713.064546405934
95132,27465.313330446792
104772,34199.6834538564
92560,18083.615831104675
101638,9152.46296625532
100523,6222.440906239994
82090,12557.967262246588
95816,20601.106610497387
88689,18462.177104794333
82540,7045.064823522116
81643,12659.135248048551
104880,15761.508103947446
84922,21981.893561614605
97849,8532.791407009485
107366,11432.279003717384
89303,16049.385867190795
76547,33989.62417340625
105055,24172.692032063656
104312,8889.672177247412
106500,26811.493492588022
91096,14913.082868403115
92671,22977.556198578604
95982,23652.768288890045
105012,4138.270247583248
108232,28682.78366621438
84668,13809.218826211349
104903,17069.669940486783
86487,11155.772430224024
102860,2999.6141648065677
93205,11423.397529910813
78221,18951.53728845397
91931,33715.15590215285
81589,16498.088472523537
106873,18574.764723955246
89482,15429.740650607593
98459,8541.668373559602
97660,8598.05730158469
96409,14734.144631524832
101480,3073.6325360334304
105862,875.6669649840915
90363,10424.682923530723
96433,11954.993568097037
76970,19720.80120799078
96689,23649.758898115615
88899,12686.763473992818
87559,14076.132028093925
92908,26896.167203030578
105211,10514.675579832983
96729,8901.18082449917
95854,23838.856451148356
93767,19601.286143537232
90545,13367.652577984147
84005,8392.892267279036
77380,23324.631509499246
105877,10385.065212703601
104706,23706.99005386245
89994,9497.533387365955
90227,13805.973594755837
89814,16203.923696432743
102539,3064.1729090792505
87753,21953.332546018704
102038,11328.54254950289
76666,19751.246349825145
86698,5256.81115786318
97368,8658.576434928516
79416,24586.575805811197
85147,16892.6201327733
80148,24131.689651465582
96579,13489.00105686966
89817,10022.239875396772
86431,10071.969662270072
103566,976.2204687338235
89355,8776.497222453268
97349,7761.411411277455
92618,23216.796261600728
98595,16777.94491260982
87502,11487.09281101235
107954,13375.239725899592
81470,30253.18304482069
79848,23092.228589247563
96373,10818.35999127489
79599,24689.418236233018
101454,10649.183580654731
92802,27121.02092381075
82725,7021.7817273698165
81084,28784.425190167938
90130,14361.501354207285
91985,13524.793068231374
79528,16370.795335575487
86359,15764.804818509787
95724,23812.65446944606
102527,7368.365872209484
87032,23448.12036495394
78499,12691.738647257822
107980,26340.291863803533
91005,36479.751045600075
100196,20950.918510195042
102797,5439.793994598236
77141,21634.81325260218
92109,37513.242363035344
96501,19624.333951821376
83865,11250.802356052649
79122,28098.240969378923
87979,20990.826996591873
93237,28418.129518595073
99104,13783.023157612668
95095,21612.589920324273
89412,11617.851590861857
77440,14433.73293599431
84127,7222.514554460882
103842,12980.706590822621
89806,-2519.267926307817
98894,8866.367483365771
88126,10117.470004108894
92809,19091.320517982997
106076,12021.986526384484
80110,18010.14196419844
95396,20470.33554674301
103003,13588.071374282124
80123,23296.90812517883
82441,12409.663145234372
89990,20667.257915886323
92936,25033.668837798352
82544,8573.870622860908
91339,36530.29694223672
103929,13775.445327528141
102389,15209.065665755421
91128,27014.372015495013
89752,7337.710228074051
76840,14236.391001024225
96514,11449.950278920616
98706,17676.784568051153
107602,12590.332145737193
103844,12980.70242080916
76375,20120.371089847817
80401,16580.237288862234
79030,18421.691890674876
105766,10406.14053463137
83033,22250.530324670122
92521,14549.692570868516
90836,12212.659415968548
99168,7391.445090300578
86363,11638.916456928855
87320,19079.78928435834
88185,9399.317803144077
79290,22854.045405504978
88091,11337.202884536891
83838,3420.219727762713
88099,7232.415002742113
82824,10262.616251278974
94204,15810.606128783751
107723,11569.862696060736
93691,24630.296524735008
99317,21570.57415143204
107105,17916.973764613882
106351,22039.88766233169
82970,15030.515826102725
107261,3293.8111332454428
76679,32032.67544837667
79464,18781.803516079817
91312,26968.911115465147
80546,26343.081029933033
89220,9806.647686454293
91796,27289.338414744896
106360,24455.87774387996
83027,16605.160383000737
81553,16319.798674283258
79124,20083.450303683872
82590,10013.059868154232
107515,18604.53000970505
87964,4055.221138961366
79995,20365.35001696364
101022,13940.135805399797
78580,26473.141554981004
97644,6467.814978061782
87603,19807.05428709337
85091,20809.546586201002
85155,14589.112881619978
78402,10178.563727407192
92603,26858.675433161203
79788,22800.887372114637
107769,21726.3715802793
105117,13642.896425096813
94619,38349.80578969393
76808,23923.266327452788
89229,17696.844175761624
102592,17346.99958393327
84597,5480.165504209057
77146,27511.17495988615
98794,7535.480144323112
100453,9419.617525129026
84075,14150.871179645736
92090,27647.152027977907
97646,19925.279345468924
84071,11123.725256551668
80924,24967.218299525266
91167,26489.319713548728
92607,18722.768415512677
99654,14579.341698908887
108195,5439.288948827787
95150,27874.51498883193
99921,-2211.703943567096
83768,22350.747914263222
106095,12405.936074716563
79380,25795.775254558364
106671,42056.68421897064
91757,34214.29825024145
84936,16848.8636637608
77970,22741.369820241787
103327,9105.45347679354
102169,8664.491385654648
103207,12139.248548325471
81602,8686.685930371197
79975,30725.29311045684
102385,15880.19339080865
80726,25084.950650540166
106953,13508.084778164426
92929,23516.128063638054
96553,19334.849181763508
79654,9913.940649680007
95376,19460.973953317138
96667,16812.82325086702
83421,10139.03293504499
107579,15245.253200975829
89108,20598.403434939246
79958,25171.096920115888
101980,6280.888089355547
85178,12566.544476417359
100898,11395.098491829325
94926,8833.532988009014
104484,15082.942377897038
80250,34747.63960028396
79639,46314.829756212755
84385,9434.251476159261
98249,16246.553233729268
94803,37325.750786499135
99178,10633.206924901737
99706,22566.554220108635
82493,11135.71388818443
105868,16815.420664091012
98807,11675.163091969429
95529,43695.94341605123
93580,26321.870441618303
91437,29282.39534057038
87804,5957.848846089299
92901,21078.818459464455
77177,30842.42055982232
78856,18812.88295639673
84586,2515.343432992755
85230,7841.310693385138
83215,12280.645385161653
78610,17747.225739913003
100081,9824.201801239018
105716,13579.590583773563
95022,18033.17642837316
94225,12132.98718049354
106371,10437.279788121552
76850,28535.882432617407
108514,19276.093105560372
80352,41260.66568555367
87930,17701.034229435318
103564,15364.734228924295
79881,44812.68009244271
86736,13446.276840596343
83661,19632.583489492506
98853,25646.264644114563
107158,22873.191153991094
96809,13453.359539673576
84048,15977.501361123665
90608,13439.934817329966
89134,17437.571852280642
99321,8635.239315276965
82452,24294.235607923154
80684,24786.210869394723
99699,10711.117320985606
88449,9787.696095737803
76962,20544.613458567546
105626,15029.117070314343
78655,29286.478901493465
97115,2688.4895933495136
94865,18292.67518974541
85675,16038.211644978204
96671,11984.232308491628
93365,40775.0612845625
105188,17010.18774108849
97713,14477.777095989397
98996,9283.391808296947
98329,2333.295339088596
96091,12916.543678429676
101010,12777.893998470623
87169,17237.517952568363
83760,12320.163421547128
98511,18727.127481537507
94233,38829.16761399973
92072,33019.49000832267
79796,27475.13884985904
97619,28223.647018495627
84419,11189.947350832343
101015,12379.825643086428
81132,17403.039860258243
105597,10167.86319227246
99139,12829.56429943809
93116,19958.07182820527
97838,5103.293861199956
76627,20096.674662712263
81785,16146.763785960153
97645,14650.614159746503
78865,19425.98597729049
92152,28943.96451617965
106432,25962.173070377845
81609,23113.7635618864
85585,20353.181119721732
79017,11708.156941642315
105666,9328.136825066875
97664,23291.396675187323
84418,14336.825183218665
102163,7516.997772778501
99675,6049.095445184328
82132,24125.84911278005
89488,13019.720590335404
95516,19264.082535637906
88542,9477.943357578144
81995,18781.678266148112
81065,20644.370987351664
89542,10237.241698088998
87184,22294.97902701868
87194,17784.8893693063
101981,5294.906374266735
105620,6826.0629690995265
99094,24702.872641258466
101950,13344.003137493302
93488,30848.189771869045
79632,20631.089762056567
79299,24439.426835741615
85438,11929.149437843036
91006,50105.38461748624
78636,13007.586465454777
98590,11046.290159074706
97735,11778.036707002233
103694,17041.746204020776
97890,11829.911605098212
87646,4971.085148256097
107953,27099.48994272854
103882,6791.808228273017
77900,22778.008740221223
101991,13604.111710845988
90105,6672.11150348268
106516,16525.051514672916
108415,7580.404723226966
78853,8033.307879678774
98196,931.7649945948215
95738,34175.34751964682
89535,22338.492867023306
85467,15148.27746120398
100920,10895.500078588026
97314,10869.479776678956
103461,11293.6699046492
104907,13072.084855280234
92168,24192.365183281785
98077,11600.50865123811
80593,47827.13483810342
76915,14178.290277164342
106919,30973.75580972324
95592,28145.57360250024
105772,8224.954775590173
95614,17728.468054360244
92550,14099.15006899061
92495,26409.816982179284
84341,12789.641764166212
84600,23331.567663642054
92665,19356.60580099179
93922,21129.170582127306
88129,9988.424870400078
82700,12091.78412290095
94492,14937.920168507204
100974,11322.025332112215
106554,9153.683834202966
107785,22315.92657112515
107443,11179.28038983779
105470,7669.9953834342305
99750,18361.827328253014
94633,23442.30608003834
99429,5576.5526252708805
88790,18618.10879234824
104180,22359.880334843416
104589,29354.137177996105
106704,22801.752827263408
78596,21176.54122714154
102083,5653.620233027468
84507,18340.913933998803
94274,25008.656239940712
92588,13361.84667341494
84344,12331.794440185738
99818,29440.003309431675
76710,27237.705500340046
107923,13638.677121195637
100470,5284.469300909084
102211,19542.43592225935
90030,1551.9205147574248
90852,14641.961962243353
90222,9294.570589258889
105952,11655.894900068175
100876,14830.48422606301
98062,15458.41032257257
100478,14667.826234702356
85486,9474.841897263657
98292,9619.072217273177
86160,11058.450058862189
82468,21918.972256698296
76728,18217.084533619956
97277,21922.696461351166
107553,18153.335987325612
100325,8946.242539607483
91775,36269.826533771455
104326,24601.501891730615
102909,11837.035864870297
82173,24689.72152531275
96281,12113.015674858048
92426,14921.450152038233
97724,8174.745896488777
84057,2429.382934397261
91020,17252.118178678502
100095,18328.89271694646
81655,20837.573021216114
107220,10355.965003966514
91626,28052.082773898714
108469,26091.73266662992
94037,33665.99976164155
83530,5057.614268350066
84542,11790.446865353239
85634,11512.291436581858
91707,39141.44383351614
81934,9673.49791407527
94960,11706.731949791167
105778,21146.907821731656
83841,6612.421259492825
77242,29970.774658524853
104694,8431.28825190934
89706,19138.271657147256
88670,15395.341359417333
102492,3340.221370007028
82971,16655.06992612405
87256,9761.977589306814
84642,16693.633602979244
107437,24530.050913352025
94640,18744.38453157236
96089,13862.216809643403
85018,23953.643037307455
106576,24454.281339841982
104158,8687.538588462572
98002,10866.047964313722
108045,26663.673337391403
105890,11022.66882889904
103298,8232.149560502148
98977,29013.879609879732
100431,17097.335792799975
81100,19849.528829124494
85300,20621.150022140908
77518,19656.412791700743
76712,14790.849259656476
87545,9981.812985029595
86848,17143.166571564623
77647,27373.31197314149
92094,12668.188606280557
78540,7809.65279545245
82957,20427.272751911863
82768,8359.257860478188
95875,17016.792735965195
80705,24419.892163554352
76746,25687.649589296474
93222,19084.732139704793
84494,10882.426126623672
97557,11751.06347662519
104969,22220.169289374127
92998,18111.94268772223
75991,20715.0513270674
78217,18412.954856485958
79176,37010.20790773429
83261,10380.944937751745
81177,27695.74295459535
89681,12314.101984045585
96968,13607.661838700093
82896,8226.95332889285
108357,18255.33503007909
103421,14192.418701355724
87971,11498.568711117157
87170,20609.73233163393
89941,21036.935172395286
104046,18589.347382529246
88894,13721.622932831146
82638,10404.277838203823
79213,13719.688693696633
92902,14580.324115046853
79282,17131.39643609093
86331,12630.879942537373
76336,31623.115389178012
96080,9050.623908941023
86990,15986.543202277535
87762,4977.3336997609
80699,24268.748724394987
84711,10283.799177335037
95297,21401.032844229296
92828,20025.416780389874
77614,23169.237061832464
106565,13014.875891370903
96874,3154.718988368317
77145,16407.82390406396
80473,35760.529635522296
89438,15526.782244110102
98442,23265.34838123231
106213,22594.094819130463
101442,12987.302032034553
79337,26757.520098260225
106021,28214.979836087936
88638,7695.07580416571
77383,12584.785232224443
88452,24109.28387606668
104464,14044.360078078404
82639,12223.971471917379
87305,12964.54587996722
93172,26587.442553907662
98857,24088.447455344183
90873,24305.638510931458
99679,7655.352406814462
78104,20205.364987782188
77770,22447.955593926614
91351,8966.571293041052
83700,12523.27900603402
80548,29922.493960643973
81163,19992.086113051482
84140,20469.84783835111
95479,28137.945441730655
91705,29788.265703514742
97722,18670.147302968675
88383,9551.28980185074
96632,8899.118199550023
76496,16463.296627002535
79062,26914.441573158037
103519,8027.476682548964
87592,10132.7974551964
97668,20958.77121374142
77969,9637.644911277952
97610,26484.998565054717
93889,23930.515351737675
87792,6887.8226675232
95078,23719.44588577925
87575,15932.028277412057
78804,15132.205402601481
84242,15022.443761232993
83462,11540.838261396333
102260,11416.850263453714
102635,18663.59776854774
104460,13822.570798067085
100463,10946.894250825615
77272,18861.4943352251
82246,16044.265976704832
81472,10752.408353260282
82420,14629.153744306808
91586,25878.275478831914
91099,22020.90070117051
103536,13260.48046427616
105169,13821.404047980235
93837,24978.98167484261
93958,22874.524740773617
86124,7059.895766973612
97448,7868.984237572033
83040,6715.649071705819
104713,21193.901199923246
101549,8406.491849061422
96018,9509.32991156829
91089,35868.98991090081
105130,15804.34701597225
84720,14344.860102718245
97182,13160.654835795722
81653,3387.826171953988
87522,12602.550663461647
92754,16999.88954364117
77510,6692.337447531972
94863,21489.759427519166
108414,12874.983411803085
102393,11282.056123288989
81528,23318.06204402304
78983,28600.184506582387
98051,17078.433108880927
93080,22845.01460616484
92657,16598.59833897323
108070,18729.1427642832
96990,22274.875246901996
83301,17414.3062030421
88459,17004.151993588224
80158,22198.0917435672
106913,28280.561456682874
91119,17963.783660137648
85522,7537.377623656357
87469,9285.490068995437
89620,17270.030928484455
106903,3023.3393134699145
104183,15758.946327777754
107015,14967.274042968202
89120,11303.49515129914
80555,29233.68035396184
107037,38270.41951935287
83340,16202.18415333872
86654,10441.36831727928
76116,19871.347789942825
108208,12200.985035329097
99790,14998.058704367926
100950,9990.89647403406
105495,17861.552768407986
85317,14242.090456390317
90114,22423.936180355973
99322,16970.370619237932
77185,24048.254269444165
99412,17961.604572054028
100021,2657.0712313959666
106020,13620.998378477234
85234,16698.650144879444
90059,22919.44917670022
106902,9131.29521214895
106871,22183.56586516564
97784,19490.444279337797
96140,26036.380378367045
103840,12598.000366030494
99573,8603.147172762314
81967,16842.019432216417
96124,4907.23381391498
80245,24700.989881648842
90896,28289.901870274873
100257,8558.161882036162
76759,25688.82400002268
87022,14073.022996040861
90758,15251.171986623507
94073,21119.700997526656
104837,15826.71841089164
103025,13277.526871940034
91765,26118.733851356956
88352,13463.255070536106
83826,15402.859920770701
106648,17296.110106814158
102967,13834.335083672544
88989,10985.777592448023
90846,14480.244818525302
90232,12749.99728792024
95262,23686.86260994397
80599,8129.536979020544
93353,24379.96915225724
100230,13314.575218767786
104516,14759.246473909414
76127,18950.100886259475
99603,12640.406437821657
87441,2246.0542077329155
98607,8572.00594248598
101385,12666.92078795511
84028,13484.145433748607
99900,11072.278698557653
97880,31348.3357140508
103005,7705.874989283795
99862,6213.552045760021
84899,5334.865668966115
76129,26869.087141237862
107674,31692.152001458948
79058,24696.407941480706
103161,14513.44963043378
77525,22890.569090383797
89366,16813.795727974386
76529,20744.103734263626
78121,40991.290710928675
87960,10669.042028084223
76468,10121.740628000305
104029,16877.372798849887
78294,34439.151817459366
93269,36385.897932996144
76124,18292.726477057033
107551,19623.898380136437
103953,12650.20977683214
103212,13027.813148341898
77337,22730.998407015926
94095,18091.87040673649
95358,24462.59959211557
94772,24304.14366395962
99318,11559.827036066825
96569,18536.3024951173
91669,20088.10795177013
95240,21859.463173848228
79693,27634.302780974118
83100,5977.24520893232
85506,22395.27093341507
93245,25111.17552760188
81444,14465.108266097464
95558,20671.189626711086
105709,14528.848522973538
80796,22530.006921162974
97061,-981.4270965095711
91452,25561.180823976116
88626,16721.380516612495
92700,31507.469463543297
80109,14641.799301385661
103649,13696.868003857817
95545,21528.323825616986
96879,21559.477610151604
94580,15225.004064522203
88361,15201.774607587518
78094,24667.08303161667
82831,16417.464341712956
76965,35607.22821065858
89246,17786.50255167947
91844,27907.635404737593
92122,21005.321565447215
98944,10861.040747782477
101088,9175.611679214548
107119,9035.557747145824
91603,33840.78106760369
83339,16942.41708873387
105408,18179.976120359584
97091,9704.276407928075
93822,19095.99583841031
96950,10637.144953105293
106461,13455.51910561799
79538,25952.07519111874
81813,34891.4871421298
92640,28043.1253746382
107376,23141.618984201225
88834,11712.714461467607
98532,16422.884786725015
94957,21458.418010463793
84884,13389.444362576585
80124,23120.9796049523
92048,28250.575231011768
90244,4102.675543219695
90103,4873.726095633116
108009,1575.6691277363861
96435,7342.25837517246
89475,13456.215740448257
86286,13034.288319679239
100193,5450.718354306213
99733,8010.671392310978
100561,13727.661217320885
98626,9500.698689042256
89177,11094.910285295598
80294,12370.603096432751
79134,28121.946464976936
78603,16375.056319225085
108528,17890.511544624344
79147,21985.67228243663
78538,13963.977459099435
105042,22215.618537901377
93560,23511.766302521646
107122,13865.300311096158
107336,11832.7054969944
105831,14242.502756691742
92973,22526.98868371814
79087,14550.876970807672
86806,16259.638554085366
98787,11656.065640479093
99838,12037.3336343962
105442,19194.218703367587
101659,9886.00243025017
95085,25341.06601188898
89893,7608.352039143589
100412,12702.058670696046
78433,17881.77652534758
90887,15153.5283538293
87783,10468.350997543588
105572,12754.137091252604
84065,19550.348997954177
93714,26202.209151838033
96148,10592.78793323817
83771,8893.062224614812
84970,4629.791068069375
88859,2299.4590281138953
104620,27167.73597628664
83749,4669.8578097580175
90174,10240.545281356695
93947,27673.246284770736
91462,28995.079148018034
108075,7262.217637283611
79113,25054.024991087485
88445,19525.316816779814
81311,32839.81113367545
100633,12888.56070524329
92904,25631.973039091274
83091,5824.912930411228
104657,18071.850059159828
82910,22741.882122015842
92383,20791.449963113686
93424,10151.567311408086
79891,25504.109876416347
98961,7901.1854162922245
81502,31673.000121520425
99035,14026.172027511086
81371,27908.473730880374
87333,11998.478294145825
90353,1247.082878258967
93258,29807.326254835483
102053,3719.616935779428
86713,10857.459054778752
97203,12577.758501911012
92794,25489.767854980353
84293,15520.97847016016
91672,17884.216309078678
87085,10394.335083130805
99300,40454.708736498214
81242,19360.918628247222
77834,49449.90670943199
86864,15083.96560156194
108332,16304.181296881245
93461,26362.725588215733
85198,45347.63969689065
75974,21200.816742503666
78679,24901.17244676304
97060,15463.772707793381
89300,20804.25820064862
97682,22910.87543553181
86664,6289.142829049408
85169,29501.08349537317
82930,22997.22866507055
104583,22955.01203366353
107212,28173.27196379259
78128,19833.064788310716
101395,12967.115157486842
79984,16212.717297449548
106844,14968.631432649316
76507,14881.976682173496
87935,14124.093735856964
81796,18641.159086118292
92942,20369.252725272367
87848,12405.117220046668
88325,13797.509180439141
91296,14854.701400504564
103415,4608.429285486927
99038,21802.15695777604
101080,6224.278126185425
102789,11308.193964461054
84656,11960.052237937896
85716,15161.912826760177
90233,8235.174680787968
91097,24404.170819180697
104466,14120.395468145056
85061,11097.79669492881
92535,22678.71532962733
82437,14692.982426992909
104845,9872.080556631263
99353,14274.586565616817
94273,36900.667915186714
84080,17072.790342504566
90877,14921.504866708245
77883,13135.842314069232
106394,18421.924076685304
103042,15198.706262439751
105388,15809.436283635529
93490,21630.706865080516
102852,16511.240269153
101859,11996.25098916833
108113,16517.67035423848
77290,29894.204277388984
80341,24049.700125323987
84286,3079.997152424796
96187,23425.295510905184
100716,8149.751826136111
99682,7602.637960314867
89827,13168.969485815061
82053,10736.551493145933
101135,13841.523216173897
78574,32633.32495266522
82541,16435.509494778817
94530,28400.86919261796
107277,18552.849659110856
88719,12662.405031668692
95962,24248.613439237277
89249,10741.56839302354
98786,-2532.4684368815215
83968,1746.2362379655824
85115,9410.732819213968
79741,20474.044006899378
81050,22159.867678900264
106955,7379.702082353062
85572,13818.438574892964
80604,30101.325112316437
106115,16296.006691556715
76213,16845.561180014483
92026,37645.584019721326
91397,16761.43684677819
105916,9487.934518291295
100938,16492.470420172118
102187,9562.455326039664
87434,11827.551102339785
99959,11547.85167524303
83438,13558.328892954974
77840,14711.658346252312
100930,14471.646734482056
94925,21399.85083867608
78494,15686.709031425708
102418,7743.04143738767
77793,5297.916372667576
78383,28037.479590451316
84216,21870.73677964277
82610,6110.471573565097
97544,12431.866074641293
92549,33545.855037648624
80538,38131.87598728627
90890,14763.740639885014
100299,10302.817450243776
89902,6571.881887414638
105561,23202.79148386832
82364,8144.264206694148
78091,11404.637237863382
86023,16819.09720565495
79752,21461.31181090619
106315,10497.773133491559
80934,22266.71038061274
78782,26039.34300640569
76471,27084.796961956294
87418,3623.202797772101
76891,25181.827507759663
102628,1525.2550796750875
89363,8453.620904746727
89237,13367.579232133023
80257,27658.12309698449
102857,2400.913292495563
76201,35746.12086863829
104887,8477.677599924617
102310,3594.706930741988
78714,49856.64562943806
89302,9550.283578770031
87676,16776.91615920447
90321,10445.875624442822
85244,15088.782284791203
101913,10744.078042877372
87086,14073.632121796196
81974,33637.99312796972
98075,22160.492688997358
80870,18277.22079526032
81556,34003.25450504063
94722,29946.67379813589
83840,11879.851546391641
100809,10016.49715868992
77101,17118.75868394233
102172,15132.134751917416
86373,20938.923781089776
77540,15832.482140977605
86271,13765.029171492206
77679,25928.32465020659
99807,16130.267836469895
79126,15333.590216768716
86337,14098.608102279482
87496,8031.3120827963285
83272,17410.395180021413
103495,16331.59116647314
107915,30109.444059358328
82213,25250.775714858362
99461,8406.614698228426
85797,7442.99328132224
78898,15303.075105667565
86463,19747.54425750737
108138,22326.74753663232
88417,28278.31120965483
78694,34134.11004807167
99802,12191.610174330126
100250,18281.051432252905
83482,14181.793215638143
104457,11212.460791672493
101415,8211.708090899745
101767,15368.108540856978
108250,20659.890958324337
89772,10238.406017322297
91127,18714.03330478388
102887,13122.770328934945
90756,10911.545785272567
107554,27805.737055845195
103731,14768.836545640865
92317,19692.948847861728
86805,13839.099932007695
91722,25377.55042624283
85026,25913.169396663434
77478,19292.779857075715
82027,26205.507501325643
102742,14390.875304435991
80198,14334.287297708099
94907,23418.602347336346
106738,11896.142006463284
99797,5778.972929893862
106456,7416.744535629463
82741,5756.299089072127
79172,27759.74475623727
106696,16223.494115952199
82422,9495.929046378791
83924,11212.966252500104
90599,9535.13718644611
108095,22595.184593592072
91777,18981.16467985038
95001,18700.0964349914
80408,35479.60126382303
87330,15023.353638401954
103361,13648.504127087945
89641,11221.955844159966
90618,13773.949169147789
91679,25456.951785842248
96844,14317.350474109262
94418,25466.607867557104
97002,18740.61856572506
79748,25494.278465242984
96355,10536.515209330668
92347,20935.18631330914
81569,17831.722917274004
106924,25866.816676047267
85270,12734.203195245733
99622,3735.2481100086297
106843,6791.823397090804
80147,13079.035799553545
102181,4266.22460707344
84710,7167.748759771523
85189,12477.357496507655
99281,16566.692006226513
101130,12714.662847647298
91554,23014.034302862114
86116,15636.93701866563
106899,15357.788137515905
84516,16422.240947618033
105422,25908.686980050014
76956,14417.33239421247
84006,7616.902223809258
81453,11793.18930461914
104850,16420.396500360555
90867,432.1188533984023
97154,15689.311960836989
102088,11818.560904562211
96019,20478.174482253
100300,7251.700494444056
86459,14398.206781465648
99304,9685.53314862684
80630,22201.848494756632
82387,23479.043059155927
91359,22842.750094300747
79123,10760.59864054821
103324,11995.928844182941
101086,14349.33823788134
97170,10116.615979400696
91834,10050.641063022966
85238,3198.96892230479
81942,15091.657395105402
90971,28357.792231683474
87864,24138.290230363345
95296,37026.799849208604
91427,17259.161546579708
93697,20728.26784309896
107694,26072.721678949572
77364,23236.219961375682
102144,1546.6794880878297
83410,9137.961262403056
101560,6195.539272989816
84775,12364.139574386456
103879,11885.773241127725
103933,-1726.215434286969
76344,17212.886450813647
82119,19038.966261934853
102130,11643.668582800892
85748,7582.710601827304
93769,22694.15546743266
101775,6698.5743771955895
94613,27622.884887220804
104021,27890.473673848057
98175,5620.98109268937
98477,9744.444151820848
78185,15637.50492634889
81576,22057.238956934656
84854,2985.232574037509
98361,12994.595677573045
81390,11754.07287092715
80911,69420.09048749854
89407,29755.439787156793
95981,25010.56245310456
79131,11933.300689387004
96624,11985.831489439792
85131,18550.78840464886
76436,15126.292368685274
94111,19852.683384153817
101518,10661.24145323239
76588,39815.208229343945
82353,26104.46265838854
96186,9962.106715851027
92735,21264.772108142133
87271,16014.821421302564
88968,10962.73836135742
84154,9938.53407146092
93692,26042.505984187927
89484,16864.2448024489
92547,27540.54561524761
78689,18518.078457939962
102058,7563.4648811342195
102579,14137.046847031655
105825,9171.122640727583
96154,18703.419425723085
102183,10461.450116167412
85976,10163.962500368129
98679,5250.600848711256
89612,7836.121279285289
107988,20744.660377109278
83362,14825.752670002417
94251,18014.50686161981
97018,13044.109761993983
90329,9467.36101593649
104604,26940.532654965456
83742,11581.421958138439
99447,9638.943198990251
82194,17634.85365697091
108351,22535.07980251417
105314,29055.0153156178
97351,11197.553971502144
105861,18676.912865842285
83010,12276.399271842747
91447,21688.522716154752
87619,7077.04754239312
91870,22588.864328415788
86543,13991.91793204374
91484,16444.339410877554
100659,13701.774262521765
104491,23128.475057166186
100779,14264.411588971561
100935,7554.191770002479
82331,15527.41574944451
105140,24290.10073565587
96349,14538.519483329932
82664,19841.391966516036
104532,9643.548547029786
91854,26395.742664405087
77003,20333.545572215604
85137,6547.297566911031
94577,26994.58718858371
85461,11555.766684836271
77550,18144.934294697567
99095,10656.17622239649
91832,17769.960554005986
85920,21988.530185111173
79766,19787.01088166969
103839,8239.535303037366
98167,14180.664908294362
96684,3292.182135948824
106982,6493.147372275402
93524,27777.26795735366
108310,14564.787388910452
106569,13604.637691724682
98088,26307.544575050968
78890,19145.16267369366
81559,19415.82070142016
105178,19605.214650346315
90578,11413.809701589023
82299,22586.655184903968
103885,10722.186096744146
77488,5342.399207807408
96669,23719.827047340747
78344,31392.128038617986
79405,21001.650258846857
94620,34025.86788060097
96836,17802.748698110663
80212,12015.361358873415
95746,24536.29499364381
77363,28237.377365497523
76866,30053.362585389827
93847,25552.065340937246
105175,17157.512487065644
90010,9307.489805426929
104429,12271.64896639125
91160,27862.376972316342
78906,15109.35029292319
106414,27240.460793673352
86910,10343.986441056943
105882,12779.30743236831
107238,8060.434134726616
77102,22127.59274872043
76704,13953.081355592556
87083,18160.1058912038
79057,25565.32043756565
83270,12944.326880395674
80561,29268.955984683038
88469,1567.40291040577
78768,17902.393746811664
83574,11570.18018521255
76771,28975.138293410302
98589,21229.832608418757
93091,24997.73735986449
108358,11571.132844216307
94601,25692.186383559747
76151,17061.85704189184
87442,12280.600891501337
93531,20036.79779240332
89771,13449.065131981712
85803,19415.08092364011
93147,24969.417432816408
105196,10336.466881083921
76171,27202.47702114607
90616,13363.316858283913
100032,16547.436784034653
92905,42812.88372873166
95696,29248.62471880237
88913,13928.799200954178
101504,8868.217068469836
92241,14732.772788620801
99822,7460.155719194445
87745,10103.554416190804
105827,19879.51070741938
106620,9008.62172612168
93497,22856.26010713431
89250,14342.00520964885
105581,6788.93527461082
91076,13562.304697580461
83506,4598.091729126085
100635,14401.481201670802
91828,42513.43394195118
76039,14913.03075249237
80685,12170.106945652718
97571,25712.947647964727
87425,9421.660454668192
91662,21730.30181358839
105161,20741.73310776436
81006,32470.86461619241
82888,16807.87968913959
78545,20376.335124138262
102922,6799.689847131551
96198,10139.750521252485
92979,26098.054951875514
105623,15547.863887673506
82195,16839.968119553174
76760,16376.384868778667
79305,22418.341736491522
107942,13652.7080612368
81981,38600.47062802836
100135,13291.397135862993
84307,11237.382859815785
92628,18016.232660185648
103304,12734.231799316884
89421,8920.454739004956
103645,12535.521419404511
77164,10687.944196734155
88451,19933.795592397597
76488,18616.27031739746
92835,35334.38097353508
80449,14845.833563344902
97408,26217.104643407467
99256,21322.412445405425
86205,6694.172998375958
101002,11607.36712004934
93390,20092.472228203158
101654,10621.9900891281
90595,11806.623142618075
94955,27409.441565055124
93871,25099.173552338136
82164,27102.919106034533
99373,5824.4965091109625
90148,18372.425234671886
83210,14229.005248450354
81726,13160.829223581764
78041,24756.603770429647
106229,9402.431770059455
84209,20970.659907298425
92225,27335.15407645043
91878,15365.596700834285
97878,12495.571580677439
77435,17320.303147212908
91180,19035.730222544924
100272,11595.256155717332
94228,23758.950297665913
80549,18763.87755784279
99566,8902.648737266165
85829,10340.73019494774
102693,10531.467165969982
83322,19886.79223514232
96980,10291.502823377261
101844,10469.58815878714
80791,57151.5330246981
107384,15179.10938210573
76193,16491.764542247663
88605,13611.631817477872
95910,24184.44033678439
101217,8143.058220884064
94833,18269.212667365064
80221,20740.529743832187
104479,5296.173530824046
94405,36054.02536035732
93415,18411.668365609105
82460,18510.433675985187
83009,6847.308544429339
85429,7957.249165319692
106034,4460.786492530897
88406,9675.456772376201
81623,28151.1532017117
93605,29993.65942474018
103670,18139.426874478668
100409,7265.999437342296
107237,19087.119474192237
101669,11995.805980600911
78854,39879.5302712283
94034,27742.999702370522
101096,2035.8247729223513
98417,8065.144884832756
76874,16394.953131859656
94954,21886.658972236182
83137,19404.057699186436
94653,20991.273204635
87567,15695.835467561876
78154,16519.68933231382
84461,16111.834725929133
85686,11078.579181782508
94342,19758.3136035926
101392,12368.124367708064
84192,19338.89980687287
106701,8664.653171394544
104013,13882.79992111471
82745,9008.386112745357
103973,4930.913489883009
90409,11029.458606539352
90651,10036.948799696984
87413,20510.230183632404
102121,10018.910820096324
92145,24551.32443352432
107141,7271.002957569639
83230,556.7771564733921
78553,7409.126990069606
83939,12656.807275317493
104875,19994.397519717837
78129,30134.80676838204
80313,26424.525919956446
85535,14438.802882631571
108311,17650.726881986222
102292,16082.939914466522
89716,17728.214434919748
77046,55175.17696260715
97611,17609.13958242329
93038,15326.31311796105
80503,24761.946038512557
79132,13545.216444600432
103759,7573.047531436387
78960,19595.197512626677
97265,19208.78204117692
77855,17599.443349905225
97371,13316.635446602653
94297,16054.050962033361
95653,5174.293397068439
95891,24259.540601632893
81947,12118.782711166452
79702,15728.276407111596
76463,27680.34757924544
98065,15191.443661274418
77154,27207.809426714884
77348,27023.90127970444
80987,18665.773731203473
92207,10689.708920754492
92983,28336.744370312546
80731,3902.2554658748268
86277,18055.181262840182
103051,334.67147278216
82013,19707.35451777911
78814,34905.423491914844
80153,36804.66267085707
94618,27457.715528218905
80059,36069.1017823516
105557,10513.988075609115
78860,23403.81701486776
84849,11504.31396514835
96896,13363.407738348236
88244,6358.437188162206
105984,16055.987046881375
82644,12138.299965870217
90970,26540.521074247445
98810,23607.931766484806
85184,19046.7259786574
93723,37050.19984023263
105049,13431.353321672155
88554,12773.983134185895
94996,17224.62552160406
107689,12680.541129672682
81575,39134.80830456407
106988,12971.672258773935
89894,24907.164341066426
81703,17672.12679414668
90718,14338.886074239635
99561,9488.207823541496
81269,33404.79146113114
103069,3646.2192764385836
88952,13150.15342696535
95295,12892.677239264973
106589,20575.55685159797
102918,9911.795438292786
93669,27855.55835141083
86144,12416.22839030638
98336,11659.215593458648
96891,15874.26628418293
98576,2611.215464330555
86038,15085.792224966368
87511,15090.212810065117
83642,12479.108075392549
99964,6336.005284007173
82842,17026.153515076236
101714,10446.62112864881
99439,18176.715976500578
108487,19636.46004235452
88965,14605.04579801354
86445,4387.765510391648
85916,7905.676181193325
85616,11926.37796634475
90865,16181.095966506924
88634,14790.001948140489
108094,16639.78424723292
82654,14245.699944491527
81401,14270.413073603937
85163,18285.97302781696
97623,9098.383912473248
79759,24917.856163320976
108230,11953.805608409748
77757,30413.53691388837
83089,10548.913130749017
92851,27496.888002216452
80656,17060.66362648229
86019,10473.060373077926
100887,17759.59013689938
78011,33093.58140653599
96398,20038.15489933052
85254,9335.638053106173
95254,25081.13683552445
102320,10505.186993101539
88408,13525.656798415483
106594,885.8603148826514
83849,5517.350817677128
79313,15705.297455234104
95010,26492.028646229417
105546,19057.35301837079
81884,23726.337779295718
106088,23493.07795360562
100892,5914.286259188259
84487,18183.061823560827
78004,27776.361091080093
97446,23448.05042399332
93170,18888.783856350754
83208,20347.039082222385
88728,10424.735269328186
91300,22143.466918211518
98637,12204.896204250093
107267,14294.148586002499
89956,14768.587515608655
77052,17128.077288548477
94583,15761.50332431146
91424,24143.33997132801
104774,6888.371965047903
93699,20645.9182290076
102986,20021.306027629194
94176,17310.73279874788
95618,20861.42381719759
81622,25089.258625554678
91273,24007.156120120795
102725,7184.694155663572
90479,12595.413466823462
79835,22670.91383655768
78909,23535.944292033193
99437,12766.21460650803
79890,16900.772941111427
77662,11449.722607338743
90320,7875.666211473479
76278,17669.993233292218
80029,17450.61363470336
95797,21235.238127900957
95356,53944.93434522845
101962,5466.969980649868
85810,16094.143193035066
93588,14067.30175152456
85679,6480.214766624151
78286,13246.723124425858
105233,13090.32260260373
98613,3991.9354259668326
101314,14320.719071862492
105749,21509.617777634572
106103,21250.085269280273
96678,8380.04072713571
85003,14936.835376789037
78035,27396.956728032208
82443,11446.83952233268
93373,34369.62103770832
99857,6882.893987736286
82450,6715.222351025674
96256,15959.00316399982
95924,35816.62704836058
81425,21505.133705222688
87252,21080.232628934173
100379,9545.192085954885
106316,7341.543426560194
85879,14774.085448181882
108334,11026.566198813496
80243,31761.461137100792
84504,11069.844339765958
106064,6658.142906391964
96443,11502.549861795182
99020,5564.351157791709
85068,7922.064229140233
105374,8674.670575034776
101946,8404.274592505535
92945,23404.789966306867
79338,27506.941405544538
95027,34076.850570966126
81488,45947.34367227604
87754,10192.250159698917
108454,18599.656805262435
91283,21840.97386392775
106232,14434.42326273257
78368,26321.51288008588
101417,17393.67895740275
81479,27455.108423572237
94527,24516.734853046786
76897,25088.71566196646
84107,11095.750830091478
103177,11932.16263503267
88043,12016.14341275004
93710,41407.474074254045
87679,12664.890908829373
84644,7006.558344622783
79097,15241.552725726695
98030,27303.29369423946
95131,23215.391878649505
83593,17945.705534705266
82532,16579.47470642395
101675,12659.64445814371
85118,18874.498216647364
100813,12797.971742450463
88693,17174.301468354883
85819,2825.234695615567
104337,12010.862820608818
102104,8602.000743028999
107526,11641.251417557301
85600,14381.12712466743
81771,18452.32497136717
98339,6336.312298089644
81855,11325.791172336409
85755,11704.460328067915
87321,6736.853925404925
101819,10789.089691755027
101569,14886.697853051359
94538,10108.15124646909
104142,26594.025163860584
93830,24191.152663707224
82076,28696.12354536781
82721,22356.030169344813
88982,10018.567342137641
85055,9576.57463338715
101426,11336.822694808681
101136,13087.91971863
91939,8270.52107992064
104368,23058.172001136525
81513,13615.236349215469
76394,23099.740269882313
92054,19737.87175372927
94663,26392.913791073574
106117,2460.487736347539
92528,26344.681188351577
79929,28506.083269437528
81579,31264.658550112028
107328,3066.163651641633
105031,23800.214052581752
100819,8815.076517764624
87353,16147.48685308457
77698,24329.406947693307
77157,11647.011015388358
85947,17495.391454486846
92761,25728.745503856117
101344,9363.61689639432
76877,13437.688680656895
95851,13222.105511767004
84319,13763.773494275272
93218,17124.095262028015
83770,11429.259879670732
99753,7134.9671257458685
82062,21647.386130128885
78053,35989.77414624882
83901,10316.517024398287
89826,6811.597140439306
104171,10319.733752017986
83906,15266.535147064089
86819,13655.981248551863
88150,19571.812347954736
85289,7245.414081470633
100567,-4874.613385569544
105930,13922.635129677874
107244,4212.804570696346
85900,11103.22567427202
83184,9996.271678048157
97034,10326.899186474126
82506,3110.5661736616457
81182,28074.964346255147
78619,7044.041058270988
86046,16215.868222325953
92798,19899.001396924796
86595,16121.207840978124
103854,13921.529544865247
108504,17775.079792418037
77451,21455.545578908917
76665,27195.96318941198
103434,6093.816632574628
82338,21858.476638614346
105189,-1277.4564882325722
94512,21897.248587424663
97542,12262.135028598364
83343,9834.811929871357
77274,35109.59636542729
83810,15599.552164295572
90850,17770.90868251759
79688,15373.791327519997
104038,10424.227321832484
100468,2881.5431186172063
81010,17485.504912001255
80372,23763.355372540755
95979,22686.120334928433
89813,2504.9060825361375
96873,12808.337818450207
87267,12532.347444403684
83327,14810.793864383944
92095,25386.39419987367
84723,3571.170189607059
101561,10136.135970071191
77409,6720.252246128628
76480,23111.604528495896
97632,11689.069592340733
91990,26330.137417348466
98020,21992.247472331495
81375,35640.60780834548
81903,17060.800395435566
107050,23700.762378462256
84920,11348.712772528466
108180,20787.50525035069
94696,27061.3186228533
88215,10744.442305578617
93276,21144.487786187747
80359,14079.496880392719
88717,2374.6706004452717
99702,6093.656586609344
86283,7723.5520441689005
100037,1721.2765740724863
93640,27174.539271048314
104313,11942.165308193566
84666,16384.610543123286
93000,25431.266952104183
77512,19725.12905233004
85094,8825.143473212214
77184,22484.371946024417
91257,27452.189370921857
103957,3887.228858595219
78533,29691.721313525355
89080,12354.3362455202
98463,23502.8634300595
89002,9647.668936961418
87542,8505.207936798193
88641,14682.127291273675
97972,11441.39968329732
76363,23686.93516378729
93821,27065.617413937187
93549,18326.17917019692
86037,13577.19710971479
79563,27976.411039250364
100014,14639.880919549556
98717,18237.432509700622
87323,10884.145234485302
101054,15051.075130163576
84408,10556.301671003486
82692,14779.605625047072
91513,35303.50220833837
92863,26214.313975565994
90666,19187.449775528046
76919,38113.00336851487
91549,37824.72838877629
90300,15370.245386320748
106228,12987.057335821039
101551,11320.675244730955
105986,12676.772111080063
78520,22634.581925668725
94130,25542.64323163363
88980,12240.859908714949
76245,23550.338540556855
96800,16547.082541297423
79591,38786.842356428984
94738,25350.24429554089
103275,11101.06471498587
82981,10587.639575964946
102017,11487.376590790896
85242,10585.407341439248
106488,15044.709909196958
80606,18466.78161207553
100861,10660.665824942786
93103,42278.25616752947
83680,18246.400586019532
95926,22401.158697908046
84955,11064.64303674904
102279,13957.754661241488
90285,14715.406269450497
86735,15339.678105386527
89918,5822.694969761826
100914,10093.877094840165
90315,8833.792002818896
98805,7901.93175865279
81572,43189.373065923995
85263,2177.0906547068153
91962,13947.83106621445
86328,21672.29391716284
79610,26565.087257701904
96570,1023.6900836794521
100929,7546.719091418636
107784,14125.251589437801
94269,15834.14467176047
105574,23311.2572840981
76572,12834.841294812315
96249,19684.38558898351
97897,13935.694761588005
77625,18937.965115532133
102369,12844.990796481754
84079,15559.86345587147
77866,17003.826894458776
83806,12677.18505240907
107540,19094.152777068855
103244,17153.44449214489
98859,22193.594069934567
96719,18398.483498418966
76235,47301.39340486321
76348,8625.802987871371
94323,37064.41724148828
96314,14528.841267330601
77439,17020.450122681767
88588,12466.608852393241
89516,14583.913487690981
92199,15968.376212507268
81669,27386.88684949864
93600,26992.76695453831
105605,9087.182330365526
102501,11152.94733687285
105250,21146.407037915516
103132,18350.967311177403
76914,36831.46434945098
103063,9215.42992385276
85636,20772.490570507507
95703,26618.384976143047
95014,14577.481993575304
91855,36367.2088724537
89326,16279.358192310901
86878,14512.47001118632
94159,26730.43905415754
98939,20535.446678959634
106603,29710.39831532225
97683,14345.918405850476
105057,18569.297885147767
82551,7332.549406687016
95156,17461.435814369834
96663,10892.064179243273
103966,14099.04496907629
103721,5820.365487853589
104581,9986.074209730286
99601,23876.08592384102
76271,13466.96233950439
106578,13466.717093410174
105436,6422.903060509503
96180,16873.262896161614
93214,20668.62512281457
83950,10926.750570175689
87436,8572.239395754877
78008,34175.508862117815
96396,4014.680710412533
86423,16978.561984773638
97519,21008.158029602346
86137,17838.20702055913
94515,18906.323717140855
86264,10764.063193346126
93856,16840.09046993013
89370,23853.096080035088
95869,27126.183514819786
108411,16929.1807888865
90193,11416.03438371158
84817,3385.9461566487735
100719,9501.932283674192
82801,17822.877606299007
83103,21300.471416337183
103950,8497.289647545113
83927,12341.259110753686
96442,19070.58614621157
92599,17000.075191838507
105284,10982.745969915035
89963,12762.156850422529
79117,23297.03748884359
94001,8803.16123287825
90520,5455.392017959122
83344,19714.875880986045
104811,25691.538310813397
81567,5656.363860480167
102778,9000.397465608636
90439,20198.542467578794
104220,11156.698186025169
102961,1927.389352554921
97588,7169.234933451022
78049,6785.2124209640315
80076,17002.127999769233
83466,6646.556282618083
81941,22987.76240077871
105786,17080.868007917365
91443,20519.479243828377
99961,14041.111799545964
96323,10863.007487351642
107235,18807.860253674007
108199,1559.1176603295316
93938,25506.47341362406
82727,19731.936266000383
78548,29370.136433945576
90362,19397.580063739777
92257,22662.13179094423
80015,17557.079650468557
93724,26994.998624935542
88826,16617.042895995095
80051,6545.933060279494
90219,21251.541528966976
83727,18256.311750893918
90139,16169.993869101978
101189,8867.576478372008
85435,16632.861269155823
91933,27512.19026229602
95135,11093.53856155352
80576,15988.973368809238
97289,14799.34554377434
90225,18933.909889256523
77958,15595.786271353863
96218,28393.412078758323
83747,17188.333072021516
85699,13794.856609510709
92682,47131.55745981891
92129,34439.56993920969
91533,27311.758569535494
86503,10328.664983007198
107555,21670.21633538921
98751,25657.224273193657
88145,15941.311553840787
104214,17813.72979504839
80027,15680.927568018305
94594,21249.520492032403
105978,9637.208831723197
81202,26409.86695434338
88343,17887.256938331353
96928,20822.186058130028
89639,10413.30086383289
83427,6580.2554143568705
77241,15993.49222222442
76837,21927.811024653027
105316,24763.350274474884
80915,9798.175552444052
78226,21241.559255082277
98367,14953.143056197368
99268,10562.176199414884
102336,14785.647703622322
99355,8993.83219857172
92728,24730.601008602316
105261,20526.232541886216
86321,11586.407526587951
83913,19148.476764600433
76582,13071.05434197672
80624,15761.758202132653
105804,16997.547283527092
101229,9208.512345367402
104782,12860.718718979857
91859,36494.144567827374
81892,25196.29066823535
104257,16868.1687046999
89995,24490.867724322612
94721,28150.11907262272
100123,14335.64450589518
83121,6902.486497941602
89621,9555.195996915165
86608,11854.522552301263
106922,8359.29238222551
96146,20207.579313900133
108383,21857.450855067902
81554,45393.02806206174
101538,10012.353357666027
105248,13009.608660695361
81033,24588.39710366988
107312,15429.41090549741
85588,15277.212982907251
108227,10008.687323552207
84017,15560.476542129909
101028,12946.387551421649
93019,26904.68651246262
84359,4845.296264258417
90602,7882.97137557622
102834,5974.919012667378
85284,10444.236551342678
78749,57150.78764424729
96892,20079.376239326593
89640,12321.083376014503
102773,17085.463521329977
105779,16448.263531020377
108453,19635.119911914895
83162,11276.546315341198
89704,10954.114996024291
96488,8204.287772629847
81546,19364.933815257507
82108,20822.33964934027
96784,11491.539473245735
86526,8512.448074130065
81220,27016.293309592715
97126,10347.153197614476
79954,23949.586406153016
100182,15687.389630674355
87058,18664.911133188783
95026,23136.075001149133
96334,13653.752810659149
92636,23109.477903433813
89131,11168.839926558809
78145,14889.729486253113
106255,11872.694296567599
84691,9054.416006289364
83425,11029.87303909086
91526,23498.961049960155
81170,11465.518206340028
93766,25386.270869578133
89183,5139.128729999036
87644,19268.47009833323
105559,43218.243504169164
91968,14690.369042122504
107198,11403.576190542139
97030,2988.5219519266684
96512,19510.73992719753
106506,9097.413497657792
97240,11211.900931678538
98164,-4077.397979273366
79782,6664.270765763911
102498,9667.245799380704
86052,9725.69892140571
101070,12798.138584526809
88461,3559.616112052754
94238,22318.514086463765
97040,5624.571600149444
102861,15108.170717213681
81516,43813.44756815686
98512,7322.502317734179
91654,26389.09519391833
87837,4175.104708496889
97950,18700.344393526015
91492,23352.22763906626
86374,13671.165035175014
103671,5263.302637372544
99254,23468.739629542644
96920,17846.63438173996
100733,8950.765118940646
101602,7007.71208929515
101809,9702.411064853048
93626,34447.99725387384
94707,25501.942327642726
84718,5859.483324185741
77357,20008.31828923928
101735,6710.834361600209
85009,6219.084633062215
98213,17782.95396554543
89068,4945.762053104874
76270,17763.699249674435
84608,16941.476928941032
106582,9586.109666437376
102112,12620.461651627804
79840,14544.656391048353
102362,9834.271568381853
102074,16614.614214279834
78050,21929.761188761884
91002,31763.60269467959
91648,22107.62709131431
90182,16373.528329663473
101732,12122.130217519705
108023,23287.388232836296
94586,27618.568763611547
91189,23320.75284996594
95199,22771.498061387727
78510,17410.06190524783
92551,16172.42870014126
92368,22717.87197912579
83335,9117.914079660433
82609,6204.70087403545
83471,15124.101211407338
89455,12905.848019419704
84982,9127.132057480223
106978,24994.816031274182
96399,19399.367799139698
82526,14808.430549327459
86743,11777.632208384544
92104,21720.3363314077
97862,11529.282826707844
99211,5259.501779348386
99118,22519.939500507215
97657,28243.325798752834
80627,11744.790130358771
76293,18474.984892440945
83108,8080.006482955316
93728,25434.360582673005
108295,14486.480129869422
87957,12668.456158665707
78627,24343.04698712303
103227,763.1857559946657
88115,10055.153484365495
89694,16933.567782061407
95755,34531.438057196225
100889,11698.633796836191
76859,15110.516500756741
80975,20820.856660901467
104878,12661.587450322026
105859,14972.926882124739
93283,24731.513173758387
76217,15077.883261957875
90731,17674.918668168786
99826,15393.99892273001
84180,13010.303772728832
92500,23825.81923484197
81956,13252.002678114193
100508,10658.879439949495
78336,11537.274509058669
98694,12572.08990818463
92486,24865.524714964224
77134,21099.423786560423
94264,22584.486202176093
108210,7075.694781107857
98310,18900.23787189751
76260,35181.0547064924
89623,5426.206847920897
101737,13604.740396690002
97665,10171.053462731128
86041,16033.771209147642
86653,12524.876336792528
88423,15989.975512941339
103407,15758.588038468151
84654,20438.747969486983
77143,28008.796624607174
106392,22309.101755657888
86347,15820.38145066706
107230,9599.619778301829
103693,8879.516335655178
82765,16967.05884981202
103894,12485.717518142628
105668,11936.953249448008
94216,13102.9178242474
76250,21548.768220018144
102466,5010.116626645089
91919,20130.942800984616
99138,21941.855007189457
102850,17061.118243935693
79094,22072.034323406493
84552,11450.67280153073
93668,20026.064732880346
93389,16312.002561790869
84312,12030.116711816168
79379,27070.897968592326
98739,5820.732190067327
91448,25280.726376508173
89834,9494.350591861556
105359,7886.713055576518
100267,11321.290988795692
89101,18624.44877315333
76904,23260.567342819544
76664,28248.400085195273
102621,-1301.78350305825
82337,22746.711676921957
94266,28097.56313739864
84994,16127.806379932299
86246,13024.272048846906
96923,11920.335682263874
107661,22379.084159701102
92401,21294.721902820835
96296,14395.886826332862
85114,11905.918055133952
83081,8984.966656360659
84948,9094.15302785483
80292,17082.26010687712
78938,14893.92590005805
79942,19099.79851386047
80899,24638.051135632253
102476,11529.02343983973
90589,12466.493491369562
89944,10921.332838875504
106241,20577.363985451084
99835,18520.099647145296
98665,11840.116283232972
96516,5450.482068739831
79065,21222.088143206114
97070,15623.331049589528
88721,17385.801233406353
100311,11877.103538906085
97912,-62.5816114752015
101514,8249.451291029778
91763,22357.183746370763
88488,16280.963263014826
79955,10354.74684676947
105677,8897.426152188418
99297,2164.5921689055976
77377,11999.5649545833
95552,14170.365782320005
99704,14538.983276086714
82097,45295.807202795884
77067,425.9799473485109
93326,20999.988883247497
98258,1966.8282794829574
98900,19813.85716955841
101474,10727.862226668949
91945,20132.095114456533
78816,29816.979262067674
95208,5061.85536141567
80788,21443.100898534496
92446,14561.945736547292
81929,22764.632307249398
101068,14608.645814599819
105116,10886.552523853432
96828,11910.893012896311
102272,7276.082178178243
89347,22623.000538387205
105201,13719.010349709279
94146,17843.72399082844
105641,10161.119233559773
94416,29739.23033968454
89152,16674.945334291348
99500,5602.736961055431
101711,6862.767033205717
88178,15072.932582315
94259,24098.06846785084
90380,11746.231400394492
80659,39501.17621762982
94687,15984.062033425973
100447,10772.834004126315
80895,13689.488020358796
91806,21292.00867697675
82758,9865.293847566354
81850,16746.117959965573
85521,8672.577889128152
92432,20981.443176114946
78318,59935.651978100854
98804,15219.227843114408
84403,19389.95741085199
100979,15877.847163998536
80559,18198.80189206917
104553,21318.158545605955
90570,12332.318706511287
108278,23716.214362898332
107134,12381.018971460726
84351,16149.472586247313
105418,9784.283728960116
93910,28863.605972550868
98231,24967.907344509353
100789,16244.690529437736
101332,15429.965063195617
105715,10296.707222213037
82170,13274.353554139554
101526,11385.340246765758
89070,4810.832658612606
90429,16750.175727543217
91152,20889.844102474963
82374,33809.89196696966
81668,25560.63270540483
78914,21952.753074112086
105239,13815.130901873898
107483,20192.813737755932
83354,14548.167793201661
105252,14793.849060896115
93977,20723.64241874445
89807,7381.416536582372
81551,31977.14843245082
86311,12494.211890784383
85966,12876.146970627029
83878,17506.526762430905
103342,11366.70800639785
102398,14234.218357115227
77021,47112.24839836007
82755,6732.561912843725
88635,5882.793792350392
105457,11628.572512454892
106552,10654.772129657737
102641,14865.359996370797
77582,26840.717110584796
95453,42730.94990423221
78388,9905.611572103531
99772,15600.428793554398
77990,11984.741620646033
78944,27623.143625432975
88290,13366.192934168037
90011,3390.4802304864425
89540,12023.980887008627
78904,24105.101069084063
91379,19276.383693465526
105750,10859.808151278237
95603,15975.872138174935
92481,14214.777087653682
93463,10432.228358488705
88974,10646.405668213789
77787,21784.271156224248
101389,12564.586930536927
90559,30814.18776891625
90421,11440.620782897196
107190,25310.020436310384
87506,12947.686745297193
101147,14413.655788231874
78096,27704.388416991045
99840,4288.5659727232705
89677,13616.980597446614
97991,10607.636854060926
103556,11874.677259558404
101327,9968.991028068078
108008,22020.06942869784
107752,16769.238953997512
94554,21531.751760805884
96408,23909.060125722637
93573,27772.25267472629
83674,9961.605861158256
104503,29829.481686938772
93082,23226.294649677337
101841,2707.685348925079
85143,24942.514870620435
76781,16913.37680090504
102153,10266.538809659905
97411,6189.326081170249
101676,8066.665220446361
103176,12656.531720826548
80879,24699.53311052553
79695,20670.58850204853
106987,27613.62668327731
89095,18832.58054650511
88707,8367.956516635924
79935,8693.02564490179
104678,11215.263632071757
78644,10719.146646984183
101947,15090.851457091921
85390,13224.886259632243
94121,13779.11437156322
80525,30280.751329187493
92964,27639.272696790038
81982,30509.653392177046
93804,22334.451739413154
95574,27810.20031022829
81710,21599.64492622009
84452,17389.26411750805
94410,21040.409894019336
79137,25925.724686156507
103270,11884.562391302388
82736,1619.127789379767
106741,17960.909943800783
77630,18070.58881693278
100426,14414.619410193598
107231,14679.58175429597
101001,15335.348255261284
95067,21145.03516838621
107197,25021.108043983375
83522,14740.08746112317
80239,8110.671182909224
106389,21077.910081164024
99072,15085.473923723126
92779,24264.624528080167
107906,25434.921895621213
81289,7708.275968261587
101206,7298.637584686658
85646,8978.375794043852
95202,25594.686141031358
96423,5640.494413857057
106597,5491.018219323305
97601,10172.125913632393
76974,48033.75135141982
80171,27229.463749662726
78391,23963.885957434613
101424,11700.57069295444
79548,30146.628955236025
99083,15948.433137268468
96204,24361.69091309498
93318,13253.995972454853
85745,18943.275867251534
79531,45341.43036833954
106411,16795.631672277916
88431,12126.689175495529
79827,16570.766548553016
80860,22922.58343328665
93114,27166.953060828324
89031,5987.230940632115
105755,17994.98931605491
81286,12975.07501396237
94641,21443.35644250775
92196,8415.691587045876
103591,5288.926335870841
80497,10199.802949085599
89672,6891.174461450806
80800,24626.79023649663
102146,8259.936702938023
106675,24587.022081185874
76780,23763.971200447122
79880,32095.844670981576
90306,17194.99620545763
102271,11182.716813000763
82996,8906.443212990649
77929,27330.58973039224
86610,17852.572314769117
85316,15401.858876815153
91134,8034.411428651103
87377,9432.383396669815
102946,13917.281056430773
105420,13342.47350446551
78375,25844.71168161626
81157,14156.942604284384
93430,22375.93858270379
90671,12520.224743127197
98881,11976.86123110351
107152,19980.180387419736
106056,3914.354399263524
86256,12455.195414848815
88692,9563.569065397576
98622,11214.546198871976
84068,4436.507920740536
85863,7837.777237011454
104131,7619.993946127113
94296,10013.340271591267
104177,8450.461711032476
105126,6458.232423626119
93360,11338.950316952585
91059,24073.882157964268
100015,7704.303462920594
97027,9352.746768472221
106300,27811.49248342999
83539,14086.472122606414
87099,13606.733140553348
90692,6268.8514914689
107313,15573.176140225158
81341,48815.814156944005
82901,11391.839446449463
85576,15646.066387332365
98646,14504.278654599708
102552,11078.047103676363
84874,15758.24731042789
104768,10715.430383923842
87768,5749.715669831843
93342,22479.49844914685
87241,15575.008294422398
103615,9475.32393708441
98526,16361.24768307872
107464,14383.889905170945
83357,21361.666269536625
103171,9097.050874503184
100341,11308.040426401581
104547,9991.144859431253
102882,14301.756789833162
107531,18667.2315511943
85433,12555.744698201452
78435,18208.01728343984
106094,22129.206413918728
92625,56331.453620928456
100319,12530.137603272335
95937,26126.89803620604
88915,10819.023524402452
87681,5872.9645710829645
92428,10509.786118465621
85427,12500.917422912258
105372,10853.052483684296
82482,22232.09727036256
95178,19621.084892055573
106881,7849.336999888677
76562,27518.07072692836
103710,10786.145144487717
89109,6915.427987798903
92522,28558.043895124007
84821,16808.833427730526
80597,24606.68775114011
104040,11500.06641528575
96115,10175.75444894284
82818,8479.549617331097
90316,17274.04695352263
94385,20544.250288582843
86823,9836.933825324697
84842,12035.304178050923
102995,289.5581457135777
85397,21999.18036640942
81427,14454.310853600968
102461,14042.37299788007
77422,31981.525813109984
102354,15208.426259661617
91822,20428.408814613285
87427,9469.833563439868
105450,21079.166393687163
94789,17523.930481562493
106631,25272.41645552397
97004,13327.178099230136
100826,15090.818135732829
97915,18374.938254567824
93253,28348.11164217045
85776,9487.20853287945
105562,16566.99200564313
77560,21311.249681905
82659,10710.573482408072
89531,16604.789843872597
94076,20684.492396769638
98457,11004.05017839084
96163,23658.003932633932
84779,10288.105954019265
104551,18806.803375557094
79934,21531.386767141244
84896,13926.037572658563
99393,14134.431669891695
82051,16923.497935129562
93247,19468.792269227182
86929,7308.854851192955
106943,10612.662207732385
79979,22914.413997830066
80912,22455.253339788207
105006,8531.324162111254
94368,29849.601634255814
81871,22323.513308091642
90338,13567.034542917245
104271,12641.062569996167
89984,6455.4883173425915
105122,10732.411803931158
104308,24085.123017531412
92941,26717.913388279092
87433,22317.21635310733
96289,17683.175332090672
89130,11561.564181563808
77233,47862.26430366878
96895,12997.427781024191
90364,10532.827439414948
76283,19413.05652270095
77689,24185.99173941063
98366,8912.055664651649
78025,21204.473146595643
96644,11947.278630486777
80641,28399.670698540023
80271,22410.619511972924
99003,5765.5687610051245
79756,7146.044705559005
76981,12856.476750847534
83320,14311.448775353638
96797,1071.6897316069226
86350,11775.025092318887
107535,17633.886222683213
104370,6693.038293198857
100740,11154.616911686768
85851,12055.096797647595
89132,332.65136659987184
78746,24804.388154510452
88999,15703.2673370142
96416,18640.175026499346
88921,5796.83522670294
101078,13217.468481271731
92447,23022.86904792594
77960,22112.177109962868
106799,14829.940736201592
99888,21925.133285272095
83252,17909.667414947704
78645,16483.672773074184
92233,18867.46874043705
104026,7959.455243092059
85148,16751.036083567727
107726,17467.663018761203
93331,29225.85585581798
106236,19915.076389059017
95282,18378.686929676172
76222,26104.35013266017
84158,4025.932112738199
81857,40625.0137722864
94698,20479.005598238466
104680,7619.529279365117
104366,16646.152384709814
82562,18792.774530750976
89753,9291.833321315702
101937,14840.219449963377
76600,21435.25155164604
102683,4576.036966697517
89245,19392.91355749787
99902,11911.401407553669
106525,9390.690106324677
80738,39365.19049029316
107909,16176.339119094191
105939,17168.67726042513
92485,29322.80004088956
105128,20707.17872457672
103147,6465.670455281361
96539,9566.34690317596
99656,7359.6075481635635
89755,20374.48104712894
88400,12979.262169031019
82968,21119.792081613326
103521,15447.646861579473
94755,26850.89737467536
82278,27500.102022528357
106205,6391.2549431923835
102677,6301.633457080083
103577,14649.430993024027
88365,13920.665728965687
93543,15824.765753555228
103285,10320.77418852676
91445,46873.89605712089
86676,12824.927047506499
108086,12450.87042269655
97671,13884.714291395037
85193,13053.404894386564
80220,32298.68621440213
107824,12726.459126375368
87246,7932.788871180703
85080,9985.450792059186
85470,12523.476115180965
93453,25562.628519033024
87214,8295.545270523624
99010,10686.521611218617
77246,33483.03598044162
81671,17366.839180049763
83651,13154.336550967098
101085,5692.823907924307
86961,12179.213909605547
99154,4733.382575134921
85563,11427.271517170651
98972,20930.52402561852
79331,19902.97972284144
100112,9884.539200203668
92540,20989.402888649536
102135,3504.9546220945194
104980,21915.40090466579
103442,4671.778313750066
104320,9473.692294957058
91208,48188.78524617918
82486,23540.80591325769
92052,12601.968395189193
80540,19858.064346617553
89228,13737.861453693564
98960,11477.87427352104
86821,23468.280972716922
95220,15127.824626565969
104196,14564.09972446262
77934,51891.61213025516
80965,12657.802250237786
80864,19097.0853307036
90303,17999.555514463806
100396,7070.042046285002
98226,12220.796797524934
107713,8468.871344166575
82199,23775.103822291843
104715,27054.278195873907
103412,11165.811163647406
77224,12273.628346904065
79149,15072.39149129395
79332,29302.830497503383
100094,17083.41440168937
76280,28041.851868685597
104668,23107.747650810517
106239,13704.703623751411
106918,18527.65637532578
103738,15553.201804672397
99768,16433.440810341213
99895,5410.940822234406
88553,15686.031045924377
106781,13150.867113755725
104339,27033.844193704324
88198,10205.2419973371
77024,14959.960461332637
90492,17941.943446253368
87383,10508.808323805453
85194,4027.947606622969
100821,11114.337938368844
86207,10499.562102139636
80736,7830.051051546558
85035,6973.57867457901
77847,7820.187859215192
102444,5271.4059479949065
101635,19969.999656744272
99639,7695.610786786274
101365,6426.249613212014
106612,24940.50652144471
89655,13813.240667986887
96679,15008.291411124985
107353,34594.11350687478
101805,10657.593281929861
81804,19807.15460521204
106783,14575.77820379498
101047,10239.030256302533
76164,31272.844743979993
106524,3819.2896801505267
104745,8182.351045945514
88874,13195.731621796018
89206,2855.391460780462
88602,19317.285726348142
80458,24612.67086176382
85756,12252.914437166124
100972,5933.6241745823645
79897,30768.513873371034
85913,13009.178736697679
107705,24755.032372345042
102659,8429.372419199775
101994,12839.240661404227
104004,9523.917515109992
91171,37869.173258614625
100207,14683.468906434748
101431,12947.723312655871
92034,21841.27441866076
95470,27327.00548459412
79276,25233.743339992507
101893,15909.63583191554
91522,26378.16148809738
94047,22895.256895473474
100620,16412.67165487344
97405,11718.577638773218
89277,12271.73586606409
102728,11370.844439184177
95665,46735.28247982006
93861,14778.33765111155
77779,13297.47410324568
79844,20049.216151325643
102549,10578.351497794443
79764,19278.21019936379
106543,17501.05925667724
90127,14819.250424560974
78759,18291.37353716814
85232,16010.644216321016
103173,13955.109509947099
77690,14035.540297064683
78669,37258.620419016355
77821,14105.054906702251
96869,8785.648263479961
99426,10541.920035550153
86596,12366.875625515342
102352,7584.167100024846
88825,8141.928057004843
82595,19590.074897281447
79408,22797.721907951767
105771,20335.061202725366
92499,23681.968639392828
82744,11245.360439895201
104310,5924.996790935664
82965,11829.35348045922
108492,22848.643388105265
102748,8001.790719971439
105549,20416.586156437
103794,15660.045369110681
87574,12764.123466824065
77090,20458.426729611587
77729,27487.217107653807
92854,20296.780762726805
82724,12330.490605540079
76843,7015.763361565449
95714,13697.786362776722
85077,16714.949759477284
100035,478.72998186921905
76694,12920.707604941752
86970,14022.286684394392
93243,23149.724832987806
95700,25763.47012019495
103907,9759.490712880768
105698,13452.419017358072
84320,11854.47462089108
91561,25027.602802418944
100459,7315.682215373468
106398,25858.208554505618
86911,-887.1095107671135
102905,13425.845910057673
103009,2366.7879821825773
76287,17445.57902527995
106832,11708.877556928172
107240,22423.017095137475
104164,11461.904140833707
96561,13589.925616706023
81823,8657.713036973582
82102,21527.33552614518
81420,30436.063264821205
79102,23079.527477358875
92252,20078.272699821537
91605,27605.444948250646
94353,28179.603093072525
76883,16513.250956830787
79941,24614.362755612077
102977,8673.401900781464
104975,28218.65458198014
86138,21057.943780694448
76309,12256.518163555695
104976,17588.677343808828
105819,14939.74683842648
103115,4118.330965140776
78958,25637.849897559136
86851,5426.399681652518
91889,17295.294625864975
96977,24330.60147209493
98888,11787.522614752757
87642,13548.37938257595
96835,22303.405347549633
95915,31305.94661716283
89880,4487.082723343861
86974,10295.208700986957
80793,17961.124113068043
95773,24626.750257802152
92664,14160.405356883086
108423,15808.07358784115
88073,17040.377448399828
97731,18981.674212912418
92705,26274.20945008396
98275,6516.376478667022
106563,6884.673580217597
83216,10588.74178069814
108252,23721.63261124093
90052,24088.98912066361
96839,15607.972863018513
87847,7763.278895230702
101778,18935.80137044302
90493,10341.989959840226
84236,7293.698383090668
94651,27475.9573194369
82828,3523.2805803350057
84570,13792.81965152573
103560,5889.698869371088
105414,11170.865930232772
82874,10203.331932925706
94023,18301.09203511235
99936,6998.395786423149
97927,2723.705095162324
85922,19617.715968846183
92409,20874.18197773832
102547,7314.609590264328
98620,7636.250605463254
77418,29866.1209809344
106846,13876.360832546896
90794,16928.216657840123
102848,8534.512484960404
77668,21468.914702959722
87057,8426.48412779253
92125,37428.10255498307
89356,13919.024803427426
93931,20571.12124821279
98496,7285.361925121717
96762,10888.775331594312
77603,18260.332824905025
76242,10686.653130705876
77854,21162.423639654677
90496,7915.238673274085
89873,8109.575735848266
81047,33270.51519392355
81482,13284.46176028678
106630,21864.527354269172
102807,10575.170627554457
101397,9106.293024415194
103459,10188.622034995162
78508,33445.39242721915
87042,16694.444023184114
106348,23960.486338481453
90653,4119.097319702065
76159,20593.480466159483
87944,10853.690073957987
81531,23236.91758900741
107875,5868.0499544900085
99542,14838.589700939061
107359,20388.052367535478
104564,16507.326664187465
82560,13889.91826838418
93591,27369.035212307193
103234,7917.697351950832
108458,10336.823202505155
79888,16940.811923278772
76419,24943.965100643603
106649,13695.47903965562
90004,-1039.453393202224
93201,29235.251137262807
97558,16812.651190398494
83097,14628.069437308528
96492,2961.915872957441
78413,15186.854081320518
79076,19108.898560193775
87061,10065.556390197191
83665,13511.189336006239
97131,13425.99222861146
102075,4573.639164998662
99331,6869.430285988186
82067,48411.03761997698
85459,20744.269737030118
94510,36163.88587754899
97875,21316.251362966927
105176,16040.297883066843
89196,4605.914107338176
97424,21043.940010985883
92886,28544.241532936445
76660,13077.720979552701
81181,1291.6782895177894
93133,16771.77221981714
84390,2294.1832192257425
107413,21079.888038264675
98681,11959.018900843163
86318,4549.76397693764
80893,27554.24632502999
106409,24648.311528834223
101539,15639.668693582935
107735,17159.477721122923
103362,4945.871463658026
95493,26522.457296070846
95573,23309.409801522677
81435,25314.335052345006
89730,16155.182993250826
104812,9718.468727793806
95540,14922.615060589014
105693,10206.588120327564
99879,5473.134232314798
105045,10646.290949371774
95556,32797.68812679878
105209,11211.661903221102
77262,36208.34077959767
88746,13578.835235091246
106257,25666.87117723057
86665,17071.973034751325
99714,14555.58667987211
86308,-1471.7303899774925
107814,16705.65112119449
104110,16299.507264781772
107020,10019.288983253617
99899,6830.018580748496
87878,9462.064076804905
107898,10162.972731375325
91803,22935.59771819506
91708,25376.32853768769
88131,12980.82218376288
94236,27593.154867745296
94787,27664.380330217755
88426,3571.4349073510384
82052,24494.81807290927
81430,24166.06677628988
103458,10815.067382417212
87322,13231.94074408953
88030,8154.181868562358
94505,33752.122228757464
80104,7556.75339810802
92324,27634.951203900404
93393,20183.6771696559
101185,1722.2509092095715
99944,8687.829806924186
91381,21560.780604270098
102720,8438.529132092095
80107,26825.849841970776
93006,26941.122178044912
85248,11397.365684074088
99068,14422.269752548134
76834,49056.566734024804
89377,12641.527617518048
101452,15021.58156802143
92548,33773.635126269815
100658,14754.866198649426
98383,29002.84211230182
77915,29586.360494528548
86268,3434.2895723996335
80304,9131.770356522466
106680,15231.206606878026
101132,6176.541744128655
90092,26850.051876001147
100329,15896.88882838239
79943,14001.010421206389
104189,14688.016618104826
107250,24389.991130849274
105088,6843.343765390629
88824,19263.19828735976
89166,13880.371056241856
78748,18576.293567660992
80118,21289.251008040766
106238,25545.513501785448
105638,10184.518257746648
94974,18595.119792935628
78384,17134.046840996976
93451,21995.133889461897
98422,5985.333415122586
91430,26223.07600755339
77519,21929.32712319281
96946,14627.34319349972
98391,1944.3137739509402
102809,-843.2350582606523
82926,9817.471107252117
79108,22117.6573692745
96213,22774.72745908842
89205,3276.596305464569
91600,34954.5543085917
107292,23606.145298140007
90688,16555.725749489837
98776,6056.6404222467245
79778,15900.427756393707
106834,7500.010245139769
107835,18156.390402642442
99788,10974.881935788173
91133,26049.763257994433
82747,13092.492022017323
95651,18449.63336648463
90035,12829.949370410439
92821,17373.534891885996
93614,25281.93155164797
85993,12304.378177009843
94616,18958.563791427936
97987,14084.594978590467
79300,29084.16973183106
98588,9081.613023701037
83355,8495.570870942829
105664,22546.25736117357
106502,21575.219901329547
77235,24170.045495280297
101503,7847.463457783713
99569,15417.195617463352
93332,35246.60526491629
103565,-5783.727314900869
98223,-2842.279219889111
89090,11668.837381116144
101490,1418.3784663763654
89428,9653.968237423338
82555,9741.28114804937
94744,19200.523365016677
97092,1959.3943580033956
80994,24489.92225900275
99486,10163.439418866037
88556,11731.91233716163
105789,25583.12008224854
90968,15380.19564913219
87386,11823.59133632065
96239,9341.613103481897
98412,9279.23322698439
107073,12335.345149611152
85775,12979.76664361528
103494,14399.92858144149
96232,6887.269297651204
95146,22521.789991396174
101493,18531.236332939225
108369,24149.698334691
94214,24587.38504053536
95377,18343.07894289249
80081,16021.827653589688
81186,17621.074445999067
100638,15092.988123983989
79228,30621.38892400921
83296,17315.878513690448
78663,14983.257396269415
90474,11147.36675028372
99746,12408.536199751892
80600,67464.73740407084
104132,16992.81121324723
77292,7941.806911016771
104314,11489.784262449073
92563,46572.77234114283
81135,26088.911180548224
83199,13654.838266791106
103083,6819.947301769542
88165,7213.835313032352
93492,11174.128708120319
80502,20113.944966098265
87640,9867.62849314457
95862,24252.207104703528
97106,17752.110875882863
88353,6097.425542381097
99443,18347.554363703865
85914,7282.367429639591
102522,8705.584831647662
94035,22332.590146994713
82309,13809.14249918575
103845,13851.28658190195
82955,9231.590735155463
86039,18437.583179145935
76890,6990.622134828125
94862,21824.02003125385
89261,10800.105911604973
95261,31150.407885770095
76543,30355.820595404643
93805,19065.726097453648
79387,28038.493537304937
105256,17640.409922583814
103632,16005.053161494783
101647,7857.373999241594
90779,9360.356685901672
83004,8585.117417408823
82810,5331.067368306365
89851,6130.623961873411
95583,21424.975703043892
95318,12707.129503782897
96740,16422.187364280762
89999,5607.46988293319
101586,5215.045826961927
90205,22729.115397178408
100202,14463.859971929254
95896,16147.29717405497
78190,26854.57364576994
106867,11111.737861861882
103122,5919.544491012959
78800,18503.531651519123
98137,12041.413449869404
104071,15181.795477116786
80969,15920.646102777115
93695,11343.591348758724
79235,15972.491285696145
100233,9179.663815557811
103673,7108.357965657866
82811,11258.04316856974
106273,21700.76149332522
81714,11286.170173417195
76623,15565.083499154862
98396,6190.979545233742
87067,17442.691750582366
94615,26915.63550117302
91380,27167.05238052705
81368,14717.564418464564
100189,19308.090114626073
83055,12100.479870631534
104726,11542.30028265802
79494,22359.019676647396
86895,6349.130373865133
104253,44796.32205330515
80451,30910.730178694517
81633,30437.89704812781
85761,8860.520084080548
76040,15993.968720959965
86749,3131.803895863879
97161,22981.01198642938
89492,7470.664342998469
101063,12440.036744390789
102557,8361.087694279326
99966,3809.1867280566366
93615,19212.75332251223
79812,14676.697270150966
106083,30909.077661255607
91688,18893.639851239044
93348,17030.371407857252
95861,25930.537946575554
84278,11909.829342209443
76892,19155.936372833603
86674,8320.46413976213
76138,19792.480460016028
104974,17879.85004603144
102421,10785.902096550519
82617,16146.674847111397
90307,9100.573609550542
92258,24330.76289920305
90255,22160.820173028973
101498,12146.221282566286
80567,12197.093370035785
95321,24990.27450986563
86671,-1233.3458843387562
89272,10440.019130263128
78823,11391.932778983013
95185,21973.163142384714
98753,8413.01470664682
88611,-793.3562779802596
108390,13926.85258106282
105366,21177.737642220338
80433,20239.5854941641
104145,10439.188968562565
90881,13537.934591741621
82596,10273.126598030125
85279,11357.73116194499
105968,13785.27775260633
84463,15353.609067588928
85840,6459.196049309801
78708,16609.260208090287
81642,22448.35071178952
88004,10977.986141988396
97345,24178.40693313851
106927,5966.379269516852
78351,15330.117916137518
91596,25845.623786972763
98390,15287.20146821528
80145,16577.82216600844
88364,2590.431034000154
88715,14861.772991256235
100449,14353.536769161234
92076,23734.406732394127
102573,13703.648783108656
89983,16828.790310132055
76338,26397.29662918902
78076,17348.68993022188
96116,13471.750395114737
76662,19539.11614504193
94194,34528.65948509624
105200,4706.306668338482
95232,21051.93499792549
85705,5391.523107330664
81683,8940.206226216149
92007,33245.85190771651
101156,9624.30578061394
96857,9750.345136598626
91201,23817.14428449425
77066,9159.943035273434
94938,25029.923692900207
82691,13996.843196693138
108279,24546.596879580247
101317,9503.793602138612
91872,22746.259919754957
92517,22724.336065080628
76176,19658.386140105285
98840,22179.939045546358
96297,11475.066948417632
105077,15052.933598921154
108306,10547.133967293412
106837,11549.451303830283
80906,12196.596148663943
85979,17804.335124152654
100004,9645.76647512801
108473,20545.512227028434
77203,19618.204203599205
101523,12864.746848902374
91769,23849.196626996316
95403,24755.867096429283
83930,9424.795604219136
95272,28231.340683451243
107063,12383.705898512097
105033,7478.409772877378
105705,14393.996161638206
80224,16708.319740250547
98468,8577.597059516542
90993,23864.89920702079
89413,8026.874972631631
98561,19939.657590018964
88199,14356.044835484383
95082,18340.112787616526
96647,8318.078109512222
80307,22009.71145550834
86717,6702.7499753722805
107754,26353.153548593953
92740,23966.816088017687
89653,12561.802255526753
83458,16677.76652172365
88918,2880.5313291609637
80859,24567.865216215505
76830,31229.69250924859
92727,21689.844210012176
82512,16089.525254242704
94918,27446.369565308472
96158,10493.456437548273
97812,28161.599703887303
102820,10400.850003503845
88655,4526.899852773684
86512,19212.921370754717
84814,16385.523127514316
82832,12599.694548450148
86946,11111.432600183529
102885,10211.124262239726
86598,19730.547695705405
76927,47376.02579035128
83377,15315.850343520986
81917,25522.42957351933
92972,22235.07469207949
94932,17781.22565305716
76026,34249.91069905882
82383,30606.479611731425
95697,26330.024044395454
79489,24148.416066001402
102254,10075.575149763885
95248,27914.986681101407
99438,7856.865106526006
96002,24020.66116472546
107266,16538.208791122932
98233,9710.434890389995
87721,14427.81354415437
76462,55847.02435355028
101352,9618.532673610112
89118,12204.246924606705
91908,28180.616485029852
94169,19502.878480669227
105347,17795.97195586798
93347,25942.16170590841
107981,18604.28443079765
104698,13556.712813002421
87678,19949.41544226944
78945,12135.249822344631
106051,10190.425705792557
100768,16784.408209127098
78915,26844.611469304073
101837,2057.0466693710914
79136,12708.522233683048
97035,10225.509476959356
78591,45889.87367928024
95969,28155.874351206658
84208,10838.121600635117
100228,9195.738709092926
97687,10834.170988169411
87591,16357.607317114802
96149,23522.09961509111
87736,17517.76165087553
87550,1174.1469098618254
102052,10372.411970085159
78827,34176.25105845225
102402,14859.795613999187
79412,26175.943895525124
77865,46479.160506618486
107971,8493.741116248711
107469,18605.094793460084
97612,10388.301338507095
108451,15053.053440807169
91741,29474.120990912634
97524,5577.185437805601
88979,12467.552392581943
87740,16618.676530315264
98817,16688.0929760352
93862,20142.42955943533
99648,18390.974468371278
76643,17527.411178512935
107633,20592.886796294
91213,25758.00894388187
90869,22939.961846398888
85444,16126.516803476552
104383,19458.712235620478
76870,16790.767406580242
79279,29981.860408944398
83999,3102.3406342779344
98596,6149.390273540252
86831,12024.201754742127
78863,27358.089901281943
98360,8647.816137892427
100096,10647.780681181612
104448,5553.720674608136
90367,10663.01377848984
103277,15810.58976273144
103728,8238.777451020665
84370,11246.537331133717
89978,6731.1707937685715
92359,19507.637416334677
90135,6908.591603060486
87969,15609.143785652908
102318,14012.288364121778
76607,28361.86278108682
88481,13095.931668006146
98436,21846.263941662997
92888,42135.012654565304
106269,11000.461105298062
100538,9387.601061765105
106326,13024.454079495044
82449,4518.05912220286
91142,19738.506001131173
80150,21562.18909655101
106004,18643.287117002852
108069,19051.153747713834
87037,17159.113154044142
101280,8058.194892704749
95763,16681.527163008723
86504,13099.07475182545
81964,23461.723335603252
98685,13865.152725343447
103215,11133.673443466017
94922,33768.62482044683
78554,26093.80612328413
105764,14725.667479316893
87972,11055.803662052582
84358,11844.193942682454
94964,22976.838241155987
103241,10429.1998151624
86647,12595.62684887054
99158,17749.13569705907
85420,9666.167107916117
78077,25509.602383314807
107422,14435.461603928794
104022,22930.97646433275
79737,27627.405430168772
80207,16036.270317753428
80967,18409.875673416274
104178,13144.283179173275
81030,22155.17601418181
93015,18692.805622234475
80407,25192.162466986265
87649,14083.665340960084
76690,14700.475719212845
79789,22635.00012194173
82746,8610.681261909252
87159,15352.647473400837
105962,14621.680766953796
86711,12146.003249605885
90644,5035.452733010316
85786,11449.352142309042
107631,21166.52071976915
99617,6100.05495310502
96261,24316.507591229936
103524,9221.18511925434
106761,2631.7632688047306
85261,10915.311716638986
82784,12968.508170135377
79866,13324.746812808167
85332,18322.792988176152
91102,23041.75237981706
86628,18250.351507041545
79673,33156.24844544154
83347,15908.14836111205
94145,22076.269781783165
106036,20279.79243886152
82287,13253.407501520182
88789,16231.347448768225
79618,30955.48478926113
94133,25922.05493082064
76165,19490.851133960983
101369,3326.487782122713
89387,10120.851164304011
76789,33982.05328493667
107309,19950.42274370551
91783,25203.04192193513
101897,624.6602271838274
97745,20978.704703760304
82133,38607.50690889657
91614,17677.023712985305
97308,10815.67790057222
95044,42667.21802991544
80363,21323.40788356526
87137,17100.28192154225
80900,9398.15227090902
81525,28234.75709092256
86772,13547.629216822563
104784,22474.50410913455
76211,33209.258525257625
88180,11295.673597579385
107375,20041.891849376523
87142,8040.238196424616
102944,5822.687580458703
99258,13286.257730691956
80209,19358.09287084693
81591,17798.491254028588
101494,9996.336338274996
103703,14842.586561637087
84613,14288.788257015782
81070,20795.138909642745
98675,22565.866528903367
90638,5979.318158657727
78215,18475.134636218485
104188,10255.48293709848
79525,27864.35017299537
95362,23230.319696159437
95717,12989.180851939222
106872,24623.761988053302
84301,13660.049926166655
81601,29270.804892289976
86575,7811.425713778881
100108,14384.406539160846
98140,13548.94552476154
80480,17762.802619118665
105961,22027.0654307809
88147,5148.531647801952
90426,11908.976619617752
92503,22746.99616756513
91066,22950.814032286493
103976,9685.786355453893
78267,23203.49565332952
99535,6027.547136020614
87776,8662.920184585731
108501,23669.950008373504
102285,10455.469352462853
105946,19901.18874460242
107799,17217.294305169387
90291,14333.038786463148
103617,14280.464699321514
97086,12857.629807666846
108058,19316.254049138122
84663,14005.787064295728
83054,11229.353583461052
80706,9915.740424285032
84885,6606.857178297418
96741,8806.883504568716
89018,16816.5474030505
102962,12833.417947251699
107208,21753.024508432587
87254,8497.295974833047
90928,27603.605044107317
107211,16496.930662395025
104636,14732.571643198055
96902,23127.63988071584
92953,19889.74912682762
107082,27038.15388487694
87483,9910.553444155754
81493,21118.153674744914
97521,2692.1836869585677
107168,40508.10164936383
94004,26548.154133984557
87794,15163.029882840303
99172,12575.931625390192
78673,27705.551063893974
77673,40560.70167000416
89569,23054.017457711583
95130,11441.990000203834
82941,16725.370846446094
106278,22194.54113960899
92295,24803.74107797607
100500,2331.9975107634964
82192,38410.27889708034
103583,17719.40913379418
76059,14042.661874066252
105499,6858.364524257049
107083,11962.915442131809
99563,8201.429562777048
94951,20882.25574545568
103148,14988.901094446745
91319,14226.07528986872
93386,24672.596419916998
76109,9605.248993364119
82945,5092.313136572397
101785,11868.275915628532
99381,-231.23643185361288
87060,18541.043373059976
95211,28898.737205949437
91694,22125.66346450505
77173,47659.019317362036
82094,14770.384958249895
102120,13768.50934412115
91721,15128.01854596252
88100,7799.827365830424
101115,15100.63741984655
104595,11193.056138657674
90098,20636.05588712709
89595,5296.176779280708
82269,32450.88435361674
79900,19860.52504117918
90360,12143.399153251346
102462,14141.554706467505
106639,19532.520098436304
100825,7725.841938614612
79579,30099.671909565775
97198,12230.426690347958
78303,13334.095183471203
87680,6000.489317828935
78160,38458.65368897155
76168,25249.790423882645
88329,21301.329178771994
97416,17019.427816806798
93159,40640.039430667006
91927,16220.940088001327
90611,13093.198832667753
78641,41241.38616102157
92598,23838.849140665887
94425,26393.188444647618
91168,20949.55775944522
78734,22384.968328347662
78005,22418.423820577184
93001,27502.352852325377
101473,14655.326552318438
81076,38090.30412147079
89625,8668.998282325047
77610,8507.241281003604
99909,15056.240101285337
84285,4027.709399279018
87146,10785.504359839135
106204,22043.724129203823
79047,11891.026534076838
101371,13584.49416955054
83269,13289.946990704542
79251,14015.61486362599
83976,20463.137762271945
102684,6074.3602708481485
97327,12647.934608716576
103469,10982.299437925758
84299,16990.575400986432
99272,15411.887610114762
89489,8339.631936432503
83325,10995.477630236186
89423,12629.251806112181
86724,5514.428559077292
83802,8608.995838998468
92419,35725.869258186765
104989,10863.757644303318
83670,19248.823074099317
90400,6967.565401942324
107433,20920.963355456362
81641,28761.233892330434
103722,13673.168716707267
86632,11415.966171719774
93036,18737.12538623929
94398,19101.01061776583
84906,6256.750023889268
81280,29544.197560658577
104075,15279.92325722953
95998,25482.703963291307
100993,12649.575888618798
105404,22528.344723828297
95615,25144.2528209484
88828,7856.18628356616
94230,26466.19582573029
97101,27951.399384142947
102266,5527.533006440208
95269,13792.110507666788
87008,16272.30621276953
96384,20749.852453568194
81461,30431.719710243953
92651,26896.005505085093
83997,10958.869314573181
100143,17061.617014547286
86721,18645.813661551103
107348,13654.361477797676
99221,12200.768647832476
92846,21535.469567245033
101042,10466.888324665866
76663,50021.23020273572
87986,4391.208899386955
92959,16720.992788221556
86076,10337.65779880315
76987,14483.5600702214
76842,24644.010695437013
77966,12287.944479131984
86599,15499.583095110545
87922,12482.414656093897
90812,5526.963420712826
90897,18951.016890213417
86531,10016.103672002122
83583,11605.674281179192
81256,26721.001645510347
80343,16907.631829983526
102122,7775.264032793319
77334,31484.46917709957
102222,13226.604012207448
93883,19813.344537922865
101876,2396.303551433608
77602,16209.738667265745
88598,13860.675205659645
77524,27270.010753731927
96783,29976.971412369603
108041,11496.064467856428
93694,30444.374688734257
96258,16208.768891249492
97398,12964.264477090299
84225,19902.07376179121
86415,11024.956236436119
90604,12710.598381224117
103848,9532.355860087264
81012,14499.969098467933
94703,27368.800827586587
107406,10533.714698733966
97842,3853.049413874076
106706,8744.676504497125
81667,34026.344839551704
81092,19851.636210399956
97523,18886.897691665625
77107,26111.495334560357
100699,4019.803431304317
86969,1232.04230421377
100917,10962.891533144866
86251,11297.78598021646
86424,18685.915621717446
79990,11526.57984378247
86382,12075.122488024761
101613,8749.003892331937
78397,17863.851059793174
80111,11465.305853713551
88021,11430.271219272574
76832,21640.227008534188
78935,15449.333413075583
100446,15548.183342079807
100621,12254.098613683804
78399,12393.78018378801
108515,21120.02055206988
106023,11333.622362912138
93721,45820.61291284865
83647,9562.279979582323
94136,26838.588687835116
95847,26436.168081237585
107172,8601.599284582364
94458,39461.301845583206
94175,21295.92191863255
92726,29988.604201553768
80910,48745.69826682529
86869,12407.174831314449
81258,19381.358016041806
84340,14344.110924185894
100324,4784.446873149369
99428,1803.6880775934696
88878,15939.252511592873
78066,57226.27956909874
105935,21274.069438950726
87309,10213.145609381289
87656,9658.483661558857
83790,10760.137868808655
77893,4617.952779269166
76055,22972.892132932495
99688,16970.179784814885
99661,8216.340894926834
93173,31748.733861172645
89291,8851.262539293646
107766,6275.300203258579
80369,16235.991192091678
84448,22015.72316499558
98481,3546.460193279534
96477,29708.173218920012
94818,16267.071041982854
106708,13920.908629520578
77786,23749.241015520805
77244,55762.96467164192
91199,18591.035563060126
101108,5997.539150964323
78967,22271.383799765215
106914,14863.164582102676
91647,21793.024730102334
91411,25581.45884063671
98766,19780.86250120576
105906,7885.437296381366
104682,18539.569796869357
78615,36519.82649366913
85253,12903.292640339758
103137,10073.586990148848
94662,23325.860833023384
104640,6478.949203905475
97535,30099.30773648717
80168,31944.398072688564
89005,9918.768510665657
99876,21377.409364021136
88741,8763.040914020996
88333,13114.201247227
79822,11487.137009714701
108292,15820.54375276636
106845,15804.426747848222
92167,17821.08535233271
91226,18629.722851406797
95206,15537.120565425823
92166,34767.509815237834
102963,11029.797200764937
79527,45546.56259312791
94552,25729.66590384135
89210,8496.4240011902
78573,23585.32817982095
104073,13052.13222959044
98520,14477.986882510202
77491,46513.4764210726
103333,14913.24688386565
80090,26666.87787962117
98666,9904.544274990214
86798,13663.582195019291
81728,16920.882264957705
81606,13871.955748212567
84372,10595.235026909155
105528,5133.9907971853245
107436,9047.359633957676
89038,10009.771641676736
102983,17739.02456149421
83135,13464.022454587743
98165,10421.806478423823
96159,9291.956827128859
90229,8756.956998786758
87710,15878.810028340173
91414,11910.246907871231
77961,19930.242768059892
101890,14611.061305377312
83710,8832.673511547211
92874,26645.697869525073
86534,5942.242050386383
98517,22536.5743853803
76174,33434.54471556944
107068,23506.960207744414
98050,11926.49224132116
98718,16329.117384092911
101964,15075.04732184147
96813,15267.50395567769
95118,18160.45793659
91139,26849.439396818692
98838,-6163.753149599019
98268,7713.073949694983
99553,13810.130417532462
98904,11629.193544896116
80828,25818.3653884799
100001,7380.611378997419
106691,22927.4457189722
108038,20956.57681805594
98715,7553.371180781251
85714,6844.851661281486
88475,9990.50533475689
91923,25421.484650390266
94795,21409.512425354522
79738,12501.860827116034
104213,19975.830247661972
89425,80.2979999715244
82405,16826.976284296426
101000,6987.812380802439
83819,17784.990799285704
103491,13582.471956362977
88226,10476.58286560615
102022,11858.837808880999
106889,3629.8947833787242
98697,13779.166479766034
97178,8914.37339438143
92375,27657.998002156863
95917,28040.19180113639
96308,13787.220952179268
92406,17549.77124636776
108375,8481.764097956038
76860,13615.8538140608
82234,23457.49752611993
99593,9904.07901353472
82962,16554.0094612033
82016,10935.546767029344
86781,19797.094064459
101065,17465.0048575205
95525,21651.76674855055
95306,27303.874972370206
77397,34007.65954944615
92496,6746.200179773237
102473,14867.971991707513
102927,15904.051822370384
91897,27190.346674301007
95554,17884.635344729817
97488,22361.295917471172
76085,24170.46044800774
84133,12845.096988796897
106369,23396.090017469294
92172,9174.522777681166
80532,14377.792420702652
96952,5258.519849557022
104627,24996.648276312902
87415,10791.259576327022
97047,9771.753161412518
87227,11351.026635270828
100308,5780.46628754423
105075,18192.80202779238
84539,16513.797668359533
92284,22391.409605322013
95634,27409.66768717578
86731,12467.743895049294
96425,13530.48437814985
96765,6929.0805770563165
93239,11487.726193592243
95450,15117.67452821834
102086,14493.513400555006
103024,12163.73713837983
92808,25313.3869506552
99619,4259.377674733594
79704,20124.726769133515
99613,23506.3574617251
106854,7274.465559256409
80959,43742.5863088357
96020,16850.491244450357
78736,14506.254370775452
101207,15217.309078896214
89767,7045.929692950216
105747,17954.72246843361
77828,18208.119557270693
91572,26936.20916746107
88785,13958.040066433547
76972,23674.30049633031
76362,22809.638547078706
87572,23086.954247791524
82399,27714.944840935408
93833,23088.350157020745
94597,22881.462744152086
86551,9610.770189692674
107163,16359.10151959963
84085,13249.38669820063
93349,34509.635988416514
99389,22624.23226498626
80970,20751.03477021758
96279,10402.957897686734
95329,25861.199983032027
99228,10436.450694458967
90184,19299.433821221377
107226,14744.578866436757
80769,25841.657374962568
80742,18451.943164177792
93650,25087.69656887515
107530,24924.331377721668
87038,10907.774747006973
80146,29269.32244496695
94892,28992.960168198377
107150,19856.09279893471
77880,29792.421914193023
100591,6627.640140646778
80919,16338.585023920765
84533,3081.7932555430452
82006,13186.338597736903
83592,15080.50878650487
77124,23418.848010508547
93924,21055.85322313808
95528,20600.227225259907
105644,15293.986130530728
85662,16260.584075888648
83079,12307.186601158304
106655,10056.65876699044
96517,12641.652977619058
80260,27440.540600094857
78203,13971.909923920583
104045,17198.053109300017
76147,28596.233469615836
94260,23354.64693406952
101648,13511.729693762696
84725,10156.950399557769
100099,11948.813917027408
79381,8650.118611847167
77511,12456.003694668412
78265,15036.88664043085
85496,12207.746092516187
77336,15556.647098166446
80330,25991.962409775995
97617,13113.789635757843
94477,38869.30953745433
94881,16339.102912923074
76653,101319.948268614
89023,14817.426442869124
104965,19899.059352141325
79637,16866.40328491424
94018,22838.219755481463
76481,14771.401532131043
76139,18041.223576345044
89662,16171.333333007511
105654,20185.85779481684
101555,3234.514501052661
107636,17779.966429363238
99722,15148.461889703205
77887,34135.464302742184
83236,15758.077739079861
107964,23454.849539940886
108137,14502.034285868125
99718,22461.49884363172
86701,14083.86088994448
77077,31277.43409454971
88040,43038.173279222625
78583,17395.08779460023
85917,12056.007808694267
81283,21808.892093942035
104304,11328.854331929324
87081,16404.620732774667
87129,12043.222205610422
98111,6110.200535001524
76125,25276.560188822725
89395,10151.922540352942
105028,14838.456461636204
98036,15068.088147395902
78805,11896.858306864131
103101,12424.251223078725
108365,12337.723565777938
103367,16917.115603057522
79524,24481.069833137124
96079,28892.35384830917
104361,40034.02749129747
106133,33552.27692687542
88514,15312.712789677928
80511,69123.82488292547
90340,11567.16446465977
105563,18658.19734502246
85987,13968.954112782958
88251,18059.426151312873
104270,14648.84752223162
100820,5871.343742506986
91061,24729.771996440468
94348,25514.043823653323
106956,26123.547745631426
100858,12152.888996794427
81114,23195.848004506668
103100,12086.650812428124
87787,8771.916664975986
96168,22185.16652125705
107880,1224.6228115120612
79423,10077.706719619106
96948,7120.7058419290115
99709,10401.877856741776
92562,24447.861691653
101684,9243.859417147207
99037,19299.726537395632
89129,13705.412061567622
78722,17796.77179795518
100854,14086.078182409663
94206,21308.537488980728
107045,8131.008899077191
102537,11073.312902104473
95597,36417.66879719247
88680,13077.599605829164
96439,17935.198590407017
95466,23731.052635554195
89104,6255.424243596179
88224,9571.404465356929
86152,12264.342661332994
98291,12938.679652044535
106901,20481.318016046076
81783,37010.070812241654
100932,642.4564369797299
81607,10414.251067064732
96664,12863.027844236582
87553,18699.446623534808
95513,27311.22134761598
89899,18009.80399483198
98891,23202.109232773364
107167,11553.889079851171
77353,11406.15162051699
106280,21850.73904002532
90874,5145.557036763901
101248,4919.827254388394
79805,27157.945929803638
106429,7912.561331557285
80749,29011.30684137289
100354,8561.319178334816
80249,15688.51910601696
108135,39224.78134109889
80931,18260.85123515762
107899,7958.631868008117
106399,11669.221204954287
92635,24497.125704453865
99128,12048.688470384368
83388,14013.8696873929
79225,29806.644913502547
103533,10999.96681024498
103029,14303.90085972671
107588,26460.613600917
92646,31259.805978729375
95432,22947.976939427186
105377,10724.26375475942
104914,18977.840928219433
103692,4670.697921801009
90273,15841.873617442005
91496,16921.42927012543
90243,27262.225742547278
88300,12961.725868776062
87519,15665.255154318118
91612,19658.080925077258
101939,7557.793528029608
91015,29140.353850406143
90181,22082.155808370444
78441,17168.174954311253
108389,14482.144489336337
92627,24598.718731263245
96927,7644.269950712856
87730,10376.392279707536
89842,20060.390756857654
92971,21195.555973713053
85556,10369.495663669193
82669,21484.492618212564
96673,7874.801600801991
79153,35766.7528871331
104675,13592.42757324026
91062,23806.321312048472
93779,25847.675016924288
84248,21817.40891734537
85038,15570.632664588193
87003,13508.369268803071
104951,15347.88874750107
80530,20261.998511429236
83785,17347.606968268956
88812,10385.475536674581
82270,33861.474153107396
108300,11600.026287173969
103880,10689.227079734992
90507,18589.73942316929
108049,9438.039494788449
77105,21545.26051294229
86615,8394.985461872158
86494,7327.085550306016
103184,11403.702190282464
98599,22407.12459352157
104375,25047.615353997287
107205,26666.002924483822
78844,8749.943609114562
99780,22721.094670467646
88969,9667.84278866835
95137,35766.44397574761
102509,15405.18468915185
77745,28757.616622128684
86566,9063.005354752386
97877,16406.712577611237
101765,3995.779667489085
77886,10244.887956733786
90185,8755.006211526896
104203,15044.1477501099
85229,15830.614978592785
96143,20110.776320747274
88575,15822.26217398583
104096,15866.535073878476
90161,13518.64014780792
100702,9154.392951887596
91390,26744.48320984778
94518,24300.762192294656
95365,9283.247778374236
77078,13816.419416613251
103981,12892.14427200603
93049,26763.44969110757
104932,9046.275270925253
80929,21500.747755102144
84280,17086.061964220717
107619,9361.148218631366
96726,7954.887460488535
95122,13589.910851307926
96286,23130.16342996912
104463,10847.66375764893
79669,16466.75190410734
83751,13351.115650092106
103686,8556.481642118597
76601,26199.068893944757
78424,28644.099800829266
103522,17071.647701944574
96181,18047.585912730225
106896,22428.20718271777
103201,12207.708651267676
108472,22983.40824424998
96100,9431.491142972925
78149,34156.53300444114
99046,6432.207191609137
101215,11240.740683674492
95675,24719.15293786874
103753,7667.558232501004
102010,13798.720380668528
99789,5575.250611994852
78760,28307.039696289794
88270,14734.690095600236
77169,28692.67501800375
94033,34753.14020860777
96304,10034.54220265348
83591,10317.542379889288
80417,20620.566534422454
87101,21606.4767298949
91487,25418.581643703772
107256,33795.06768955488
81695,29787.310938980823
104760,3733.211381008354
86668,10669.343244424788
106007,26574.4984879713
94726,17671.656214761984
80940,36171.10155354983
94574,19543.659464696786
100505,10386.829573161027
86383,10053.647221778025
95683,19567.881798268194
79982,11049.933201577282
91488,26483.806171410513
79556,32341.717418807995
108183,15507.580248857135
93993,28541.701921638727
95976,34779.91471841796
98574,28862.576354241522
94825,29413.607780863895
88397,8363.8312051963
84250,15455.830608073418
98593,10635.451458101074
98330,4987.7310976437
103350,2612.1008366182505
79640,16444.629440141798
88447,12870.72783073179
97515,17604.401492823672
99951,13940.403419592185
99333,14361.5065293105
88755,6130.899274925061
86184,15780.453694345604
79396,15202.590595011658
86690,12634.817722389591
84172,14058.873322318163
94766,27342.07886496924
95569,44588.4036600744
106158,9244.681098044268
81339,14270.418326311337
93286,28921.674615994823
98950,5270.623097491538
78868,16103.245352863654
100793,7556.2967717752035
90095,17764.147773324235
77269,26354.944886879268
79615,22302.77471182609
104050,11691.13158841725
103961,12311.896191418302
105844,12946.351741454186
101832,6498.945665383799
102550,14286.68772588874
101434,17055.757329065804
101418,7005.182433601731
108042,15002.235810519516
107747,11788.468087088011
84521,7997.292140656646
97615,12961.187822472653
81424,9470.813606798067
99517,8959.481126155268
86658,18876.997361590184
91422,21120.953267847784
83839,16460.224110034032
95100,20432.508856273722
108425,17146.65543037615
102439,3667.773290930403
88840,13606.113628523031
90580,9051.02666552129
85770,8406.952065876569
87728,20605.042126705986
89952,21330.44000129064
97315,18821.14062512701
85711,10088.23022386717
90358,18051.094809191753
102929,7101.153149820777
82447,8810.123205395008
100245,14939.169651490083
84784,10475.395746286114
76465,16022.193124952755
87664,13620.047463228111
105387,16375.989225913072
77089,18015.033097769774
81610,11930.78193870408
81058,17945.50916772186
77730,61041.822488136124
87459,26416.606456150446
104036,11035.520812227536
107145,17077.245357804408
82326,29128.55368856553
98946,14277.255275932781
107053,-2558.7040648774055
108371,17660.34626061005
99914,7769.15187668521
103049,14002.30015908563
108509,13229.725381238095
97598,20757.445782651164
79617,24265.272240598715
95140,21710.409426126353
90323,1395.5111455631268
87974,19073.41971187832
103944,8297.396524138545
103018,17093.519184434525
87158,11890.271777914604
77669,20541.253485815047
98042,18300.639068024408
78268,40090.90482062352
90767,-721.482591709806
90669,13651.780712857159
81912,8278.47914515606
100120,8398.454938469687
102601,9873.451901737077
106911,14881.60800156169
85941,13353.859401563619
87006,20632.462740954114
79286,33908.250445476224
97138,12020.854710270796
90797,2861.6859353474865
100707,14049.480670797668
107334,13127.165003987844
85757,8222.642921591716
85888,19726.593879069405
99962,22253.91046152443
76188,35551.61548548729
99064,23731.107160507425
77045,28537.06982930706
84655,9678.801283121778
107154,21693.86122653738
95840,13256.932681976643
82979,17885.13067052912
97459,6445.00647578694
89352,2416.014145183275
98956,23379.984732608078
96121,21475.346301804777
84625,13199.582996420751
98767,7872.986765301495
104355,19001.532629646783
89678,19565.90254662007
91357,28132.517003928122
75998,18033.772423208167
107603,13713.088433002675
86574,10343.543301877595
83632,14219.02024946161
89374,15343.183857328928
81663,13160.839258655833
85717,6620.197072331139
107272,14755.063104640954
106265,3015.065213953523
99040,19806.924907321416
88694,15930.86549592948
85144,17906.68779055102
86820,11562.621910525631
102396,10286.296073884994
87881,11888.74413406651
76603,19190.40187777698
100941,6395.31847943709
97580,24580.28836054512
106362,17265.27086350575
84680,2378.4945955735166
105064,9367.757984066819
105522,18157.413177945447
82587,14738.241205203565
81216,29164.16506603938
77075,23191.31620627358
95633,21692.839444629746
97702,8092.284578948951
106735,10394.072858824773
78177,19114.16995523832
108495,11205.788465164893
100743,9603.596682935502
88876,2467.5336182479223
101192,16528.316317872304
87450,12665.044521108095
87281,10012.38905743997
89740,18928.64554112019
91037,18654.746590292154
88485,19694.808200540312
103760,10560.056427396747
108527,7836.184376841484
94564,26670.24425144949
96909,13843.620505977713
96759,15503.560301637015
99752,4564.057752524386
96075,18351.52871700391
93329,19818.77021690928
96936,25736.522540540624
98873,8736.146448820567
90863,11889.368477031108
76692,32345.58265464913
89812,17654.391716957267
82128,15688.389626456265
96066,10306.084184562802
95160,28508.338454748635
94923,25584.364493749817
79998,22569.585257546118
98555,20280.26623359113
84197,9303.353963432019
93881,34471.42876148087
96420,12056.538292053621
91466,10575.110176021059
102246,10589.470411303948
95149,27939.85485082031
92066,29106.18213807649
94579,31217.01027919796
81791,30287.91174035355
87929,7869.841262794769
79839,17102.482586549973
103708,10446.661733796966
78718,21565.163771517444
87840,18016.753176619764
86316,15191.837906481334
106118,23832.368713695207
87923,9773.133792798457
105417,21245.45466476542
95584,28889.81913339584
80187,7751.647246173292
96280,19361.988256112323
88069,5377.264341584116
102826,10489.82465219441
91166,19860.68828335477
95616,27658.185457234445
77374,26511.09194363482
101288,4325.261050816087
88801,15505.048676258943
100060,5331.2258420364815
97336,8176.1746557948645
79226,16749.46489539322
106287,12953.143316976173
95018,24769.37331694932
78131,15784.769556079758
84551,18251.727037247387
100445,4439.060812986834
93031,21961.781073406644
104415,14916.04813292998
82984,18986.139064845527
104242,4501.790784138124
86170,18532.962375761883
79814,22563.45740702623
94172,35768.16625047782
95530,42645.8777167025
96105,7983.226809291344
87822,11604.934602728492
78073,18112.4329353636
106610,20098.553683718637
99065,10421.299173787615
77646,48493.996468952246
86266,16433.67505114668
80186,17818.823971075908
102645,9928.788731181528
83453,15795.61448384382
93905,27319.044689236747
90535,2646.075394105661
103695,14211.464946508248
87488,18220.999052039813
84520,12777.399160882254
97541,13792.902052257268
93818,40811.05945956524
90796,26135.58092544062
92896,28163.856264923088
95577,23404.560386303274
101488,15330.4822759237
92336,30265.049612350413
98826,14842.023110384325
99527,15486.627048351002
90582,10610.62427946509
99787,19944.764010992003
107806,16073.723810222204
94108,17967.11381353684
96333,11160.739444605875
100710,13791.1940334604
94129,18280.25872012075
85361,17958.048619623994
86043,42155.6766774616
86833,14697.109960047877
94373,21066.9875365646
77978,26983.197077084493
96250,22140.018370803387
95594,28264.98213598624
96781,20065.718753151436
91860,31575.174622662016
91206,20047.46995467422
102627,7187.555318201805
89384,17850.358745895748
100945,10555.99585454636
103337,7609.641419598833
78230,21187.022744906164
103814,13034.454508534109
96429,12113.962408206615
81547,23871.22226253731
85056,24180.96746531836
107758,8750.202035303635
81328,20565.325703458802
100775,4682.6086825768725
82066,18521.401167699252
83908,19110.326281804228
105323,12274.932004990726
77492,19790.917026156996
107451,7921.080207534105
77351,8874.339494652493
98029,8753.91194648837
101572,3986.2649217051803
94944,28957.343623003428
91179,33846.019352431904
97780,28809.232488372974
97978,12774.493749765708
104953,12667.032583808686
89173,19898.467611483677
103406,10425.174327881366
105570,9078.993619780842
81815,16803.914716635045
83095,13521.001831893343
92184,23521.04335174065
88793,13409.184117989891
81805,16702.296787732223
85794,17093.098819604595
97245,27675.723792798643
88691,11305.133697386016
98261,22604.575745596274
76495,23696.136593147545
100400,10558.067289865256
95964,29705.52304142894
101477,8259.49911029535
91345,21546.74206640257
76207,36873.31235297152
88153,6933.662958785571
96153,17811.572276305
82291,15791.153266113775
99451,5918.5450151729165
87965,21911.800247297302
102559,11751.92817878304
106147,12664.982400468958
77921,25154.114526835692
82334,21789.561205994338
108164,12075.568644397135
106096,9077.476988162554
87657,17405.01918344287
98448,20032.369109431413
91900,8074.934632479242
103220,9442.644240438618
107077,10255.257694614731
78197,10685.99974158153
101655,12690.724217657698
107006,12656.95540835429
101367,9684.008552305604
91219,25844.94858860827
92182,21127.40690305979
81544,20361.71841625168
80496,24657.10355249999
81766,25505.352497359636
96589,7791.116468269494
81711,22714.232079227513
94981,21577.276729212594
80701,17913.637710561612
83791,10841.015582699256
84832,14770.22147346352
108407,9139.230252769514
98308,14700.302606310375
101437,4348.619064977713
91248,30489.036734840978
104100,23064.35820057067
78410,29813.680388213063
98413,14981.568736256973
90060,13055.935236668593
101366,6432.669380390726
98709,9206.223187492753
102890,8401.564661402954
87962,14100.036472802924
79140,17334.99398382756
94166,30028.817391716526
105551,10989.921218515316
99518,10578.609339416624
101813,15222.8904432212
97443,26331.539726333212
89725,7889.173407796072
100115,16921.556251789094
91893,19692.467929894352
90000,4401.991683826491
82989,9696.279827186256
89359,15286.675718759143
91971,27403.782378245625
88614,7925.949167424362
104765,11336.66212311419
80918,32772.35680899612
91622,16506.09490148758
88210,12215.022884209116
82019,46170.632445928335
85200,16611.38938295291
81558,22866.193056171673
99276,11362.463340457412
81563,30816.538978558863
99583,10020.172484805342
77201,9513.2969503793
94664,24036.78636560672
99203,12793.836950759753
89314,13776.269142336605
89306,12977.156832311826
90716,18982.760012928367
84217,17473.7994308341
104655,23450.76823837377
92210,21824.983677593555
82528,6485.4900284068135
91346,36949.30117693734
88118,18978.892741392396
76132,19861.49888266169
101208,10180.667096955847
102136,7937.976935097351
77562,28532.702092562875
108283,26735.44858244648
100008,17009.786910085502
91342,35587.93334194779
107698,11748.637057849352
81538,12360.813574776112
99044,16504.54106078978
83163,6697.913005533133
105124,6919.800423993351
86549,9608.128080386421
91034,14185.161177159374
101853,-787.977343296785
99837,20228.759160670466
89337,10808.948346361198
107369,8643.068251923512
77529,17055.628398258385
78801,18180.97886374597
76409,20059.329317839787
98146,6670.417066367314
91565,45789.84443927354
107994,22685.78704592833
93945,26823.39644476981
99755,10299.727167355755
78753,27397.071974594277
79674,22965.946439358013
101599,14235.757409241342
81659,30722.847043236456
96322,5876.353993527635
80700,27779.65337971285
101522,17096.452048437553
93595,24925.101383198446
78924,19779.10076744095
102891,14249.342848141561
107611,16679.21028953258
78528,34573.03217547716
86323,15801.352789089724
103910,11490.967714604747
93854,22653.509212495454
88710,7235.591598371073
82438,23255.59937688794
83328,14330.790727908054
91690,25799.451137562864
83796,5162.475704673794
99904,11680.239885389456
100270,11301.806722657027
88422,6194.627961872378
102971,9961.47555404401
106161,10745.639268881525
91244,21118.87762565131
81158,17152.814442846386
98004,20163.0998301403
84522,7220.805645387998
81215,25372.20187300694
94487,28335.17414280049
78065,21636.457864082768
97766,19707.055371826456
86180,12279.631270651967
87921,12311.008286576573
76160,27817.725418812857
104197,1501.7086038831621
100295,7305.674100040924
96012,15242.520251724782
95783,14535.041742151414
104527,20178.310053697394
77354,27985.40705664149
106062,7787.395186484704
84578,8698.646735304617
99784,18288.24347401879
91716,22770.74405037974
97394,14409.553968217631
97254,22595.408784155647
87501,17443.489245632285
95532,17579.313094880636
91011,23978.59399215557
106069,24652.12759181473
105103,17584.248053051153
84421,10908.418053444242
87363,1984.593687340297
108379,14890.008478736388
83268,11131.258154274314
94592,27362.39268987236
84041,11200.9450857122
88908,24457.473813073942
85932,18657.4874099358
96593,10024.127667720517
106195,10922.657780831389
107153,26647.66157156862
104500,17000.016110141878
85737,11548.465249009401
75997,10409.163010886405
79336,35355.74874285319
77061,39721.677213707444
88839,17821.01634896369
86859,8160.068117859424
101090,15429.725651214496
87563,8002.334768063854
107188,8979.292346003203
95198,20300.348605047795
86476,15263.032506620279
99894,29151.879250511527
88279,14530.645283225487
108121,16404.214823414266
99827,15612.463920996961
107457,26715.334161452323
96509,27195.056163053174
101858,10008.738056434115
93052,29871.405593752002
91879,25923.670524727946
107229,2570.4380390726146
87917,9303.240259003127
82310,10709.974168497123
93584,19239.155570911244
94356,4946.811142454157
76249,37071.8312149508
88386,20674.0900783642
104406,17157.78795219501
98286,9838.972436026306
95310,19853.28954026934
95994,24582.333493623984
79879,25324.082278518472
97135,13457.754374481185
81818,30196.417488893698
108055,19919.085226365743
96474,27017.91147483475
104358,25571.2437246412
77110,11864.280803423986
95124,13756.107817107084
100539,13823.960071506808
102883,7717.062538942439
94081,8844.517132468667
100018,10558.088589243096
101491,13246.475075125301
89297,18751.306066447054
99337,25656.204104652454
78463,12389.625808644923
97799,11349.062656776077
92138,13878.976624021467
83715,15153.723933657282
90455,8875.860712785608
89100,11815.678879268598
79908,24261.463319349685
91045,19097.11005393503
78357,17284.512122918066
83989,16182.170539095474
83057,6963.463117546111
92472,15473.834592211337
77836,6662.511581910716
91661,25777.12870615034
103107,15389.199916037687
95476,19700.187202087283
96615,8822.89321114929
76337,49985.34533921654
85067,14497.397273147595
95176,17525.670765341914
104450,22273.66098963804
104227,24968.173982271546
94327,16496.918546771165
97056,24044.676006594527
79775,17014.69174625355
91282,26070.956624140235
98425,16268.216453247325
79509,19701.564864937696
79798,15311.781646755393
82615,1503.9467128184915
106314,21122.990369865525
88964,11837.944401151151
94303,15341.66975815843
96851,10477.948756621467
104465,14553.535069612248
89500,12312.621561727792
100482,9058.08029891862
102159,6615.557205481076
83242,9720.191073727881
104780,20473.017578779632
83902,6967.8773911418975
88955,13017.571770578681
83139,5052.578365213412
88842,23635.606548069598
99320,9229.138502998248
81840,26942.462713832996
103216,7565.99232897989
80734,23384.38533559456
102743,19429.082507279338
76855,26939.911604890018
89866,16223.842781221436
106171,27489.53233099854
76530,13926.219215924706
77933,11739.76076643035
89304,11119.990212636068
77180,26653.81595385859
101525,14576.847840548638
83657,13977.099901465263
92832,20062.33370159696
102059,16010.27068402461
98895,1498.2995552118227
87994,20564.86148156786
86458,12060.165846008851
95568,28166.269679760328
79603,24717.36288915103
77681,12788.124389654578
105596,17829.586847093946
100815,5929.583225517694
77113,47632.723595825635
95519,11429.75957324593
82180,7022.3384425303375
105893,19833.549715604953
96087,7200.193228939024
102458,9015.984731026168
104637,14611.104567469913
78633,22443.765053842624
101205,14293.0354398161
90825,15717.539441134286
77280,27536.104579663326
94924,20284.441718196453
92185,31573.883135490323
101547,17117.28199980737
88425,14616.408234695176
95191,22786.712086689018
82878,13067.027553261461
87900,14159.281280759285
90045,4704.686786010134
85402,19081.020043753873
78124,20614.73262907988
100374,10159.327005522442
96192,6329.772873833848
108050,45069.744342620106
98773,2109.80017421917
105534,9477.687597709693
89256,17481.26996078741
102735,16228.075294214752
101683,11957.050836936047
80977,25597.355161377884
98983,10091.036784788506
91969,48543.092928569546
101852,18542.04562618959
77600,29368.144806214783
95813,16390.45276389402
85687,10564.471693244297
97288,11872.604203668176
76331,14904.338592721368
76111,20794.691875248303
84464,13739.106244601382
102105,9752.203027786483
92739,33724.737357226346
87154,18068.069181226994
76313,10857.02908322106
80830,17668.09158399448
107419,39241.397329743486
103729,16891.527586494776
93796,26854.071735826015
85542,7649.920921669807
89838,18765.802259202115
93303,19647.921156673343
86555,10137.101796285147
81471,22338.07018399716
97273,26525.5215992921
84529,12765.733157605748
86886,-1680.1999648732526
77905,48335.698265982515
78325,13364.514413398807
91821,33764.50651328427
79209,17400.5719572456
107729,11030.385913444246
88328,11599.558516599427
85466,7493.809961914652
105634,8762.362350069016
79780,9469.29833917768
107271,11794.529303059884
77909,25767.088615313696
81592,18919.904135289733
90946,22811.808033417925
96511,11153.510759886587
101345,13196.227866043686
94773,23911.494457917914
106754,36641.31513239107
82112,29940.163987597174
76758,29629.215996829662
99146,21976.779843454293
103707,9939.520772662348
84009,16831.526477999956
84288,14499.182243974326
107688,14822.367554302298
98025,17663.06852323294
94529,26171.24279656497
78142,18931.132405551034
98985,18678.26455126745
96366,16912.834677910287
96697,7480.638093575006
93267,23634.142925893815
98625,3335.8433953901695
90111,12427.544382803128
94666,34460.6042948792
102390,7110.794945117057
87799,7680.070530582656
101806,9602.542445469851
92319,18063.78870005571
82564,9164.154221826262
80431,32031.11586403026
90298,11589.768975348707
83570,3914.5512259455427
85343,15632.626881011238
104567,22150.4336663977
107481,16216.652115202363
80625,17865.52011575384
98575,12282.505677973604
76415,27285.930416936317
95772,26338.872690830933
85564,16387.29494889808
106489,9074.839499018359
104520,10721.64916328444
85622,10330.697776153887
104842,25077.244045447675
81717,27067.526054222384
91720,16114.300999734565
93411,26937.674359783065
91818,28053.461323072188
103824,13936.756823833653
106453,20578.66407496584
96056,23682.34949274792
87924,12663.02382156183
76902,26458.272086884288
107200,28918.119663125646
98825,3380.6326287258125
84740,13946.20473001033
94186,29258.68870349144
87093,10060.881620458938
90703,9016.976845334415
87711,11059.701700877325
89763,12207.20898045224
107087,11293.347705886961
97903,13586.437168899807
105393,12449.917301640118
77984,21866.114281272254
93270,33535.05587103941
83584,14296.147583165119
95630,22360.770994269536
92001,13466.821390847821
104596,14241.926450207917
108196,12172.997581409378
94963,14488.497789976274
103813,2635.0594050561776
97285,9804.63405608022
102140,6913.24336528522
82537,-1561.3440685702662
105396,23601.976594265987
92363,24861.29432786911
87145,11384.431550781155
83808,6853.441029638096
98940,12098.280794044069
79334,21104.2745298979
88939,8647.01990779987
86108,13404.080880314257
107513,20637.24215569372
93992,18186.71328292573
77114,18733.5311318334
106247,11361.564037506556
106460,26195.375818587447
90980,24871.94900567527
91407,35101.99607712745
92716,18341.492934806913
94427,24485.51179883635
79107,42058.156334747444
97517,23458.554048743536
82963,13328.10200895631
95600,17620.12012763838
105627,21752.09838572539
94599,28397.936494278692
93831,26723.160139931802
77796,20858.92234232038
86054,12496.803154527763
103984,2526.8201780062227
79232,22090.50642506295
86186,11929.597604535491
79993,29843.42460996195
106645,23910.384507807394
100923,9011.974832183798
79473,6393.243440415623
78631,13370.922326279557
98920,9593.768811292597
93487,23093.750559710315
89722,7166.302635757049
86489,12527.141574798356
77792,33319.77525558922
83434,21564.740229365227
81597,19706.19527253123
93788,34208.61146559703
105929,12810.27172528024
83037,16971.97657316571
96675,23269.384761733905
85315,24211.570619856982
88309,18168.65884863671
80642,20130.898662022373
85401,13956.541723495611
81449,15859.41849261924
108274,27850.983246253105
106544,6906.884885986277
91643,35480.32858320912
77829,28847.89709176215
78255,20365.995401951383
106408,13555.634487412448
96365,15770.805313470657
89365,14006.395423950162
98758,15992.91208661777
82412,15997.325560035853
103970,-200.45095578816836
82004,24085.4310824906
76359,16740.74881713721
77601,22230.1662596182
87750,13451.712409626285
103263,11102.92949037868
103050,19314.38532356394
106203,25775.222850663777
107465,24272.629973377843
89824,7397.311643830559
83691,13031.937045089435
83517,14394.23726620026
87354,11543.883469770517
80631,44924.544306118376
88470,15018.918100374314
85074,10700.970785986632
106338,10807.011324825857
86031,3237.0584558646806
77815,44652.506400231505
94854,28599.780646741943
92558,15612.608306915543
105202,8415.727627409127
79841,17824.822972903756
81027,31450.653378871735
81862,22297.800085963652
90349,15641.214078974168
95059,28625.13679241076
100279,8510.335702604265
106984,24870.01299917171
92688,29610.605755788958
79781,15101.899344655962
105426,22542.40572230301
76908,21669.122061435017
86624,9479.134266171139
77747,25583.587118357274
104911,28686.466930298557
100968,10419.097866531549
103235,-3732.2608812127073
79717,6847.336984567519
93346,16824.195565149537
81416,47939.94219895013
105745,16517.306966512464
89942,17894.492976580048
99350,17044.322232701918
77848,18010.060202911423
98163,9288.572998948453
79733,17759.84792544243
106417,14690.231526439748
98931,3975.597298531531
79025,22857.422392166263
96098,24512.052453582073
89627,11200.103933414648
100722,9692.887401004176
89119,6406.673712438947
106445,20825.448437411833
80588,14887.312617215823
91785,30177.97430807016
79294,20170.816460041824
105542,18179.71271528417
98603,12610.4768920879
103921,8055.435067940736
98405,19923.24037280878
79284,22700.842449836608
104738,18267.205493389163
104623,17252.010915163584
105041,12616.135521830001
107556,14038.92003784154
103553,18348.595318127787
88716,22212.416185308626
88844,9766.25711562729
87568,-237.57195265936753
84183,16991.76114755313
104240,20597.21500357319
87404,13681.451777430339
95985,19619.72822030267
95986,19118.281926093347
102723,9543.556946501732
93713,15172.20589319215
97359,7752.183732049656
91991,15922.0949014871
77490,19704.509563690983
106975,9006.038075972727
98180,15541.270109082296
80465,7765.802803794417
98027,-6097.512116738733
79085,15358.403839835402
92539,27794.040770978812
92267,26430.77966552708
87807,1935.6806696551212
78839,13444.171693901822
102361,13482.628677416418
76828,20016.572376049065
105914,24900.64006183666
80885,31820.072498237452
89833,21048.861431759447
81436,10235.681796772988
94157,26126.812087281214
98733,16547.537227915032
102978,3681.291411439306
81455,19409.533356212472
88578,3225.400185099221
105743,13216.460570712428
94325,38352.39841653846
79801,24928.183463603928
105405,17093.511999781433
80670,24894.598974026507
91173,18128.744224146198
80960,14919.059033792757
80623,31600.47745462098
93516,21092.15677863396
101762,14512.665532365441
104665,16561.892822787573
93682,25965.822238710593
86261,8817.459253931855
97450,5496.9603447244735
97153,11792.869844385976
82769,9401.695999055955
81781,11944.119898173376
108329,11899.964219337271
93812,30448.391245232327
81383,19960.150568231475
84306,8685.970545075426
78773,9908.293207348412
85809,12429.490099051094
86305,15294.666848625697
88701,13218.849630360317
99973,5970.591615694822
106851,12964.261947805877
89751,10079.574290182703
83788,6536.895490178402
80351,16210.601204450097
84894,11289.526060778095
97232,8521.747085943673
82689,15854.647964398071
102485,13497.97133121299
96093,10482.481104922757
78234,34258.84227294136
83402,12339.828806200196
96362,27467.987975785363
85275,13928.161219484435
106895,21789.255323183403
87163,16375.025098855724
94751,14420.133002041548
93542,25851.80913743406
77980,23063.044214578782
76166,14750.12562329229
89776,5165.591711495741
106767,20531.622158724465
84743,18950.535411145305
92273,24782.76268934188
97882,13604.954138452376
76744,19482.359526720422
86560,12701.550361113681
93835,18655.50716411056
94203,14001.949810673541
88439,9762.696089428588
96097,27470.536712242465
105131,21334.418057187097
100343,10085.01818960534
90841,15150.82889847699
90540,8719.615940984208
92762,25517.450850863053
107805,18770.29957102683
102622,8348.683504950284
108073,25981.618396186153
86061,19375.63321636946
92883,23456.74145346682
82290,3604.4183120889065
87824,11079.029006117053
82554,16086.379067385686
102928,12634.515369569097
77420,17388.944673730162
76315,25085.314597902834
99825,7093.684644734778
89292,11943.11846955173
87301,3026.119432212261
103076,12100.795987510355
93084,33464.43033438668
96934,9665.854879311024
85141,2378.5623576288053
101607,10529.42968102693
106992,25815.03520148783
95873,24840.023066520167
83341,1863.9463014726934
78017,25127.003382033203
83129,23997.416411049795
92261,15240.9163760566
83824,18038.45802335834
86151,11674.938325573967
88105,14061.423599752627
101848,9480.49818693602
89588,7925.004367344489
93705,25079.37417511262
93017,22857.687158150904
77465,21815.016090651043
105484,13721.287443875219
76751,15899.289602460223
97511,14148.949582569621
102864,11043.377635330107
85858,16265.969241115032
94836,19374.437975753273
85250,7758.868571963278
78497,24300.59392647863
99540,12565.784012604126
97147,25490.10579244369
81347,28592.124566134342
95555,23144.040630827803
98074,20306.481184645992
104435,9264.929193228978
107097,11352.039710467361
92205,14554.126215024546
90822,12897.808621703327
93344,15584.657453949854
84232,13972.83077626396
105217,27503.644408185413
76013,27859.930779649032
102818,10299.281429585593
106541,10103.563769388216
87213,8689.869678967487
94119,21626.379778393093
105753,21609.212961450656
90397,13606.400858973793
87612,3996.5713382600516
82789,16522.250721832606
102916,8154.863902808807
104561,9007.602212279104
105428,14131.713494368872
86677,8479.92618378051
95080,29293.981657889322
90113,10325.543726980439
77433,21831.405459296046
106180,22106.67752866652
101692,7682.926690909881
80466,5063.427984796319
99512,18405.3183058555
104554,13559.74170044504
89047,14132.444787961373
93888,27178.14067404186
89659,9944.355331695755
89920,7587.558704289782
86975,16030.607207716996
91405,26314.562121102994
83203,25958.394667789325
104338,20717.692479474645
91659,27636.400823689066
86385,16255.44259199602
81048,15305.746862919594
102880,5686.0941902622
100237,11985.029424671084
97751,6154.983482017531
85614,3989.1825366559497
106145,10909.106739675772
105955,9818.44047878153
100146,8285.236790049094
107491,19069.58754922895
80061,18960.259905621584
94324,30478.255458098676
97114,22184.508149475107
106600,7166.793784537382
90922,24069.9171183133
80222,12704.408593625543
99356,7591.629249490521
92780,23054.97154666354
107380,9473.616852751147
86069,13253.647769894771
107753,18818.007576022414
97983,15800.217103851654
88082,16127.651560164872
82115,15048.784686291692
81634,18046.38173108296
89943,10962.094575485215
104167,15740.60601754178
91010,23074.21219738986
85004,13177.411783487856
96953,20543.2389275974
78632,14361.70285807774
76114,17704.96166620725
78570,14021.152325262694
82674,15863.714479280025
91196,17605.042363977846
93734,17665.398007097247
96031,26023.33032429774
102015,9847.14003586481
108372,26081.864788907944
98719,12505.005919387855
83391,8307.607341534895
97098,17042.869668351952
104357,23773.181663388386
93495,21438.600076241346
86422,17208.16593217608
99731,12879.005573881717
94144,20820.789259306766
88103,8071.67831618026
105199,26107.75084278686
97003,7751.687502879518
99925,9479.549477336812
92816,15831.505095828586
98472,11194.79478759825
91986,14285.132064701727
84152,9273.595381342777
87538,13182.924013708121
93305,26410.930436474067
104249,18348.902953017576
85501,10644.879665855173
82343,27677.11105863008
80601,28091.190876061984
99715,17978.43442198765
90451,30601.840395459105
98282,11606.7025946246
98397,23183.96474788242
76414,18738.92456549019
99016,13213.674357391486
85767,9204.315083915455
102787,15851.947134575516
101188,14692.296265593031
85019,15103.17154235125
79803,13446.885378964056
107582,13036.401471284858
98501,8570.059412534567
107021,9817.48240064965
82317,23632.053214417334
105678,1824.6588580556272
77931,21031.08879545577
101619,9524.487520828727
76128,15106.575414562729
86460,17678.56347223562
106084,8540.398099889877
80551,22659.041188654504
77062,25733.74891679999
98406,19198.35797927322
103489,3764.798002645257
107191,9283.501152283221
88549,13372.950372461346
85095,14270.247550413711
83923,15128.022857628457
87074,23776.35428884656
94031,27152.04531483802
99120,4609.250335745834
105824,15343.95185910631
82389,30918.605870228334
91994,18582.546569433194
85060,10556.828426947992
87412,21427.984047764272
94683,20687.71053363112
83069,21894.48806033263
77071,27156.31901673747
81406,32362.883128462156
89203,11375.679283454592
82423,9738.021506474048
88301,11268.959589047881
86758,10245.843225830758
94072,21478.364833603744
102247,8866.905357643205
101529,5358.586795458759
100738,13132.828323435213
101790,10388.6690988091
96188,10878.690432016767
98656,15260.233290023418
79321,16362.748110172295
80052,18924.086701536056
85150,16551.74448521959
102370,10085.87836141829
107503,21925.95356614975
76560,23609.03179290144
85319,10841.93989344695
89242,19121.913775907975
89510,6073.929952196049
104922,23524.090682126
86937,14307.887294450396
107780,31121.041574949602
102448,10603.003973748055
89648,11479.996739863273
95347,20229.240744016046
97926,12118.493148241309
104963,15596.965520527621
92272,20883.766969999953
76618,24641.30813241245
87722,12981.65797336663
85560,14261.949547324446
92621,24050.796898310087
87712,13932.216864521397
91009,32602.534678834796
76199,20069.813527267484
99145,25777.481222915856
103618,14395.114359175059
106072,13305.71873571814
102488,7321.1462257664825
79837,21444.685420290683
102792,17802.20253177859
86565,3698.73788768494
98631,16792.18631836721
106374,43073.8839546642
108222,7798.953872977552
92127,23421.561334380225
96068,13821.352341500678
84411,12800.859747801733
102143,9253.603254726942
77502,20914.997815701776
105514,16834.943054725532
76896,31304.5472882569
104868,16360.644190246443
99686,15605.043814125209
96721,20826.815552041735
93026,22453.860919983345
95961,25135.105848974374
97465,12699.086163305561
86075,14299.151395936584
106946,13617.397987495991
97605,17516.6912089143
83156,21299.6812495013
88123,16906.971478425286
106817,5691.316323833598
103245,9048.976394065685
78564,34527.92772809557
81879,22648.29210129312
102330,11785.710642137608
98866,14295.480841963581
87178,19831.075650862447
83106,10596.38633714852
78280,16563.714750277984
101161,11164.373593577475
96047,12981.45075705144
93044,13196.118203715247
90176,29357.90617254426
76585,21409.150414062213
99524,22878.634156747998
97467,23916.589960472134
95557,17863.747881996824
102816,8424.764189877693
87141,14234.574485885212
82602,14246.6497842409
80108,25987.51657351812
77871,17663.495398039842
89910,6451.919534132932
76255,14554.057637074671
76231,47618.743164403815
87089,14242.056072574487
107635,15996.817302964351
80916,24717.89382699183
95179,28975.727288646376
90694,5129.970761898963
87504,18435.92896787857
95882,25478.095762238998
82944,6684.936280459209
90862,859.9234259802615
89494,12866.221577460441
81196,29780.87827847415
78258,26467.880226526206
98420,9327.589373246592
84051,19376.39494018453
97011,13138.812419457128
97357,6593.707116547128
82683,10688.421233474044
107472,9714.400514253459
101033,7585.193895834673
86376,21406.78540477318
97773,29176.519709710134
76448,23031.597073440847
94912,26904.787301217133
100444,12659.786183179938
92364,23229.908209958303
104206,24832.575508608716
82384,27664.382179340842
78524,27522.02565674926
82825,12546.538028818992
81519,22866.89162206855
89462,2462.110820548376
94783,27368.52345258616
99101,8464.3674798922
102363,11080.119722877978
107901,15020.78459779339
107950,26363.02998233201
94631,22950.852277928454
85176,10634.045151421931
93934,16085.115407640857
99621,-3155.057238559828
101616,4656.007604078259
86156,16462.14445280403
96327,6213.365050421737
89538,15743.163903623528
98236,24750.77509261432
92253,20906.79504055655
105896,18964.46890488433
97333,19085.06373563994
83166,14779.812071561028
96224,15980.856295885344
94462,29524.964582847722
82796,12494.21600808535
103597,11398.465633384418
99905,10542.484148481395
107349,16206.84936580676
76754,19458.600799728316
90912,24050.300784533887
108289,23479.573800957485
94106,27720.138086625186
86956,17659.02876864493
82492,8664.798355483537
81747,13803.59039119551
89144,11687.54846389909
85256,12681.415313480771
85342,10709.318216650106
108054,12037.026500738473
94681,27722.227238303763
86244,8555.734105060386
81028,26603.609556791343
86773,12106.583999451177
108431,23330.53553518391
102839,9258.553878610852
77700,13289.43826521581
92967,25465.273288764598
91982,22463.018508395544
80639,12624.05910423075
97770,3730.8269097256125
100460,15680.979985192098
100531,8377.142793267543
84508,-638.6538003824462
103706,1205.7472161165788
79723,40343.01074880209
88897,14714.55586417098
88695,12011.545355277805
87380,4598.802033931483
76070,23194.576350529213
99342,17652.737977042707
79110,19144.952254012256
89341,11963.298952347599
90330,18404.556083585485
93894,25806.941307717032
104137,3884.585293805838
89113,12434.173110804462
91150,19637.820140156065
79621,27776.66727326934
86822,11456.931961862778
104869,16610.364027993783
93874,17462.015950102592
77606,28777.566602392937
96981,8303.016362891532
88437,8098.783779093574
87834,11513.231877844446
98923,11976.757658938368
108118,24545.389174363154
94447,19196.57521496735
99454,22384.711911864157
82144,17443.262987376846
83494,14346.728490194218
76545,17993.929046839068
85852,14861.286304345034
107056,22874.974900163186
95419,9853.802834165894
76570,19053.07481456679
91325,24303.10569867349
98990,8881.21227998109
107639,16322.806400621994
100232,11096.684693974792
83318,15586.440725338092
82277,30304.92618378572
105198,17443.812294094096
107660,20786.05010910146
92349,25178.37543399584
105445,16870.161112422575
98333,13397.637223608923
100919,13778.350899121637
94295,27553.173499962824
105853,4628.5776276382385
100457,9114.879245953023
77726,17354.862425384577
96027,10442.976259747462
104201,10247.214197852445
105205,26287.554319227784
94718,105040.79710080136
96617,13171.426809053577
81405,14910.646513589541
98642,17987.33778617991
89156,14047.78851701389
104916,10959.672874044438
107696,27815.764842704462
87902,11450.032358310084
106870,9199.633445339161
106153,14216.010990110663
85108,14834.844094519387
106590,15454.12663302965
97948,10482.306361128125
77144,25906.75344557305
91535,15224.379460469994
83900,363.97072066880355
107374,1909.7824395410425
106805,15026.950614491274
101971,5621.984873559399
103690,10829.256783638994
107830,15969.613309007953
105302,20022.788498697977
90504,11764.6516139062
91865,20673.161103493287
107204,20478.689994457265
93231,26788.053583419518
94654,21932.623003073473
107435,8905.208214797327
78616,27952.368534250403
102268,15811.852949933382
81320,20290.83036115981
85005,14353.736839496283
98032,6833.330917547748
92938,29254.7485773574
76177,11364.413515130946
83869,21921.353144900015
85806,4504.732709620963
77987,12203.753645627236
103802,9516.982833791946
104020,24002.019065012282
93262,28123.123648525812
92988,28740.489183804122
84434,20010.485288920696
95648,34659.48174255327
77947,32017.336641777714
76135,19110.593781207368
80971,34251.83928137283
105584,10951.149277645454
85530,11909.743929287913
106515,3195.4787984654104
80686,29804.068175857115
85040,18332.505251986993
77404,11053.797388766514
91234,31527.08709284902
99225,11259.462245235496
88808,11799.438780538214
89948,18025.487779267714
107161,3363.280686887447
83683,13578.410317616639
83709,16677.134388653125
80256,19538.951728973014
83504,13326.750673719318
90112,9279.573930755607
93042,26042.149324631973
89466,4944.313264318218
103405,15465.847444451647
86026,39885.14249250035
86824,15092.320976270072
79357,24207.701206405123
78812,11461.890415764472
105364,18791.468423175247
105744,7259.615577826757
99819,22089.55118490108
91051,23881.666251177303
95688,20358.860314706864
102174,19823.132873015333
91914,56597.797825301066
86568,-1153.1325128360622
98761,-533.9253885591679
101252,10290.02182813239
91406,19310.56313987421
78069,15299.052521214617
86168,21294.564464821757
105858,10253.299469497753
83972,17985.481910711387
107196,22303.80698080831
80990,13413.562691666884
101095,14231.132051753477
93806,22722.061235170535
104535,7614.228758642566
99257,9350.35893914476
94967,15212.38896447944
94257,17949.826062137698
100543,11612.14776103478
96277,17638.105876633083
78730,15606.645284734404
82370,19326.84571725891
86050,10457.790258951369
104245,24925.78611264596
89903,14213.945663779828
106353,13826.893238609628
90055,12099.90995443688
78070,22859.76603375467
84302,14876.176733236542
101048,9110.689670144988
97981,7138.2675792201335
85001,16604.3076923661
79444,23615.064371252724
88862,12357.505868590088
90445,12782.241077998478
92203,34514.00036621773
100623,9213.947867458643
94528,15587.871923244034
94482,21407.921555830428
77706,30314.005604944396
100947,10475.293136578839
94367,27050.15993104987
108205,20287.562559469574
77256,26134.258240459283
88458,17091.386567882495
102997,9680.105000120588
88421,9308.611779109066
86001,10921.394048706672
97594,14919.081289685913
76992,27098.977352568763
92157,18697.7803740768
106018,7420.746869863418
85491,14468.822219296606
103359,10969.3650786535
101024,4316.062606300111
95167,30143.044869721984
93493,23521.96887055019
77624,18920.059567124612
76803,27579.746350030546
77142,22779.066430218896
86693,19313.035223898085
101755,6724.516662381589
82229,28956.62611361801
105220,10986.55833175566
81442,33515.39402436868
92017,11912.58920046335
106471,13854.516407958581
86231,11371.706804591202
92036,24737.93113711335
93224,31155.82794452118
87139,6508.988635739748
107623,11448.042042089568
81066,26208.81799335532
97790,14451.07179397755
76514,22892.80113458002
85297,11020.314814513622
93020,14193.284397967087
88666,17743.642149692838
98711,17139.439058535587
107486,20152.12587897689
79363,34910.92436502494
88053,7203.939943149919
87127,14171.951994939416
104704,21941.153965932346
103808,8301.380746416195
90199,22815.14552386166
92950,47645.12977634191
92002,30331.742779182736
108435,14787.071696860192
86748,10701.285796546756
86978,9385.18872296103
79932,26908.565193312344
107382,4138.142761229639
82616,15843.935929881321
99198,23356.384494966813
96788,8769.215136631072
92073,22299.480432054246
92060,16723.645681652983
79559,7674.400946524198
105276,22429.892978619
78536,19440.0361184505
86795,15099.743717619422
103739,18096.947471054707
105087,9340.879530046019
106499,16661.618625218034
81009,44338.09043724103
77053,26710.507664541277
104832,5645.776440693589
81864,16088.899853993527
102634,5797.602432642947
90510,7226.928688680462
103001,6601.0558599043
97323,26591.431704031915
77996,36542.38559440906
89082,16097.82204079334
106910,20994.57655943223
83882,9041.830163934443
106459,21899.89072793856
99678,7720.143879870942
92583,37678.0752848632
76986,23304.80614309691
90844,11822.004793090135
94286,16441.850861823856
85208,11351.739036923711
81224,24393.71726977307
85569,6685.083364400838
78152,23674.188725902175
93054,19799.90042435912
93481,23479.184222990778
99735,16041.679448012554
88060,14421.605417372717
97546,12920.998702566721
81083,27434.115955846675
100259,10022.819472756353
77751,15919.450686236873
105093,6680.349232932553
94991,21942.87369234125
91352,27527.324047941496
99901,13751.492689450039
83577,14511.302476225683
95846,33831.47464419487
89917,17308.18116299709
93394,19458.098862172614
102805,5150.163867397467
105448,24194.34064626359
108444,13650.607444943424
100862,4328.012715570658
95006,45973.84920442771
86446,8134.433540027821
90906,24027.330339528693
95336,26398.750595586607
94904,11245.307009523967
81105,14830.965033139073
78132,11333.635438360594
87302,11056.25956259016
101471,10478.87612588043
90015,8872.543094431923
90539,14046.918233455785
82418,7148.237677088764
79940,20587.524976364366
77401,33431.70225945594
79054,10422.629018145963
78493,40220.00378062163
87727,9635.629501504125
100390,8869.097239080002
86020,11823.682601953216
106293,26118.09064927767
105435,13633.771196852846
81992,30270.95488738123
92805,20412.858813115585
92871,24225.383920674285
101833,14670.549315694356
98352,14301.96274813448
98629,13706.610714733775
79700,16664.485213801978
99710,16914.432595516337
84526,21226.251911807776
98636,3517.2519849474484
106829,9288.29378285844
99652,8403.394801091781
85469,8583.068891860603
82224,19624.618189112924
81899,21318.181195998564
94817,22313.27549743156
92379,25050.074301458255
94423,21759.86725669267
94010,26211.009833397227
84867,14463.89598694176
84679,16968.528949065454
103292,12501.047812817793
77349,11396.069416206825
77697,12756.895423131384
103017,-1195.9787241541417
79727,25029.487305788265
86490,10334.58698001731
101009,8559.519016765858
96540,14867.183808033515
106974,18248.31280788564
80055,21451.465054863962
102035,10598.982622582174
87843,8479.89559589143
107868,23147.913213451946
100831,6096.998784441996
98936,9084.4549912363
96915,23776.024672335276
88473,18070.241987788788
89030,11574.167805290985
95894,21363.32140387276
92113,22912.663337585574
105809,12169.259640293501
99360,15049.374233215014
86746,9390.412816969023
101917,8969.829886315536
96687,14168.073333717475
101210,7380.43918170908
101146,9765.90203502131
104900,12586.283313514767
85924,21688.43323935647
90544,8607.970077883161
93003,21945.78466347464
98738,13507.015452237043
99884,11126.917483743426
108053,26941.045971650266
90188,6022.131727939559
91970,24192.206201925248
103257,5108.4530255853315
83138,6384.403057736083
104017,24379.829602833517
105104,7649.052804854233
100054,10553.002867668547
87155,17927.942597942078
107600,11885.339778800495
80848,23722.66134557061
86709,18737.546225510232
106214,33331.82562282574
91963,25868.981546202733
97698,4294.932848991724
106109,12879.641525421262
88231,9408.571059063426
104537,11814.181256380543
99388,12596.643640595692
94517,20713.073891492342
76658,32880.114129381516
107430,22004.45150948534
87408,7269.722899155779
105971,17764.335621359787
90264,14372.63441815856
78434,16786.521777652233
88248,20378.872395435043
103386,7455.782501520647
87862,28654.576640134357
83101,15019.386483537266
92350,27416.932696708594
98624,2880.942403402092
97298,12498.62093429119
81919,18063.544900759254
80556,25299.95204093668
98141,16120.047905847154
88205,15280.22730506616
102779,17088.735140296805
99926,9470.609412749996
101484,7676.136837917307
102869,14720.991639498126
89043,13652.093986287015
92878,25135.345282270544
101071,14251.180035460187
106583,26074.145935001638
106819,10893.78763966242
79956,17388.268906039782
90659,19080.161995028437
82276,10711.741127925256
85881,17467.045274664837
76753,29075.088973345773
102970,15099.500895280755
93126,30496.513682219345
97964,12753.069276234251
81951,10514.47116598324
101200,13159.73099313346
96104,25916.54366552191
78169,21279.323271764835
90062,12603.368653554673
100918,10321.2706648577
108353,10608.547748898724
96642,16044.878576238232
104763,8603.750125909282
100926,15749.115033755108
107597,11313.322406599968
102765,5479.862899308006
85805,13056.330733275565
102162,12462.111532312192
82952,14860.875509682257
94184,36600.26501607905
87797,14745.83322648931
101511,11121.797413173786
107686,4444.522253638366
95366,15631.37875224791
78349,8356.339018654457
100908,-1320.0702832130555
96196,5897.944917412475
107677,23372.240071999637
93603,23025.550102533176
99861,13482.8788472725
87456,14895.221614224458
82484,11666.390829427837
89252,16273.623701845238
104243,20812.71227965018
107181,27450.122541677847
90446,1123.499539371871
81412,13868.131858811597
86732,12289.536560493987
103972,7855.778413467779
102586,10001.239779855765
82466,14050.90475302533
84937,15908.102495569561
103038,17573.13812030552
104111,21073.450490261646
101111,15795.496974089358
107812,13932.67800405316
81483,20175.79914988173
81303,20660.74154990504
105370,15632.828631187469
80504,23790.287984176597
85839,13204.43681220233
91560,19847.355966006988
92722,33957.79560007903
86115,17896.234344161465
88062,26872.53588713282
104876,15278.044748627086
98777,14448.752202757227
92504,24697.219648482773
94025,13137.36440259553
87253,14318.23242267521
106668,27511.458580800114
100007,11591.810480097134
100956,16361.417084197907
104055,17066.612279568435
83761,12125.117097415146
79429,17517.957375993938
104731,22317.71578381832
104125,13080.73202204553
95628,21136.694616187146
80913,26309.549236270468
85196,12415.412218918907
102697,16419.36173090778
98587,2808.5204120003327
106771,20584.854932521674
90889,11210.317806069754
99697,11649.979166253499
101404,10611.441381448749
96283,10140.499711509707
83072,4943.449244414311
84053,8666.151734815707
92435,28227.335056094264
99445,12560.555852296864
94604,30938.734150061486
105585,21086.93589055483
106189,13769.147081360134
108456,27262.954724034847
107914,11823.895725728624
105646,11595.645535449585
99808,21072.104044472508
101337,16378.362838449917
94636,11232.3882739135
100480,8246.799179885304
104644,24880.307529580983
96254,24254.175599241687
105238,22051.120928906195
99534,5459.697496172739
85285,12281.466899547144
82145,20601.235361501647
79604,19393.887286576093
92928,24454.825091819657
82245,27052.44534487948
100973,11385.013337638899
76365,18762.192260515047
79164,19895.14505869031
75989,19471.268139460182
96557,20924.942644822295
95029,8924.748502639646
107817,7594.811701069892
98521,9840.08998011853
103150,10092.930410031113
95850,17036.41609653608
102008,8891.558686516335
106002,17032.24390182743
106077,20240.434831681254
83367,9442.420173361432
97196,17401.23083942737
76566,7018.552213464063
104384,25484.611078934555
80692,18681.316751924038
101094,13164.284732134547
81800,19266.527423254738
86722,13804.560850199661
100318,16121.567468992827
104827,22513.163263223483
98244,7199.98871302983
94712,25521.438892844744
98393,4614.935024343838
80771,12623.460463290874
86607,18043.899722261805
80768,11161.192483898441
96949,20058.065384578484
87207,9588.393939993082
84629,8829.860974167415
76136,21856.069826501393
76644,10064.990846902248
107649,19762.232669062156
90281,16916.63677214348
108187,12911.448117841734
92025,50079.12293709678
99737,23681.64330999412
90801,17649.014274831716
100790,14158.5829451053
102558,11611.946459331986
98713,10715.122899395341
103633,10131.49215810503
101449,12886.884884956205
81515,23182.768715071594
98364,14128.976013966458
83966,12546.9615626398
99995,13543.062837167177
99150,43473.75980933267
86873,14014.078732369497
83731,22432.816240703847
80810,32350.13452099696
94650,20516.589148037994
82521,10135.918061147459
100255,7308.312131750397
80454,7852.047966897866
105154,14809.262918661028
79689,21936.561242058684
86810,9388.883290216181
82113,23974.139720667954
85929,8546.07628062219
77522,28093.915788884726
103578,256.777848699312
102688,15405.610142177902
90791,21167.175025158154
94401,38821.06286298852
76740,19820.83447239519
81666,17627.083559369872
100227,-8688.660799738267
85673,10618.502803641284
108395,27455.86390480571
100214,915.0660693194368
95659,25699.246266853457
80490,27342.69147517164
88384,12237.675776391436
107062,9201.918514964185
105277,7871.561005808981
79265,34409.051862564855
84984,12379.897595672024
77376,12233.422810716642
77355,25530.48991653025
86313,18482.556567375606
99285,24165.10446386937
98028,10353.20582145141
77611,17281.588026845275
90056,16252.250411596673
84773,8923.43855909584
99264,18383.156977801555
100948,20696.730515453848
82379,35733.61363969275
85047,19285.599897161534
104114,20369.950087051664
107632,18670.076501228847
93536,12334.324102572384
81421,31329.266142798326
104793,38429.87973194511
88141,15323.391538149794
102679,11697.7137995628
81051,30442.005964489857
101005,17898.99167536234
97532,9769.72256435969
102499,14245.56194362542
89537,13454.194224067614
93046,20615.596425019292
79823,19710.257382848562
98882,24401.32441993714
97094,15589.683206208443
82461,14730.65543502316
86118,12128.683831885573
89801,6491.490415709704
83127,13931.64072027101
107519,10235.85822315389
82583,10523.09167971481
103259,6664.352490476536
81152,20007.453710300877
106206,27405.242779257416
96706,7609.054398020307
88303,5136.299957986252
94241,27038.671902934773
95076,25834.9474800357
107546,8312.156436057674
78467,17853.250546074007
98304,11456.072235827378
95393,20208.207045801013
98134,9626.892878402243
104152,21852.176428658728
76818,21215.086612512823
84707,2356.4254510488245
87889,16321.167620143227
104736,15513.87340961519
87844,18059.81395360455
88388,7968.126717943262
83940,8965.105877829017
99536,19111.777563639116
83313,16594.662824432453
89864,17612.44520429874
106944,18854.727105272963
105635,8503.273663052925
83110,8626.946111271041
78937,36210.97548880965
91724,21740.510469286834
94886,23163.90858344981
91449,20046.088536483017
81745,24277.054948293895
93405,17059.024869786255
99402,-3673.072869703661
94317,17299.09968058164
78503,25455.258179060314
87111,15040.203981269966
108538,17095.661821293936
90689,7726.044726456748
84402,17802.442205612475
80890,22397.368898728062
101682,5388.271431607631
81874,10365.928314072109
84259,2282.4771521910734
96616,16789.024789069284
106173,4374.807024516573
102534,9201.968691124683
81629,40248.43815488771
104910,15220.706567479763
92100,26775.137069457473
98454,10120.764325607073
81880,22992.494951573957
83346,14768.196477712656
95335,26256.798812414476
106693,23737.18059122024
107432,13015.674952592482
82694,12643.26694783027
100199,11684.407601873289
107361,21268.689528535528
88659,13188.823001945362
84237,4529.193270066957
83666,11415.45259514774
104468,25792.50033850946
95495,17669.664712608006
84298,17462.992741266527
108427,15993.151888848748
88238,17498.538267742697
103836,15602.87937483497
87394,10811.45557251593
77799,17795.21123289925
97905,10423.968981474289
101142,16918.022700559726
103274,2488.0400036678184
88302,13029.227699156589
76533,9783.431260372658
80080,34308.211839962125
105134,14373.03158180759
100792,8901.790953052041
81408,19507.84691126454
80410,19891.640582498134
86355,13379.354673050519
100954,7826.471613616013
93799,18863.454990031358
100810,9793.589790882135
80379,15783.876697582338
107796,20209.068500559806
94046,19337.505796075886
99931,20789.948638541857
85890,3202.5183777790226
106923,17337.037824396073
98319,12973.187525090936
94853,23477.946531005582
91069,45760.614955394325
78790,7604.3932753290865
92697,27834.558341251366
94765,30039.302237901735
102150,9995.259450481724
105768,7185.0452660909505
81755,25379.938336037172
96933,10021.342079891358
92136,40463.1115295824
96082,4210.748769168771
108457,15201.204108111997
95142,21075.987375606637
85688,17734.714805742566
86672,14283.615677550522
107583,12420.587124485552
93369,26306.78367522951
97637,13695.668058503012
80868,18892.747552945235
102315,5655.622979539243
108428,17762.743544754907
99478,13791.173231080698
98906,7567.229919163277
96394,11877.23717375577
106032,16964.46656313326
76121,21329.54898990605
92642,19871.081070575907
94725,20269.394210877348
84528,13934.627513412357
104492,12299.58224466475
98456,24487.38960011459
102089,10539.335400190728
105274,-5646.3844463525165
91436,24579.808007786036
99127,982.5572046434972
80416,17846.214159147756
83419,7614.336117909319
76209,24316.03626779739
91874,19528.47307511854
107892,12130.54122007874
86727,9949.600841701613
83096,5902.462895952514
107036,17988.17889342786
86096,11388.461897960457
89684,8743.854711046908
105301,11852.107826966429
79056,16871.280040866928
103508,16712.32460487369
102651,13265.418272188632
76605,20083.07237405784
99170,2000.338698140753
94850,18877.712910229733
78638,11645.469751967
106031,17225.69873279429
104955,13925.949014879792
101565,11531.412753751036
105886,25850.138479419184
86499,13761.243567460304
91809,29394.30511814535
86033,7657.479482535957
90761,18887.676441440315
104168,29699.34962190065
88048,15707.382977711852
106343,29351.09335102886
96568,8349.099381559092
90082,29884.65612193852
85659,6657.781470017071
102950,11561.745267059508
96231,9846.15525245588
101781,17250.986740383407
103210,7071.3038389134745
95174,8376.09827202995
105594,16520.191792332305
107809,22667.294999645397
81222,31063.568229173383
84506,21718.650467476575
83399,16548.053669551387
88318,12592.355690587981
106235,20554.004177023773
83952,206.4856905432025
103610,12166.854124915233
107273,19101.949044193854
102134,17074.760660533357
77708,27816.291685489006
99754,13615.724134240925
103372,12334.236141577727
90457,8012.697281750152
80228,11148.218717979267
105630,17801.366773194313
78448,24886.07915127983
86729,10942.84190204741
108510,7718.6324625159905
79686,27448.72322896724
82677,16527.414575817587
94161,23755.843286206044
93064,19835.762002616582
103595,888.4877160501928
107257,4596.650042158508
81162,29596.024459139837
106410,10782.790532863204
97829,22368.291638993294
92429,24588.612906959766
90183,18561.697088070825
83816,17445.072776470246
88613,9436.326342042186
90025,-3548.159855835387
89004,6082.401386433019
107997,19302.191999880335
97458,16137.368278100243
82737,9859.984193715703
101739,12929.848724190844
86766,14487.636146157136
77098,16965.644770124723
93598,21589.59080823908
108115,13090.488235345663
107653,24810.892035542915
94706,19765.72276225606
105344,12546.220194915222
87516,5906.8033369470795
98959,6526.51334185242
104557,9240.64100983186
99137,4128.645614972571
102126,8664.215080858412
104455,15487.936171337846
104278,12403.791157556712
80331,20312.675670959958
90087,20563.55892236819
93700,31291.285215858385
108517,16358.154137723497
97373,19599.381118215082
83394,19560.26232799131
100989,9436.586549108237
82625,20788.147941839474
93457,14711.376703839444
103186,12275.842598849733
85133,11511.610679926438
101198,5668.849726060347
102095,7084.962147386774
99684,5386.064261137624
83595,15201.831359703356
76960,36210.08043407339
103015,4218.284973110538
91987,37161.695930054586
78825,31749.52086695851
87668,18395.101168896
84826,18765.86308326811
92309,14297.001812308386
90969,21413.007694396147
92987,16407.23739184429
105317,14126.322926181601
93606,24418.864016857362
95536,31071.88624097107
92839,18207.901805569287
102133,9969.995721489802
105225,17089.065670148746
85627,9392.217121985203
79013,40435.9306724099
92008,28116.5487427645
80983,24005.2582384291
106475,25881.297213942205
99357,15724.770993566897
79246,22662.38521981395
83200,8111.213031830266
79656,21671.721324396276
99031,25375.816419676397
82780,17817.208691280743
88310,11398.485866534378
98056,24831.023051230688
77289,27390.77318740399
105503,17968.967994797888
79198,31593.374213325587
93429,26539.8218875194
97172,13025.280765199874
105958,21552.799310326227
103180,119.84117112991953
85825,9631.710230550088
81725,38566.57750551986
86590,14644.171958030522
92366,27902.878317197043
80589,71105.30625061966
95454,21182.6989152827
104525,5913.441468233417
107646,3790.819482597639
99226,7208.419707143126
77273,21966.735966592998
99642,15869.01652749069
91195,27061.78678716741
98641,21827.03143821447
107724,25734.010037952874
89646,25572.563370526652
85873,14091.714010800599
81468,31641.936149937726
97648,9639.666862076818
85573,11461.81149904686
102394,3195.087540062814
77771,21593.130754176396
88122,13807.071827622247
85640,15592.294778598982
97560,5159.796763432183
100584,3269.063829744875
97404,13119.032562735607
82414,10022.134043109865
84609,11426.830023108982
100462,9775.343446795858
91573,17454.82396441436
94716,22184.811492575755
107560,25648.95807459604
79627,21068.868775458002
83025,12798.682984312938
91918,13977.980490877351
87344,14149.671549876919
91683,25313.50570110821
77259,14796.401925881597
95887,22109.984830567075
96802,16537.442202514023
103965,4846.342483242013
78110,13385.0514872325
99144,12531.535137126644
86801,11228.948092484265
88181,4541.796922462352
88262,21338.2433537872
85846,20771.254955866607
97896,15889.124734340614
92462,39673.92116482426
99668,22687.94084588872
89440,8739.842599653814
82867,26234.383483388214
85857,11989.576632200333
79583,30361.8433274282
103090,8147.075132044629
104184,26483.6165310364
100921,12482.873448329468
83124,13724.003052582004
93320,24202.468934843666
81985,23075.550847967766
89618,20384.731725672333
90086,8929.04208055485
80855,31836.821859701333
105114,10219.799719320872
92497,23420.102142016418
89049,10029.278452280763
88584,21727.884140808397
88019,14244.34434370129
80119,21613.643341925927
84879,20962.02249524492
99293,13021.832040218665
82515,14859.926026801084
97600,20072.915869566874
103737,12665.226016896166
102387,15437.023238980619
80404,28961.81485153876
105785,37078.73928821381
76379,20779.571220533748
100569,13474.44053169302
101553,12445.908538560732
105803,6874.89688103566
89151,11639.982532875525
102960,7055.061300765141
103094,7541.631617614505
92146,9138.834646632138
97802,9861.271487827093
102939,14375.397273816634
101492,12074.431800496706
84207,9207.51248130502
86995,11193.555878250743
90024,23320.840190822215
87536,8229.620996689104
103571,8713.647888190666
87529,11520.392476497975
96756,21875.795435405715
92326,21904.0874977177
97609,6045.804325706908
75984,18844.287142391695
80733,39813.60556898387
77150,10395.253863459657
102496,5667.573613403889
86666,16884.850386066115
78836,12507.479616959201
82444,11428.553941143648
104414,22756.44433363345
98585,5865.321914497996
85191,17175.98138890686
88013,14453.138042883962
78962,21961.942656673913
101510,13830.846698700858
103438,12539.39223573124
99474,10550.59213395833
87180,18183.12383440495
82983,17017.48676546628
87503,11295.177645850286
90410,21143.6991620303
98416,7422.692114374149
104117,12564.501820395468
84900,5409.839644502485
88565,18659.53306947628
93797,15226.09131957477
108131,37984.4499287551
78848,17574.820946075866
88151,13112.352080455807
85081,10485.400426150925
78163,11530.227308267204
106580,14952.615685921322
104638,13864.62982864835
103696,10934.329226758564
99589,8389.981351705123
79699,13191.91437149317
95129,26655.86802519395
102173,12418.050058588677
92811,22401.255771482218
84986,7305.777786839608
84162,15770.234244513558
77340,22041.05292144316
79685,25980.68933650221
81423,24768.16021431831
93745,20683.846943745288
101399,13548.704159762623
91611,24282.641732968244
76973,15103.789328613668
83734,22850.271934272518
79526,24326.186365665126
80087,5239.27381809472
102186,15548.811020749723
77640,30223.398786229067
105138,19968.48621400757
79146,27873.775086947775
91713,14811.857322846277
104230,25973.43395701103
101896,4510.075898985218
107587,29522.127270511613
76461,30497.642103510312
95587,27328.137967801216
96185,12925.04244429036
103181,13990.741088409675
107643,24180.639311433246
88948,9140.253102930204
97565,24548.40437246635
83821,12810.672968814935
103781,10830.293566342094
81677,47285.99876245677
107975,18814.385057872045
84106,12840.557616736303
93060,37349.39879020196
81078,28943.772110900274
106748,22956.98445900035
79264,41911.23530824133
84098,10328.460729576182
87838,24005.56924982091
102957,14459.121712366046
89353,14075.465915042834
85492,12167.205902779126
107957,28765.9019251039
89938,13514.506202976976
90260,10561.708417238464
89571,8297.350780882174
106963,14228.660443146131
97266,9933.53291307282
80413,21017.03855805687
86028,10984.423445577733
93343,24791.923314647123
105232,7664.309172315552
107755,9866.301356195123
107326,10153.957896237
107571,9723.415616500453
100062,9607.866336068953
91477,26934.36206841936
104598,9130.545566616434
98614,8631.63825778589
104034,27007.617356293646
98446,7887.084721050574
103023,4663.3590861292905
91550,22472.70968866117
81211,24893.015022471518
90619,9581.827677147143
91525,32984.09405788273
104422,24539.339079446596
93555,24189.78446207622
88346,11389.691636628471
102067,4404.745291102387
107051,19483.288274038496
89642,19372.75231884542
83492,14777.208731474297
99169,16691.679417983178
85964,8862.962950108456
85179,11923.11599589212
100677,-4111.913488776881
85529,12906.457992581098
86198,11821.08007286636
99532,5302.932398382603
80443,31341.569109610005
93248,22632.048813705973
86958,19184.591029277377
77942,26853.43472086155
88568,17348.168296229254
81730,48576.11455198603
98884,10149.95835746397
82267,18458.79503217383
88088,12480.341273894854
89578,7807.8791825539665
83568,22592.703333642246
85083,5111.011401168333
79222,16028.39916934559
82543,11213.629757299903
82611,2601.5250013023324
99708,18659.943173482752
97699,6785.489663389832
91371,25127.144165411824
101757,8834.734145843395
104417,12697.50396435702
99830,9062.164719176915
88477,16844.14034307748
104614,15569.634513971425
76098,27119.743419799037
92143,18465.114789294807
81343,27357.32389476811
77212,26282.6560666031
78262,46936.58402426839
95097,25754.66011333729
84440,10728.552034363442
96942,22041.97667533977
101584,9132.302792615868
77202,6646.535134085832
85173,20272.986708704717
82953,15804.233313373741
81151,24376.077395178625
104377,17613.493921168672
86697,-1263.4600332499467
96650,12511.986204418383
77031,22426.15265820973
82235,33496.65549420942
91333,16607.3321010137
103393,12555.883232281572
76254,18355.513750857543
101592,13476.340560716664
101865,12941.385032349412
90819,14627.241548498947
76941,9506.393834762246
91974,17669.155934832655
102930,12359.58476889503
96310,21938.529090305165
77912,28426.6631999268
108119,15272.819067315635
93631,20154.966294591562
76592,21188.658091244783
94282,33953.15758028778
77715,16485.34372285512
93747,22750.67271693109
94560,20017.438746908418
90108,16907.018224957763
102128,6586.187481427187
85820,16223.84783105104
79541,15395.74240853163
102901,14738.695877085382
102761,13612.591977749893
91536,22354.97580506267
82089,16639.138333589683
108489,8632.670503198504
98409,7815.672748376455
79151,13594.47626953233
95549,21526.2284527789
85472,7178.130652376858
82072,24359.19894126407
99386,15496.105466820256
92932,28812.64786333454
86525,19912.669666267422
99013,6139.541753553742
99472,4402.189589019821
89967,9642.19992287441
106604,24291.958677679882
91608,20748.566560841922
82249,23601.23134237378
85445,17749.437531524614
106905,22881.227955381095
89122,17091.049483555224
87056,13123.026951099455
98254,5019.893364480464
81697,23268.521676531993
102542,4762.662682989845
86804,16962.827414181287
92626,41358.4197976428
76602,56335.973766686
87943,12392.487632997218
95438,21028.523359734172
95823,17823.006494620276
82403,65128.6392513351
79347,22424.087285831512
99419,15496.300501386853
88561,9255.947140478413
104572,5761.649337937386
108507,23944.06763055813
97900,6860.018697793101
89733,16013.86340564098
86211,4987.814951402077
96713,16441.83404034561
107123,14170.750062064151
78086,17638.789085279423
100576,15278.484167921823
102589,16991.22040752745
104477,28773.026232131568
103487,15957.40693204521
79189,-3172.4934896661944
89098,14580.739939304287
79787,32489.67665339497
84294,17277.489910120406
79128,16869.766030615065
90269,11693.226598990674
78251,24689.669945229936
80572,9466.90158970753
75986,33012.60347795492
77619,30627.017120155608
105025,18069.379532812294
93882,28062.631637546598
78338,24523.290953942997
80621,27376.481663546263
103601,2752.525816406778
88170,16086.420798353502
102889,13628.143868933083
76347,24399.71813560459
106080,3844.712104948878
98834,26175.33601454638
76498,30809.04215823424
85104,8008.657796945103
87534,12137.013121536176
89883,1080.390055634096
88738,9456.766821212324
99252,21738.937148643367
102696,11542.632749523647
95948,23589.301962875717
105438,26997.485406825217
103463,14328.754218068789
100261,7831.670855748642
95315,23199.372201247184
104172,25815.280277265018
76502,23174.10255379851
91569,33597.69751352526
96071,11084.840553164104
105936,17546.752083313404
97089,19388.168820574007
85434,15397.343868124648
88446,13227.086627275625
93751,26874.557639486404
105399,14924.743643615366
88174,39193.81293225684
88555,4796.812555367564
102346,13633.068144080782
87144,11995.127060046361
101990,10887.569288475264
102931,10270.189556212776
108317,12570.283792305127
87976,8259.893171906122
97988,11838.264045353164
101822,9415.074494237284
82536,13272.943003867927
80676,38147.20618393841
91255,8864.584408125127
94069,16413.176736289126
91894,27625.40667018319
108147,14881.264431037678
76928,24186.352720447452
82648,14439.88728215429
79426,13364.038667772038
101936,13437.972282897128
107567,21617.501452964032
88776,11706.80190757841
91113,25974.091983518723
84568,20043.758309783065
78044,29727.282530655066
76929,34282.65785474556
102526,4368.420415478031
92515,9997.600022792481
90009,7269.9622227198415
82978,5404.292298415021
104437,14646.69722669135
101451,14579.097235378344
76325,27895.72206276875
89491,7240.797061924299
98435,13389.623570131313
92282,19038.523017628875
82209,15222.811683326407
88705,15803.87969263042
104679,9422.455509805412
84919,8124.499821992562
89998,20464.583554069744
103520,3839.9714266599913
106857,14532.439399310097
108499,15494.411502857984
78893,40859.95592297394
100860,14018.210139985138
91684,14529.835361917518
80617,13288.370922344926
76634,36851.6053591353
92055,24330.043523054454
83030,-5159.06157886162
86154,5533.321892852226
96022,22482.282316754805
100336,17840.37766050271
92663,13973.341119543416
102884,11680.081863904925
80763,29358.288362638545
78329,10038.960518909269
87867,12273.939978984636
104353,27740.15442214691
94284,18428.079532638236
107996,21744.38839731115
95784,25098.006886064337
101298,17087.49186153349
95995,25355.681506140303
102718,6700.944454636148
93623,27980.53510777498
89585,17944.255997116445
77533,23241.178730846674
107550,16566.972368229995
87760,15314.953270779108
86299,2345.316232283367
83152,10300.958779481356
91322,39136.30231411352
91286,12296.142836659652
89231,15863.092772925796
80082,9155.075931587198
105518,7581.638109739812
100224,14017.769912760472
97261,11328.828402715706
99651,26338.933603905592
76487,12085.427416346967
76867,22359.32449863224
84574,10864.860290341952
92378,43397.07257173509
103934,13303.548835282723
108445,8585.80347410636
76872,20491.150144452215
76180,35894.46994239504
106906,10209.642549260781
76431,30495.980282019053
102603,10977.440508682674
78403,15442.783297854126
100799,6253.917368457449
104755,16971.192471207425
89602,23095.544612770886
101656,10968.436986190878
79362,14893.804905113415
102262,16110.221603655242
79884,17876.746881754312
97740,27054.157091215617
101264,8960.282635756274
76525,13481.342393746134
101988,18198.502526617158
102819,20452.252649637667
95501,20916.015455395638
82890,13398.446084516909
94413,20278.63529155856
77898,24839.190798224037
92991,25149.05068960972
82055,12446.275363053937
100865,13952.5826371484
107388,13684.533380968016
94252,25368.67325936108
105973,7806.499401701556
100976,17082.26257295013
106212,33058.977907285895
76078,8622.239986134111
79014,21484.16109300607
104787,9034.071623006137
92342,27935.5667630908
86334,9616.65458088182
94066,12549.026017781696
76062,10483.535782530467
99371,13968.546447183646
91498,20198.90896848531
86406,12874.207666277085
95531,27535.72891442092
93274,13601.76280067263
100190,16610.914618929615
90424,20552.64721360542
99089,15065.644504413125
94306,18019.94832951376
88209,6882.436649608193
90029,10427.496416214883
103397,11366.865974786779
82341,29138.67835412563
92358,26820.721935631576
100389,12325.880545054068
104886,23854.061945765512
98404,9816.57804728087
85100,17018.617747017008
84878,21113.698643898737
78693,34626.6682253273
91992,47905.81442217404
105754,8383.44347750643
89594,19066.11443667233
84756,3413.09229836936
91795,41522.67603264254
108235,11853.230412058503
95474,22424.009655637026
103485,8258.21325927999
107700,10060.983590778647
86613,13549.007847669476
85741,11147.896576711224
89372,11620.415773179644
79735,27345.966282143927
76186,16448.677054525047
93135,24956.36706474633
108107,5039.255049678497
95853,26510.85632251225
106625,32079.04613240948
94400,19909.110705219267
84893,13085.629181138123
97777,25710.045266646397
82127,24859.109150331846
102116,16429.217038065777
84330,21204.003112615726
105251,22177.199957590637
104115,10127.360304692527
93746,14336.280359026918
104982,20425.448557864132
105988,10738.521197764523
102562,-2418.621155198991
100822,12009.40990055204
104409,21812.35169564544
80140,17479.42701210473
103317,13115.081273617427
96145,12303.835806440766
105732,29042.361071785053
100943,13557.424765192758
92940,14126.349595077452
108400,-1507.7091145782833
108512,12332.755616558687
92473,46985.59934009019
99001,11936.611671212857
81082,25026.739103841406
108460,14012.432475314854
108169,13454.459484647174
106864,15189.192000337338
84685,22259.105889975297
77736,27336.256411517417
94232,28714.546815960755
89520,5317.0515470354
104514,18183.32347248707
87509,11351.83395531075
102802,10509.788684181025
91042,25049.548505826693
79197,27177.784468026148
76499,15830.96048259092
100082,12890.72825486571
91224,25496.733717406867
95303,15720.236690130594
96830,14714.715702407178
88064,13783.494209567725
81628,24231.888479486268
84857,7822.753609727108
82032,21958.660426176648
93316,24909.92442895437
104993,21645.84801898204
82315,21396.82888050395
95990,49228.63475458244
89970,15849.755162038273
93407,23059.002960008904
84755,14459.110843175818
84684,16120.134113014443
79353,35720.261493531434
79649,46268.410876705355
81749,25120.09025577843
107002,6537.552130934957
82546,17971.24327566642
97536,15322.707388362469
77580,26097.95830604111
95967,19848.73959618721
108150,3881.474089121941
98992,8539.764947514646
108536,10244.561141006605
102358,4354.978032788582
91856,27604.615760939632
93148,26545.590608980056
84957,15102.835213389611
95413,14563.892014773097
102404,11711.026889098735
91495,21947.522661887124
77953,26131.834380051194
87398,6378.268126496274
95955,20726.60872626683
93290,16477.680018221246
88128,8888.545649891472
88830,21203.5904065519
83397,14955.51799858769
81599,30204.975419380848
106055,14168.832207676387
77655,22227.597679209226
92106,24073.47619189766
96536,13526.126559410739
104575,15629.6106193194
105513,9703.983845262701
92308,19933.28884767843
82419,13574.011688469953
96473,13697.826086854766
76961,32061.200535131982
104060,37219.059975925426
91056,22414.210076847783
87618,18028.23726432104
95253,26850.870155086683
96135,8352.581275331439
98015,6673.885460909776
87695,12582.75217731169
79066,15366.80797456691
95512,29159.02035846452
89234,17932.038839446963
89971,12467.95577974082
103750,14309.502730983775
94180,27737.107164099958
107947,22045.73695423668
93455,48488.92119134725
86369,15708.193485354539
78817,19727.291986522847
85051,7447.734461580927
79315,67656.20386320767
92395,27310.06699874639
82513,12476.102591275703
107728,5266.626084287855
90261,14770.693996429123
101064,13942.220890660261
79329,23430.663495112938
88998,11655.878606941405
102002,9507.839916261524
87718,11513.735592835408
87774,22177.536736202004
105214,15490.192600048904
103055,9149.533824635495
103543,16386.724537439834
104548,3147.2018674088176
90387,10643.28292215339
83786,16140.871741657582
108102,16592.889425008078
101455,13074.252682642604
100577,16500.9669422944
97483,6281.341806040757
103056,10537.07984746262
78401,9711.821687294403
97400,10455.621439450682
97703,12557.304991972254
101311,11604.617186180956
87912,10842.96076746573
97168,10362.497716324637
100833,16135.133480192453
93043,27698.777008733945
80772,17217.311382466578
99794,2638.7251861208642
78326,10167.93637451873
98710,6758.776261750376
92351,29243.621385886887
87356,3979.2085526188894
96926,30077.317448966875
100570,9940.000636273879
95109,23093.565480381876
85050,6196.380373974796
84046,21009.391273769448
101466,14934.08403099209
90832,9589.57797016995
93397,29116.059877552092
107778,14500.09811469965
106710,22676.52281938112
83464,5371.60926647138
93622,18064.96420584555
88744,16509.24373849563
107378,21947.82216360903
83032,10307.837596513098
89480,33254.139856279566
92634,25602.03238455174
81057,7013.063393975579
102633,19335.997421213746
101794,12108.08494752775
78355,14195.62906776744
76544,47567.65557732251
77408,14756.792450079345
104451,28409.69457055327
89254,16396.416225630383
85412,16918.487881192967
97709,7158.962090498273
105230,25324.392810811914
87691,11966.62233509039
90722,11928.613792857563
86679,14413.494291085808
81418,28175.624198331163
76980,17320.436150916692
105319,16819.64302567231
80516,17530.44465356665
88960,8479.164044989971
82982,9762.668711774284
105004,23198.055883599634
78037,36354.846617239426
105901,23193.259277275938
77109,16058.702279026256
85855,12103.427731548087
107355,24665.45284020649
106193,12278.080510173691
97700,21595.82666021961
86150,13991.867680080162
76267,20159.22002356818
102096,14311.805552951613
102561,15947.816279003891
101137,11834.9113770189
92050,42344.56446359918
103878,9836.002408587607
94760,24023.276552740164
102678,10038.539922369528
79971,17080.725141713483
85739,15121.16834740431
79714,23222.82823087454
87673,16194.487305832357
107304,23237.77318301276
78692,28602.849198879412
107274,9529.959800739045
88686,8054.303558333631
90843,13731.87830594898
97507,6719.406036313303
92343,39775.71107898094
78781,15351.072213561405
84990,21634.432084096014
92913,36693.893333222324
92079,38797.58343566676
98507,8062.437359453586
97152,20128.28694659873
78442,29464.006640657826
79711,15163.0980650399
96643,9439.326092885109
105000,5794.133782190969
89454,3296.007653289271
102265,16944.312261691986
94961,26479.814409844155
76335,20009.306049805484
82897,12221.585430214007
94061,25516.275208793406
90661,6592.769598665618
78112,27823.41868723795
95596,20207.295218908548
94740,29155.44122890009
83287,1650.2630539335369
96668,15256.595887690986
101834,15332.584465173015
77285,30524.42740180588
102545,15176.88736530213
96287,20897.529422516032
82156,65093.28146611112
87276,13579.786778282869
77564,20531.496961662328
105991,7591.9086360558285
107570,8385.657324603628
94519,27023.48877457145
78369,22854.824459133903
92674,11634.908326774923
90532,21232.228043177252
85489,5066.904538148316
103660,9844.134382548335
81206,18777.957354804428
106764,26684.350148932048
97425,13991.032687587489
96393,23877.588907950558
84960,10646.977638855169
78993,32938.648869360695
85876,12947.13160980714
103936,12982.970218658054
84201,5841.557503975258
105098,26897.02703473068
85078,16354.893738447397
89886,19154.154926981922
81268,25126.896441297897
79945,19052.610195190457
97727,7909.241819276765
90636,8615.341246351018
80106,7745.492443671566
76947,14328.693370218214
83264,15201.519933214615
101532,6357.745767046785
91558,26594.508377898354
93311,15489.724374057609
101967,5978.218043252971
85725,8615.636995061272
104684,22341.42211532744
89747,15167.975578068246
105165,20122.015435275767
104814,17287.974304234725
101904,2055.9086554145615
99238,14766.882263523556
80989,24021.297876028897
93575,11116.658325379976
101536,8917.962302855798
86847,7756.109684878582
99847,8159.185198339968
89212,7184.025704595493
93997,20313.145248636632
93647,27037.593234930144
87846,11622.990923148798
93737,25382.663904564775
77906,27040.830807472943
80648,24063.530286204244
102925,4929.476867114019
103709,14993.029514224443
86195,13893.166365583835
76865,13773.231456900467
83260,17062.148066949594
97233,23787.24721550691
104618,22684.569062653012
83879,7349.18886704334
104804,6935.857868504012
100551,10253.414954192674
90524,24039.904368282354
99669,25268.3928187634
102658,8681.717088490404
101398,6949.3931210377195
103286,10021.720867104654
94823,27841.833624103732
83630,11631.120518456068
86079,5598.356587797069
102145,8274.910304059886
94270,26601.497546369326
105688,28275.682158968062
87335,17790.010025746684
89805,13892.574280058383
95093,28373.78737487526
76699,19779.2443416334
83187,17042.204080927157
84218,5815.418424447678
94153,18160.511920687728
91849,22280.93888152395
96202,15777.662130944926
90172,11965.987759026902
98759,7743.833036830765
86718,8268.683087018959
103349,10849.563703303982
93293,35834.456995874134
94622,40698.70498466022
93181,23810.405315987242
104870,10180.673014941713
83247,11897.693762374489
87566,9320.847089676914
77362,23203.383160280442
79537,22907.218764117322
85049,15911.29954633332
81402,17961.264786977932
108341,17221.816851385986
92193,23980.647289519082
100184,17079.811819722236
106252,7721.649858467412
98047,14116.029939439512
105416,11459.669751213194
90872,30834.198782981694
100235,10487.894903644163
91485,21078.02935143748
90534,19728.875837929474
77841,17963.024066710903
105730,11329.950892965047
84175,11484.414741153014
103964,8484.010838114715
105970,55400.80587091728
99843,6288.006140838508
102012,8331.88976390523
76779,27187.324215754445
80778,20356.477426302357
106638,13574.893660562113
88233,14352.036576978804
102657,24443.46348029346
107180,29816.253451351746
108468,16797.633766364277
86399,9710.081308142195
85128,23102.001184488065
99868,207.3513667987063
100413,12782.40218093351
91125,28008.806525136562
80467,29637.861412017708
78605,12776.261173971114
90259,14580.521754841699
106759,11188.993593978274
101253,7300.922919763776
100980,8326.212931481568
83805,12231.548956075596
96745,7600.733340139763
90242,19491.51055741156
76118,26133.796025641568
98824,5576.084099313841
78006,21627.80487178052
100924,15855.117658424104
77138,64852.52124953171
87665,11801.984546470048
78023,16456.578430848036
96117,21516.512677922292
86789,10617.056851801462
88649,15191.510992785217
96792,9453.555274366809
79403,26089.464101286794
100547,5804.581003768399
106529,12065.483813168568
83042,11712.170423901203
80334,18414.56462654355
86589,8012.617463568051
101811,11392.639284346136
94128,11686.869932038142
95868,10975.313943694506
76244,33638.661343180764
88957,19663.311563083465
108503,18602.295234186982
84409,7828.683804367523
104962,26356.848265114895
105121,9884.87794020366
94389,13677.809531418752
105602,15533.846131379745
88289,9952.416271410519
108168,19882.255618733092
84978,20481.09278422095
108011,10227.706651800618
79783,13112.029751971277
89892,22261.59648292487
91748,25882.737086043155
105942,12320.697044985922
106893,16292.368061030691
85969,11929.625661131984
105403,15463.00262792957
80319,25943.722324767237
103010,69.44779221803037
76518,27342.76277281779
95598,18503.498305553105
101287,15967.308916204085
84475,7574.109831789479
87686,14953.830432622257
91202,24684.65195180093
85296,16427.347209608735
89710,12436.36926461244
108409,15281.055830184385
104660,13533.672864459164
91493,18077.43331515789
103318,10579.335081797413
83537,11069.598568506684
93277,21744.687899450248
91290,19774.791427252407
107127,13894.359930144361
87752,11496.031057908593
82613,14089.106045125343
104508,8459.606816217187
100051,9757.237590860503
84203,16678.68411470874
88624,15509.145882754528
99483,6853.439724874537
96635,29733.049509862773
78956,17154.677246730775
105839,16753.976432053896
92487,23948.497105695307
89382,10571.334754491574
100337,7798.124130013573
78640,38663.70666438823
99495,6513.172448522615
95580,34516.07757146
85347,16849.587763831747
100050,15383.714894253033
97749,13546.345137918222
76587,27759.777344339207
95918,28379.21262093376
93823,31301.66785058254
80470,25595.4823739867
95399,57574.72470468993
101483,9148.483010859607
94776,25250.738704429255
97442,5429.119834513622
79267,27112.272433701597
82710,12668.866472683032
77473,20166.273524816002
105371,15128.281779884594
84991,14586.636817623323
93878,26146.137281353876
107126,19927.37136760872
90996,16243.2107696506
87095,10054.059898612846
80205,16671.34843694896
100043,10818.013583939144
84793,15429.033623707597
80403,14524.727201567905
88018,15139.383543223114
92747,26485.57386317545
104894,16248.010175444128
108319,38156.540904957
99481,32879.74576276181
98270,11661.411096726079
88155,18918.258468868677
84565,20930.41179605489
80779,44462.27327291724
105684,21300.20366674158
106855,13165.98941563684
103908,8856.775827307923
100595,9642.761112158565
89822,20452.892209789192
100401,8452.132260996412
101037,12241.409091826936
96350,18415.75933434548
104191,21316.38557305091
87891,12224.854393219779
97744,17950.638669047243
105757,23427.300650904683
98966,16043.943162823678
91869,13330.17725233575
81292,18842.74476542238
108284,24381.065146753142
83092,11312.472034669612
78394,21008.093774678622
97961,13590.44800311065
77723,34819.02863576931
87317,7701.696159019426
95065,31977.64680806025
88227,9660.552939487883
108087,19365.452557288547
76311,11574.469128486497
100764,7074.397264090221
87828,10123.085214784893
77314,7198.844566043612
107860,13500.35267439585
100339,3791.822044043627
106165,2829.7072736461705
104443,13109.210767786222
79613,27559.26395990308
92686,26316.66098898869
97493,18555.816341519618
78977,27238.407259018903
82933,13793.636984228564
80063,24973.362684659864
92287,25488.977481422466
103664,11962.776189658776
102185,17290.90835529343
94679,18833.394909786977
99024,7715.797559503379
99366,10969.782131390151
96554,11946.661156901566
95906,25811.161679018056
85623,12117.04756996187
84336,17093.88660653279
96560,14277.745670053671
107448,7389.781756038836
104118,20369.908896133857
88391,8068.66029647243
100327,14411.366500842036
89323,6647.9760527915205
106925,24482.64961466493
98542,8658.23333070369
93996,23797.523304873393
85103,10959.906065868243
76033,35085.15620833187
77213,25192.40785140448
98117,22804.76792509512
81109,31617.342023163714
78316,24301.8220761329
91021,33192.83037996023
78093,12438.250268425298
77497,14865.076666144596
83590,15863.952444052193
76126,23130.473837458238
90509,3876.1646170202876
76454,22602.35325752318
82095,26489.920098088245
88625,15192.89792155604
100031,5072.09801317277
99458,7080.5425862939155
88085,9868.94095886292
91823,17612.451283592498
77735,25608.298245984493
91799,10875.67022130551
91480,8549.267444252633
84915,13331.656600890361
83688,11095.466261037465
102334,9790.198901572876
97765,12014.872936796746
99836,14287.277387877562
98569,21732.368588248268
105050,23435.27381967551
80826,18032.534592936674
78684,12181.126817402808
99123,9350.86428273555
96507,13260.421324612835
104742,22616.563188847096
93690,22468.737735002273
107606,15056.404022782022
87019,18923.67695649684
100735,12198.570621611187
101685,5183.178589532676
82792,19020.88322668668
100036,7148.696977176267
102607,8259.460156325076
97772,15993.413825265714
96207,19262.477715828558
100697,8945.91300005556
96481,23810.294822669748
89054,15413.84451528445
97847,22600.296160229627
87528,10665.103610644845
97145,4389.843484620127
95223,37317.7007160732
104325,14934.385976843274
93743,19303.394464434605
81914,4775.968981904793
79040,27176.95025591321
107030,17774.40207327211
106244,26211.84721921882
79602,30322.06132393454
107684,6146.480269173713
105346,21072.161622414
100000,16707.389370235353
79001,11443.578359788487
78942,28408.412576109957
87637,12050.031166195098
102257,12934.96063495797
103502,9770.853807306266
84619,6151.887965157555
91129,23292.92013767369
98493,15590.477138546805
107108,28086.92102321025
101158,8677.826756714552
80236,20174.579387584265
105375,4544.519796331835
93002,27922.68043760644
91619,29278.64099728226
83965,13739.486217329293
94431,38983.3219388985
104601,9097.86034583539
92698,26959.754540288457
84014,9134.727317507582
91961,27427.200894436013
77595,44564.6929228098
88848,18872.7107628699
106046,15082.832632112491
99498,11469.148907525523
98153,4275.431687250297
83157,7555.923641117581
107475,11558.518955134758
100589,14768.22992363281
81448,12395.917207610299
102638,4999.163538979497
104473,25620.25879145725
102724,3952.2359752835473
99338,8880.107243476406
92431,9192.854686192411
84969,11896.827866583131
108426,2176.4721134168503
103206,16593.37861098483
87345,10567.67553851087
102625,18284.523088053626
84606,12230.740807558206
99166,7390.462697232899
94408,21910.272269045992
94898,23721.992676389345
93658,34982.476028065605
98234,15003.419856971828
99725,13059.498005143658
103979,14959.76606709382
77277,21323.380364775512
84401,10803.806781395571
80006,35777.66685338183
78572,15534.697325528949
88781,11833.80892213431
78546,16962.978404445515
103829,18729.41807046879
79159,58729.40123572403
104502,12096.527961266576
95125,25156.844465411137
80804,17935.19696127031
96580,24247.06350906937
92059,21557.18354993353
100530,18244.732725249865
78079,28390.894542827707
95036,17911.064758861234
91490,20459.680310441952
103310,15467.956480500812
88853,16101.759611863323
105948,8864.059655461955
93744,22187.274011330825
108518,38378.16412394846
107733,21862.903524973866
106813,10594.707965853566
98343,15327.182642246305
83056,8675.221338610922
105721,23615.45585125203
89165,5007.116525583726
106402,13678.625291768461
77252,37005.96805890555
89194,-1070.3395086492455
76777,16673.72902384546
90569,14638.625891957709
93912,13108.893358900954
96848,3239.167364650406
87355,7846.995890209917
80539,38118.191730147926
105351,14018.223253960226
108019,4317.570827663047
91331,19858.535040562958
80814,11497.009369457068
95951,23547.273794743873
98392,10387.691729090468
99209,18549.714833369726
86085,10175.924035255244
84678,5717.266992713674
96534,15358.145173594661
93665,26117.594920579533
89832,11277.955033627339
85079,11098.484321056196
79425,19341.91670689256
96052,837.3664146233641
96599,8147.657193349529
103705,17298.795041311372
78171,28011.18654071128
92005,24218.529173552408
101323,15023.940517652183
80398,19059.24823637314
82123,17363.838159443214
90262,5174.584004950477
93300,14911.052147148424
76795,17724.2032426722
91043,24715.675220851525
97362,15664.706522034874
98969,10007.650060149084
104826,14926.56969305253
84329,4493.318670735403
97976,14268.160597449227
96904,5812.75382511341
88148,14733.42410922941
94895,17510.766480717444
91122,26377.501568441905
108145,11837.234898137947
85476,16011.198898301693
97564,16626.462594173296
107770,38415.97905099987
106947,21906.039726709656
89548,14884.311852900864
79027,19517.149095571367
96032,22030.613979729475
100133,13115.272951154533
83191,7692.983875367878
82695,12409.716297923005
79273,45334.263909367946
95667,21002.84749227928
99578,7929.292828975798
84492,9208.215804509964
92353,14896.146038786654
106435,18779.15288225931
86655,14392.965591315995
106651,12090.17800608257
90268,8230.104348057532
98311,5430.201534837164
86971,9024.08661157696
88573,13217.373353022529
93189,17495.33098099276
87244,12517.704913480527
108207,8730.862118037447
95819,34677.494224177426
105846,28151.139210182126
102372,8269.072388000699
83616,14415.354427834754
92411,19864.915173819056
90395,12399.394267189899
104613,17567.48807431225
95808,26161.135843390977
98662,11281.0007223664
86066,13079.834771567112
77454,14877.764463939238
80846,17541.825120174733
89060,6825.325854171795
91975,16598.696186204223
84011,12130.43795894392
88315,12356.262953275727
95692,19896.366431762566
98373,9907.311384120578
97283,24237.13244399549
101495,5696.803875016049
81770,16489.85901625434
87458,15681.956739184388
102710,19645.05592299701
81205,24292.37339937492
97440,14336.071183903783
82618,6430.726583268901
104838,5647.735792508611
103606,124.06288653307274
91507,39606.13168094146
81463,14058.526623228594
76741,22199.90576622961
94422,23876.020508931964
99543,9796.350320501952
104044,20434.045838720544
83284,12903.749944503623
100834,13703.906620625552
108440,9956.810760956621
96881,7484.166233659431
103925,7261.214023589098
102881,14284.782238546919
78690,20266.36408049507
78052,25887.01927520652
103938,14713.307455930524
101271,8547.799746529112
76924,21880.177465931163
100415,12897.374431356962
78455,21287.90475131391
102811,-13115.087596219615
85154,14771.573996830615
103761,14492.000421756034
77732,18278.556798519334
85957,16050.791126486612
96779,21560.144130557615
99061,21913.978365102957
106028,21232.872606063145
85889,22453.813887155207
97539,9251.71364376528
100890,15198.451791149564
96058,14707.730111577985
80216,21127.51894975477
93045,24629.561244387558
95789,18843.554704277078
89368,11518.51241382194
80917,21129.20838426391
93323,28803.400477556628
103669,13490.887064892187
81561,18199.24172644368
92214,27562.606289577452
86368,13996.872603935713
95070,21668.314375675516
80730,7319.093884857473
105647,18184.021896639053
104707,25977.24938182134
80353,22601.89359569244
98677,26912.28474139914
89445,11242.946115056271
98332,8828.99432218651
95929,19150.280766307755
88970,17975.61512953433
81272,18905.735813550244
77963,17172.49625224901
88285,19441.671586842902
88924,13398.511425346165
93562,30700.092056109832
89463,5506.21007813944
105407,14852.805897073587
80944,25896.051866562542
108099,25983.852476408574
89199,6323.304577706964
82756,9065.625325620698
79573,14674.790319813736
98847,10721.327093810454
100966,6418.175532896101
108500,32413.850449182442
103830,11207.583111028565
84043,9216.919627974974
84550,13766.567866608748
83946,7216.892713200796
86287,8739.833101034892
77598,16892.513617673627
92893,19165.958779000648
106936,18142.37451688011
101123,8790.084251167209
83943,11644.110786058678
89197,13890.540697545599
80185,43749.0375415624
82429,16176.805418057716
95864,23536.985341107997
100750,17430.608906978712
85497,6256.931952704312
99469,15257.763133944536
87667,9075.422513300204
78681,55230.260680536245
106579,15809.409548860276
97388,8434.931694110186
82487,11496.216057639394
80635,22505.960123245954
96378,7684.917736340256
77827,28096.963745427973
79045,33430.70167361629
95229,26566.53185272329
95387,20124.19577115278
101754,7039.055926761706
90728,9060.231518161512
77618,29997.58782769798
79390,42629.44779183892
79449,16880.61154104321
107826,27038.44771918966
87026,15817.157150908097
77765,19525.510245644226
89691,15734.121582287597
91087,18623.73865097115
79770,25449.423207002736
79341,33973.4789587401
87532,14665.66460192483
104082,11351.862148065149
83169,6740.119567910791
107978,31779.945993306188
97466,10777.910790457827
98381,23534.193939053876
87614,1542.2696878769784
84768,12165.291742610512
103605,6292.822860582819
107420,9912.44956284514
76099,34505.46026986385
81932,13559.894616802863
96233,9385.656042204617
103484,10912.988477990992
89608,15445.800836067094
91316,22205.59300776568
80424,13207.355775010888
83120,10762.81520005333
95888,22581.881549754675
103279,11875.491201388155
76800,14577.072091447844
102188,13194.62980613811
100147,2143.6334505397244
107959,23956.37428309473
93341,19145.639504157778
87446,13181.83899364117
103554,8394.028915751464
83756,4999.475445838907
86353,9449.963440279185
107874,21453.41363904113
78416,16503.89938426134
100911,11609.049350410001
86514,6318.873499990761
92702,24890.039429438824
76787,20125.351904807263
98523,19973.42105816389
88972,18220.072589608375
87370,16399.314327047963
107060,9618.236622766271
108186,13679.70377260937
90126,17614.703649288145
103874,5118.57850440919
88271,11131.1971387605
81752,20395.030695817462
78089,45724.102521609486
102383,13487.589515951986
76766,29812.029366236617
86120,11245.54535006627
82871,21004.505169962038
78647,27304.261309957044
92451,18747.101805985556
91743,23631.151902104524
96582,12465.975173780374
79729,21946.111753702688
78864,24258.711335878703
94728,27131.092752015742
90355,8826.44669571516
103777,14426.453267230798
96076,2557.0303154160792
79201,34829.14318249859
106707,16101.135569710692
83836,10683.243274325563
82332,31297.293092872467
106545,28596.117360438788
107268,25774.95889570682
105459,6751.822820153087
99683,11484.643292032357
98385,18686.15550945024
103402,11603.31038810758
89402,13312.952915568938
87077,5512.1047174743435
94222,27716.786497431094
89919,6297.338493501709
80585,23451.552145775408
102406,367.7049470206184
95002,14950.693662617356
78216,22137.8265751382
81346,23268.142092170194
78309,19902.120398762403
93307,25440.592726635892
87233,906.8456902882026
77093,10505.505090254504
86762,8224.94709639452
94561,17804.607094960986
76392,55208.85171336474
76895,27615.963672300757
85419,14400.651329359767
101026,14509.798655405015
102584,11049.47067271176
81381,36302.55737236452
81761,47109.37514211968
98099,12312.638803662907
91347,18146.239802386626
100024,13153.215162513137
97924,14747.508477047028
100492,11954.83560795823
93559,24752.765523715047
103175,13274.706830644922
98122,16507.82388588399
84362,7203.478818925185
77943,19786.04823372331
87275,11886.494356810697
79991,11375.693193048195
102700,8834.102316816497
79660,42790.667184900405
105465,27262.54153736058
94354,27421.705558573158
96390,7262.041032292211
88763,29490.859817152552
87219,18496.850048397027
77221,26480.593802648917
78165,11146.699295577026
95069,25651.41525582997
85157,13738.915576488333
94547,14892.605854027148
80643,14723.699017436942
97499,10651.294339422107
81957,30932.933570488516
82538,12257.105281561016
83777,9406.796413302247
87927,15165.771513158252
82916,16783.503550164955
104146,15901.34669312813
105260,4206.166095904686
85483,14858.854142627708
102412,15331.263624057465
86508,7186.668788920128
102998,11082.876159638894
94493,28515.88319518049
93422,30391.04264091453
90033,8556.618610351434
92957,23222.998739114468
96584,14337.103691989469
103170,15943.84402533491
83550,16518.78229258873
76050,12539.062641253986
99903,8197.480920277274
95255,31541.27993761326
106697,26903.138536980696
91497,27811.807527503406
97177,11096.157391519824
101863,12403.117029158588
99298,8255.511895280913
106496,-2230.934540965085
98770,25558.830679640916
101801,13337.188517944174
85037,13731.191511995916
104399,21223.47271252815
83980,-1088.2239765268241
97825,21496.976063132082
81924,25105.68803276244
104192,10041.30160621315
87130,12345.92705723444
79364,18963.97453143276
81388,12009.070944880485
94917,19154.463111373843
102119,13047.654785321982
84135,11788.078009486897
94992,25632.817611573104
81229,19788.406617104803
79503,27094.80433791576
84540,16326.940647330339
77881,7349.13147671058
104978,3178.0465405379946
107373,16350.333034348208
76208,15599.199493049295
88192,17502.59220364527
107010,41758.51241654235
93961,27454.924428659273
83957,19793.18839966986
85283,6856.174187729397
104226,7135.8518317620765
79463,15635.022135772015
102587,16747.318371867674
90204,-1134.8767935473297
103507,10039.493172010509
94351,26462.525039326458
95181,16898.97914890312
107410,22361.823172996505
86541,18098.111510418268
106281,20248.24988689678
77315,7461.761846713955
84485,7529.007017795753
77592,11002.83367898516
104262,27094.354987317987
81260,20930.128852320602
94417,39626.80631984635
83014,14179.718232711835
78192,23144.602245258953
85838,9868.082242513628
98395,24947.092363893767
92617,20507.84255531829
107538,8831.738135411346
102588,11504.840386196302
88950,11907.715364012925
101450,5656.438646262948
96101,11408.11713967743
90567,11898.33945962241
94383,32777.24715827133
82961,-1310.2369823781119
96591,7431.302322514923
77890,23644.276608500804
77801,17767.566035458047
85738,10458.826906568662
88580,22363.306387244607
88914,12868.638355440082
82206,25892.282652482812
107485,12849.71522228702
105203,24438.838346312157
82256,70433.87733924993
80181,29969.617673348985
88792,8118.6091308188625
92581,19308.053725154066
101272,20518.622462655054
102359,2147.8437156926666
85306,10992.58247129881
106078,18051.640426017257
82442,12380.869540194995
106313,20828.925660542154
107617,12834.402937974548
89719,19988.885079919623
91358,24164.890905210646
89676,29822.100424531483
86927,16066.715813005532
76819,25272.610010002725
96646,10340.603476424149
81533,34558.331819946034
89207,13207.401829936294
90282,6157.531415985606
94908,25315.702768963223
89890,11946.694856240501
103477,14794.201761894248
76090,20567.925998068007
84810,3893.112751076973
98323,9854.28204303165
100552,14137.977927920176
104719,11647.408747689653
90016,11608.68323043111
84632,4346.730972920341
99846,6231.755126315285
92362,31127.886706713747
81315,10172.520641240233
85084,18645.261396150774
86760,16518.492202706373
80297,19772.03583169938
93420,23194.547438750757
78563,19352.676046472465
100791,13696.887290232757
89019,9377.044446470842
101709,11530.074657637655
103419,5981.921767103384
96092,15080.49940303361
89891,6541.281591332634
86562,11364.677972188161
95874,33698.34686689683
99343,14937.56718536219
87586,7363.40004388534
103112,10935.473845849701
82740,9986.545385124598
81595,29573.40699798637
77578,7437.119110240426
94090,19621.919114942793
102873,10877.760343480331
103258,14152.30176841584
107497,7391.8162430136
101861,8608.581387931918
103997,22858.900792315093
79785,14678.177656374115
90250,5116.4760439146485
93233,27260.451557100037
86527,15533.370957357285
86140,7189.960069249355
104063,8286.961120520573
77734,22509.68501947011
91652,19568.201823470445
97758,10664.729316106823
95096,16605.959045792843
106186,13025.200187509647
107960,22404.34023666689
78445,24269.623681108627
91886,25528.06720908935
82711,10167.615394747467
99248,8840.272643969976
91701,18101.50081094145
88172,8198.282677064883
83916,12650.235118852492
88883,11246.03444440462
90342,14877.962291327043
102042,16087.01731649859
96563,4747.647846858308
82344,22232.027519277442
102707,13411.138219826084
101718,13340.32382114837
102705,6530.899816190547
92589,25428.114624733513
84231,12532.456102790005
83534,8784.155693945766
85768,9964.126320702519
82141,10836.73777814352
87448,12080.513622667073
79569,17507.82120917189
82261,2682.4073368911922
80605,16712.43491148787
91120,11506.205506020138
92482,26495.40557850839
99998,14375.326316235994
82202,21499.605804914172
105899,22412.601279994473
93653,18633.747560834177
94333,19394.4234935618
107717,16907.57219348308
107655,9180.481809563702
86240,14706.571238706412
88745,14485.928674571187
81723,32923.24485353845
84125,14398.523394889751
89476,13378.328373695258
79059,35962.40084923322
77879,14678.43604136305
82855,16381.752179731324
108513,28434.561355155485
83646,4785.161371167604
95702,32604.9764219793
84145,11777.299859895924
107629,27622.235819807815
81843,12762.445482154435
98863,9575.84243293824
95154,28713.605714773134
93275,29746.926898365215
94003,21644.47296442956
81095,20807.30428632436
81099,12111.349263589364
105527,12151.899352489854
89596,11936.208157973277
91007,25240.13121720984
80594,18944.873846701914
82782,11724.675461336446
92721,19910.46029172733
91718,18751.55934415484
87452,12658.263512822596
78098,16265.76051021344
84123,12587.442716637714
104672,16321.679475979094
105118,12231.462943358958
84690,16179.46386770159
88986,11653.519439462078
76028,24368.432964387976
92995,19123.56959685011
76275,31494.47013375252
103315,2956.9340584655292
98168,18021.938068708245
93633,16383.888780312074
90151,9029.276907653097
105269,29715.15302191449
102604,-1328.5978719511913
89541,10905.022444290182
105694,27267.742938869487
80405,26814.010919948836
96001,15038.08757954603
96500,9063.057634173514
95235,20926.078865933698
88367,22817.633863646464
98850,13911.561027873744
105724,23155.60727645381
86451,12267.572563230584
86426,15711.842944011223
81213,41013.103813812646
98547,18380.97294007422
86461,3358.554049427068
99294,24110.667860970716
99597,11090.3958630915
92255,9557.071835363487
90097,22542.079575950425
102302,14140.98549870809
105746,9165.133230186097
86133,21510.939260298343
94950,46269.08247830828
103666,8335.187406115409
94750,23473.89867838296
92880,27363.018396848274
82349,18489.935648455983
107337,13261.524180610635
82954,3705.0437074207584
89689,16431.299349561334
99034,14743.528600839883
79873,15711.014772771741
107966,21478.073093292056
88864,-202.00122489791102
97942,26185.886393745415
97481,8050.898100701292
100313,11397.09248145853
99927,4775.490679419076
87287,9697.06418472738
99134,22950.809910297525
104705,13432.428269963159
86134,17921.80848139306
93028,26324.59143608788
80161,25661.941107456398
76639,22985.722576154323
79239,25387.39038059696
94244,21076.050022371666
103815,8095.450655664317
84445,15266.97083263917
85884,9313.600287383335
103496,9082.346192419092
88620,15917.520395717554
101448,4330.323314502399
100044,9282.751983244438
98388,17753.274862462218
87610,9622.0499844054
82063,30718.515173769585
82211,35302.76331579518
91156,17144.278644375983
83323,10433.903411177278
100187,10298.748709140695
93117,24381.42973949542
82227,25788.87975780292
94263,18821.624345741686
88207,2046.3020466488088
87988,14165.502548397111
104687,20979.588935024818
79791,45341.582329212935
82242,21031.47520399437
80273,14079.073495883917
81542,22995.73955822538
90361,14030.874435477192
83914,19881.336376358086
103142,14254.263839142688
80137,39422.50632960975
103580,14903.759495632577
98328,8799.683546091794
95936,35087.774729785684
95189,26102.713488962487
97806,22325.428837700543
95829,9096.099284287688
98684,22907.824596129707
92494,23699.259934589805
83016,21462.796881825285
80865,19747.573681130976
94537,20278.0843000123
86293,12196.657019307837
100087,3969.2037101482856
95534,18583.728645173775
80827,10041.013944420061
80610,12706.975541409833
97472,4414.53092689265
85523,7637.796488753549
100005,7754.264912473533
96618,28391.108344535634
104893,9928.866488676984
93688,34739.01951134534
86182,13199.58598122475
105091,17333.86703557019
103031,10829.78189429242
99359,5125.745624302683
101907,17214.46346241425
82914,13360.900128088513
83990,15292.162104218325
98598,21965.485178883886
85494,8138.840051558131
82922,10269.921321500296
82854,12014.335532692086
89024,19619.393826454354
91754,27010.320402673402
102699,-662.0123747886464
96887,14479.950530599803
102671,12802.424912312388
80646,20980.58611698568
88146,13981.463527882093
82969,15763.294321128196
77225,19969.449669437774
87443,6348.775259016285
91227,16962.421082560453
95731,19921.420317963377
95171,24493.85920602306
97076,16394.41228780168
98901,8835.753192015487
86013,8382.624314707427
80831,21304.400027931813
100258,8895.773705859843
103586,15023.384861042316
84553,15193.356551233504
84400,13642.120129877527
93434,35260.143916462475
86149,7517.230971450132
80336,21736.407619904843
104511,20758.654522384633
93127,22988.197364284395
86330,10420.286773585947
105082,13535.05283187714
101222,15227.424487639451
92606,33530.18058759307
90462,13612.840488027708
102123,13548.447918013291
83212,12327.78377766427
90403,14084.904956426937
79392,31885.87327114075
102630,16518.751604982303
85988,10077.717102533177
107908,23162.111609636137
80949,18256.628255636228
80517,16394.182189707048
97922,13191.578381122905
100296,10949.376714949467
93073,22054.904558624083
97137,6316.105345882548
88311,11209.230799431738
78021,16037.779559307557
81970,20992.84545256938
98957,5919.671002810181
99602,21311.17674548157
91417,16256.188599535526
89429,11960.169796823611
96535,18952.37945620129
80782,58576.20596978013
86889,19869.166759777698
79609,20057.43165467045
99497,11860.686560935908
99547,23295.264979261847
93817,8249.867977834714
91079,28666.203247560057
81962,14700.975331245718
85833,10961.21334842511
103305,10226.96803648732
94357,18814.969083843767
88736,10628.053584270296
105162,12797.383673150354
91131,23541.34789238799
84148,6629.1572135552415
76377,21048.287189844195
76357,26044.99134515354
84675,14668.86362910032
83239,28423.352214550177
86317,6528.045112471591
93990,25408.620379307395
96357,10540.821873295514
89745,20919.268411463258
97141,21664.423282973774
82911,15830.431616126007
82943,5146.178271576369
96282,-694.5689016562974
105885,20072.00425676981
80131,39092.41986394666
99806,21444.551226692303
105497,24820.995071565325
106447,29565.30966982743
107746,20626.743099995656
89523,4667.250222546878
84388,14823.524483992413
78166,29030.914381288618
103685,9808.39597193501
105018,12573.418938847259
102373,-1533.339743590237
76988,26017.384178971508
81097,27169.690627477423
105521,20421.676859642714
99775,13966.853532417008
99766,12021.41896296876
101346,8478.560153186641
95228,5755.914502917411
75982,27184.931748742776
107142,3410.134801259963
86109,13132.636041030491
94195,21352.876612325665
80777,30824.96473341537
92612,23052.89523857289
99383,12655.483119779994
81686,23656.68063828934
88650,11628.097479778022
95681,16813.570255243394
100071,8595.73824702116
77554,36455.10721840669
103505,-2929.1796086971226
93281,22091.291319175158
107444,18982.776036846742
78752,24072.71722848607
103057,14262.501981899157
100248,13678.870391558128
98489,11001.543325932274
89189,15985.776668581326
81293,15921.673478130688
83285,10564.667157804943
99459,16691.93791812127
90810,6816.50536864817
82015,16494.052058935107
96132,15513.627435901086
80808,69248.89227802
104685,18923.834501194215
80937,21225.863111211365
103328,10380.770955336338
76512,23351.42778363891
83456,13626.013192876417
95102,29619.281523623562
79692,22284.590069840342
107807,3020.7331889086054
99176,14681.08165632296
89632,13453.83603065525
85310,17360.128848337714
105676,15227.837222370203
96825,4227.144793767686
76640,9022.089469993982
99932,14962.796207363863
103568,14804.875060728344
100906,11913.92928915174
97420,15857.012789863002
86996,15691.948728594754
86948,11680.754284949973
77326,24630.22265342879
89296,14642.029860553332
83087,7762.660479518512
100477,16542.97990632744
84635,9575.444103581249
95060,24942.759825689864
79303,25057.77492384748
84026,9102.275441765523
87802,11746.346029331122
85561,15910.187325579056
95941,19199.774570666603
107662,23017.349854575703
105811,10264.285281295248
81618,15763.348912366666
95733,25369.9749572024
93613,17704.27816786908
82163,-1222.5465946865152
91734,30636.409031588453
87677,1508.5321180343017
89816,8312.250052246673
106327,9428.060530924588
101799,14154.864794493216
106344,6708.8377795068955
97705,23535.842283498205
86976,19949.818691653898
104847,21085.86753341378
103833,6537.52230312649
103482,10435.736608484163
96532,15757.251198458078
105817,13238.039514001124
80883,16860.836027990008
77825,41824.432101281694
98673,10240.158695940481
107364,7411.148942146072
88945,8220.749360889706
108307,15590.038855940045
78078,30157.89993833538
92490,27258.395070326456
89401,11983.163452949811
81002,17206.20687227053
93285,22309.409067336543
76796,27486.601756296892
99933,-778.743909568635
103989,6332.727818383923
77504,18330.85763067042
77187,15040.84957132215
76477,10037.581051827146
104834,12851.953739695076
90656,23785.351908384677
86161,5183.051158950868
82503,17392.960602707157
95429,26465.803621410945
86123,23912.947316987513
85549,11189.801915362797
101443,9528.62883026227
89089,11666.650418756093
101004,8239.863499001716
98976,9306.77201993829
106328,42844.22781947997
101630,-345.2679589973195
79682,13820.44657512239
107885,24328.990351145825
97206,5713.5902401442
80721,26207.91235819731
96625,26789.88608858324
87687,15051.186573389044
91458,23185.527906518677
104683,12057.846316215378
104151,10653.891522614707
108346,31016.165682831634
101262,6794.510488483007
96543,15849.666207552538
102763,5924.075433861552
81274,15193.869767328637
95280,13947.489165118546
82561,13657.003857080446
77783,19715.231017157814
95843,29673.819002391014
99776,4592.337961998477
79114,14305.464486556433
102376,13778.976257148548
101704,13204.817262383513
77297,21945.811240876385
80285,33388.29064092238
83467,4829.774858721517
101059,10083.799728117592
102229,11659.76304169702
84664,14238.058946041376
107750,19257.738564199884
102405,11071.514393345133
85553,8378.153803751746
89780,30972.840436377155
104268,10057.732467876049
102935,6120.477811975201
97898,13108.805438046664
103785,2528.750757337635
98529,22763.52893110641
93897,14010.67544692209
101766,10233.729001033818
95038,18801.24940808068
108350,21520.289766252856
103542,10008.486387784476
106061,38237.45167383185
82286,21104.598144386808
93548,27292.520807397697
89937,11090.531747588335
97650,18629.345596626285
77515,34171.563164974286
87466,15050.523733633585
87489,14888.942889581755
83029,7211.837990974105
78512,47254.70396384508
93310,23172.63615527576
99598,11280.52736425362
91341,18206.569413761128
82704,10152.082111694239
80819,9782.579200188076
82774,11001.25632308962
100367,-3361.565109598778
80303,17114.98589210518
84897,10715.902915711136
81307,30440.248110894987
99687,7391.313241734577
85321,13458.566476487613
80702,12068.061788533087
103843,7606.91802603488
98898,7391.839114804112
87147,12189.096054624853
97662,8322.772118365188
97518,14455.23058479745
100217,2994.081290979433
94513,27649.878749882686
77035,15588.826410982612
103165,5689.329143654584
77140,466.90553545818693
103771,14107.679121594469
95993,24488.51995738194
83624,16918.049039275997
97945,6994.359170291253
87103,4345.5549429876555
107640,13633.493366753944
99549,11896.98842988038
80464,20361.4045916256
99623,15404.250027006317
103689,12462.618149136804
97337,11799.04016731902
84308,25213.582387123082
81459,26362.249156012345
104126,26507.385010149577
97303,20253.000409233282
95139,18401.206046847758
93074,37324.255293906695
102368,9794.903393611938
78475,11715.669166513107
80333,24515.73843637774
80144,14195.557966020016
100439,6536.338235839183
108154,18678.031868181395
107137,27047.885541640237
92752,23505.596321085555
89896,13264.715304834768
90485,32058.79774708918
83159,12358.647613456182
76671,19398.538980709855
96849,13355.137165687484
93722,33236.41791936477
107787,7696.053519425244
90164,14471.019137791547
84760,13023.457336997439
90370,10963.771230953222
88117,9583.385260031151
89557,12152.773052453136
98274,-3360.9505005171595
97325,8970.552108556294
78887,28061.334292494997
90525,17160.55597402212
86491,25452.56739833145
81617,12845.881138336583
96123,9049.281585307443
79413,13335.611277535121
88016,14301.566668280284
104681,23088.320716888746
83330,7232.505875281058
99163,5614.279718627193
102236,3753.124377107364
78116,17749.31832252181
81077,21318.546013540676
81046,26262.89797564609
93928,24064.1280436502
96436,9331.05967032275
93479,17992.217063063377
92021,26905.972410797287
95143,19606.60733197347
90500,12505.718855535844
78940,16220.873784308526
94861,17672.86304041538
81961,14467.174901371953
87630,12245.375616348203
101224,15577.649538759404
103357,7436.752631004871
99521,13556.561644380155
103897,16132.280573367956
76701,10413.619882882951
83560,9622.131566845666
83516,17707.15888564699
76385,16140.77758378812
87311,17121.211601442104
102065,11111.171357062703
81718,20203.853571117623
100025,20496.81887541985
93182,28670.43674053339
79240,23284.73484041197
96331,16343.505085599842
84781,12320.010622042406
100663,-2216.7290683346873
76390,23630.20426244766
87234,9967.978261812663
85790,18316.922056946583
91278,24202.361046585836
92254,23274.590596420516
99105,4439.834989437193
101324,11106.783411591197
104734,9752.075124928931
103445,18951.352905711858
103323,6332.5573155723105
78055,24071.0466887745
101302,13700.230960240631
103095,9445.776640154829
88134,6598.861324356258
79346,13131.796515612354
81699,16185.393599748582
96464,22850.13874798233
86609,12000.525992747658
96737,23661.852328723617
100080,11742.335275183636
93423,24737.58149606698
79886,23545.501453972378
89452,11141.763426950725
81509,18938.90341658036
83975,18560.027528990788
81360,5036.196014463319
98089,11316.910491452058
104047,25795.923398391722
78711,18942.135548825798
81025,24868.56977025338
79973,17501.213028282815
102117,16613.50261395279
78400,48259.95399519618
87911,11566.938543421595
82806,15313.278053155344
102480,10408.78367659112
94044,17752.710596317716
76824,15278.80496189036
104095,16938.8525045173
98660,15261.848426331795
101444,12641.237747152714
92320,37567.98069611468
105141,14266.277687472786
106950,11291.649547166278
81851,24755.23513654899
100884,9816.01117364809
95196,24217.983900001054
103636,959.9345528600097
80584,16348.789014054302
92337,20988.251707018775
85513,8287.345520850067
85180,14626.876645629542
103365,12176.285182263004
85796,14916.36207756988
78462,29225.534459087867
87895,10660.89705464887
99262,12862.648998793768
83363,11231.059378354083
103800,17158.24710011593
78822,10395.818635342206
107816,13777.489547799807
90042,10675.86184278995
99022,11168.668429566169
81854,23099.908663367212
102619,14893.152560197748
80425,17712.285375190157
102306,15965.26677600111
99778,13294.222277456312
105957,24833.120973183744
102184,12281.648943646025
105195,9811.849435552955
98841,14515.388575773395
78452,32482.78541399882
98974,11278.070801071997
86430,12894.053825944138
87124,11027.732915198663
105872,22305.500559972046
108077,15211.071203377185
103608,13236.267208293895
89218,17811.668048654406
106418,21230.641123939276
94498,10876.493030287296
89269,15589.299749143363
87283,10741.77499255113
97545,12272.918720379734
85408,15965.619358612312
104594,8060.332717697864
103905,9825.468002638227
95101,23468.490588577377
83226,12281.164819343845
89257,15051.882700436181
79479,12681.296161196224
77652,19717.499143765497
96606,11473.7028555914
95504,4077.091261728987
84103,10170.890626218548
102843,4374.155065474057
99361,9605.153055916016
91098,20811.89645232691
92937,21347.74015583837
85635,12224.434832343832
105348,13866.720072022523
96427,22067.874077013606
89473,19543.070451096515
79316,8913.00284381432
89157,18238.45339715696
92217,20628.54370788386
99761,17394.574530989485
88748,13171.865863991115
96029,23744.86032637827
92916,25815.645043872282
81210,15233.286424743419
83778,20792.43395822239
89380,7476.58351246659
103398,-7443.368454683507
92869,16546.904865743287
105278,21492.800964690367
77054,20596.340192593605
94021,23326.90916976682
85177,11317.913942170766
77904,20008.245727581976
99917,19259.433908192004
77123,25506.02641147883
95195,23609.038779810508
81922,32456.834028755184
84281,19111.487564961048
101289,13639.820958557655
108200,25841.36371751412
90235,9170.457236741553
81150,35812.84360938192
104224,18351.55354953154
90071,15402.209227550833
93187,24744.861018352603
84284,11618.26476205248
97109,8944.406753594376
102231,10660.198334692104
108093,8761.137981552049
108443,40116.851928659686
92992,17670.64653259312
80438,70554.18330347478
104913,10608.719847602944
82772,12030.569022154406
83960,13517.741301120637
83052,15451.97482451232
82939,7428.970266025019
91175,24508.941033668016
80115,26007.785502350656
99384,7311.673301752424
101540,13962.85963123021
76849,33610.480311204665
97226,11718.854785952484
97672,22587.336234525515
97579,7594.564108367063
92361,26976.179273919595
91952,34011.314847400005
79024,18571.57116833006
98048,15146.693694164293
95481,24424.477970548236
90572,9581.823998756634
91301,20692.658010512678
103209,9875.218634186836
78464,14969.193628682115
91311,31985.861536877637
105722,21186.554512791976
96211,10085.006736805022
105482,9872.488346557817
80750,45831.37429818597
85880,16307.193849563671
106997,20663.759830010298
99866,22555.8685531315
107262,14398.000822149246
98814,-3125.652260744828
98650,4481.247776634278
93505,14618.331444770534
103810,13987.736714778206
92931,47563.406966325405
96126,5991.747544940328
104285,7404.55126530095
96503,13392.490366588288
76826,24537.97971182385
102531,9788.829649605585
86939,13655.961498750752
98276,12218.530378772237
89094,6896.788450704451
89376,9229.508136482764
101715,5219.9903822319175
98971,8677.938186766114
98359,14954.962924921332
101520,12042.355351981736
86866,12234.921874083375
80468,21244.980292254244
84146,1360.3836384485621
82628,9637.518462640015
88012,15773.282725239711
78341,19907.575190380536
104664,12136.993385674738
80753,28541.7328202809
88296,13306.149596198025
100349,10658.257138196757
95307,26492.26036177273
97982,18522.840966395728
99328,26031.073755442063
84689,4050.575215022487
86620,11884.983375022799
105565,13798.55402784716
94198,43532.88776541504
81959,5075.086754584307
92894,42018.83095327746
95163,21474.364118133686
81774,19607.8091037555
97953,4852.612069715135
83179,11417.064993766006
83316,12581.26445280225
88506,14554.6443861718
83533,9109.584738295438
84069,11513.9381325336
103724,9458.940379010804
76757,17701.28040467587
88222,14005.560816970872
77382,18164.31406379248
86702,15092.595434327464
92511,14382.50296027254
100163,12802.380216544814
78982,23176.189366084465
94043,18189.493110375304
87066,8940.259714800864
79987,28854.32163282088
83428,18786.927338485373
88886,20154.820776529756
79836,18333.22511275197
95090,25029.511030526803
77868,25343.213694015052
81415,35151.200398754605
76542,26076.373497910812
99066,10355.796116735059
98211,16029.417072456563
77789,14074.756083028158
102614,7937.1150396457815
100676,9442.6115320026
95751,16450.769609217357
95684,22131.762942167552
108508,15411.643698363478
82075,18600.68855623543
78948,16328.371758480818
93337,22652.340423330286
86465,16555.025260255497
76163,27529.77065605689
101688,12223.83189596844
97445,19391.207559391012
76672,29866.530765825853
108153,29565.736223748216
92963,27661.187699864953
88441,11239.194831446337
76274,16166.284987092164
107189,7653.574401020509
79393,10839.411349378643
94684,29257.972651445176
77033,10860.0864064458
106413,20053.2858799878
90407,22583.333939332428
86730,10986.002924714863
79417,6976.88011999501
93426,27194.267594465986
86689,6030.3673793661
94562,27222.43861773271
101792,17581.82539033529
99696,13934.589904005406
84181,22296.332754807037
83652,17464.111425381227
87285,8760.963252677378
105860,175.1005035263588
80615,15711.932489168248
100040,7123.50512966697
88919,12617.846980841103
84980,13186.079827441208
83969,13513.142482553842
103616,5452.313053926249
105097,15974.118170278438
81573,31718.398845503354
85124,14664.117635012924
82995,16201.214587466398
106976,9571.761160702881
97250,16025.985604117042
91609,11182.295540262698
92582,26990.696036601395
106719,15477.135840919334
95711,23097.631864496332
81868,22390.442845431666
86650,10158.69769553424
84727,4401.830515624562
79409,10524.08971540691
90538,17792.558289970882
90346,7213.683886504819
94050,43355.54282166426
82866,8465.550795053045
93402,17973.46538655249
95803,40764.2569958001
88730,19492.74428795032
84023,15800.785610188497
85119,15017.299530343822
80528,25453.102010370232
103284,8136.265449186001
87269,9051.308400344016
80708,16200.839683528087
96853,21781.667302005342
77191,23073.86136131997
89419,15099.841253415274
106060,11193.820624411397
98372,-2896.759113795233
102076,7152.17207474896
79960,23453.742315789874
97268,15616.732969791832
101849,19782.996632035618
96850,22268.108207633763
99301,3664.0788089386624
81672,23957.537582566918
100709,12636.306703957292
104616,8590.980325451907
89965,8888.476210269233
93313,15608.138682348785
104340,15311.050873355736
103783,13749.0146537291
78842,28200.918649353946
87942,11303.289022247423
96790,6241.14639342716
97330,13238.126382866176
90180,12080.841326466863
78934,28414.90576254572
90145,21692.58205369074
78173,18969.30709179223
92455,22672.47533139988
81565,25045.515335099248
78530,27105.993155799108
103732,16181.493270567385
91559,13811.588203538675
100802,11305.353728101618
104472,26650.025715175987
96556,8176.304804694519
85610,9925.04976096256
81512,32312.14132870309
94005,23397.559974248143
88847,12063.526719960035
105272,18438.263699112038
88156,5755.001514132717
102245,13179.241368260235
103740,22450.442762908904
98554,-1228.1576288406213
82268,11569.405802698486
80472,14099.509060147975
77127,25129.436809214996
94612,12978.004797873713
91124,35035.7658404948
85847,14110.619228299882
95527,26638.177138095663
83373,16857.33860564306
86221,15792.32040312534
83131,14156.48258102496
104639,20519.746906111453
108323,37610.30983192357
95465,21049.27830121288
96905,18242.37456094149
104272,17255.033637862492
90562,15381.256640476
81396,32649.632264702683
107589,16568.169720766527
78022,17751.56941667595
89141,25449.263247280454
87808,15019.551109720123
92344,17541.215251074114
85181,15157.242457534565
101172,1639.519846068113
107038,17706.564859309365
108214,40157.013005143235
90048,8004.25010918919
92619,17073.88649725406
106279,13752.666248447
103918,12438.136677677947
96418,26817.064979414863
97891,14906.346878208875
90459,8013.837049343507
90230,19643.073725088703
82589,10052.829892403388
84093,4859.047061970661
84128,18071.69214309883
77775,20617.817354288403
80709,16669.296469811772
87084,16364.358691873698
78358,26451.455714753654
99051,5556.736262283986
81732,8692.675497599237
94316,31646.70376696538
95333,28530.761433337102
84653,7827.121205850621
94200,21814.82113218632
77707,25592.294038580556
78884,8336.1253726024
87384,13711.213842170895
84311,11900.118714029755
106179,4768.207822922355
77959,47020.542286683994
101918,11497.095203712728
82519,13787.002334171033
90216,4889.873898384569
99455,6709.453435540869
78784,27592.045901321617
93016,19843.974716094832
102343,10707.501882273893
91681,25295.32524154232
94868,15968.628651412408
87562,6429.929185501067
96639,18803.79205410162
85312,20327.90852857672
103821,4519.147160560591
101157,15935.526069890417
98644,11305.440908546938
91060,24708.181958692832
87747,1044.9252700056677
77903,25127.36069451479
99482,17701.401640933676
76170,18891.54618444253
83750,18800.618295396445
95288,15078.142002429071
83977,19552.356525369658
78300,24141.22865172154
80362,6943.755210859614
101315,2737.424144201621
88661,4966.872627306962
96575,25851.42631060118
87420,16220.054323502496
76175,8669.321865706792
95867,29927.572645555978
80904,26071.02521657404
106939,15194.300585376928
97892,11754.985852332888
102282,14546.931326668593
81764,21617.917208801227
103326,12389.108253922459
94064,26628.601004994285
97529,21317.10065270697
97606,5303.729790195503
89922,22436.20778115561
104023,12944.087375910822
98885,8107.601173345756
83365,13572.569243373087
81828,31909.954317059775
100521,9749.452363238117
76827,6962.994738743204
89850,10205.666936235619
90528,13109.458762362192
80710,24601.637264901554
104646,15063.85992367909
102709,9738.488197365237
93055,20418.12389249119
103701,17760.976689543488
103548,7634.611094291089
96053,7049.868078222906
77609,27885.08634714644
99637,13399.859074923574
99911,17279.25490174201
87622,15278.950301247256
95938,16435.742537991653
93648,17551.783463046566
105208,19616.824598661682
82558,25744.92131295387
89781,20949.727682769444
94210,35884.83094356237
97589,26813.602299666978
96120,15839.184709157242
79277,29280.109213645803
93852,26269.62058616386
106276,14993.122313328495
104292,22343.10562143188
103994,14334.097501853394
83967,16648.213940908376
77971,24328.84155646994
76636,27884.465605719553
105328,11520.360764413432
89518,8209.981688940461
107941,11240.998597871861
79721,22384.649904954073
96770,8589.048011301755
105293,7443.274320060038
81503,39337.57524988627
97932,13481.853721796171
101258,8613.521048943614
83499,6423.963440731808
85447,11962.576652103104
98221,9642.292742711812
105617,26400.89721561763
103224,2402.1957414548087
82749,4882.519446488004
104578,16672.417868891935
77279,20922.26778264281
106045,25503.824952210154
106053,7358.953972069707
99749,17264.473982206182
102786,16368.807364681299
87467,13157.672513615194
97949,7773.048806010032
91680,26626.91811706862
86203,17784.585124659294
102078,6722.391553064575
94020,24567.070652628725
97807,14988.31431389095
86146,13595.079629842381
92130,27410.56574991242
108463,14409.1305813668
79600,26287.49045559876
89904,1828.5009335620562
105696,11039.257113424392
105440,13464.28752216653
78666,29212.66131379672
87225,7011.031719504856
92285,39052.847657941034
85762,8331.698795793127
107249,8465.80602490221
86894,10203.936489630127
86790,21662.97308444603
98272,15100.74324188316
95514,18159.433813436946
103863,14403.97399454526
85887,11246.289608243213
92171,21370.93966551678
105828,18846.67438763869
99025,3482.087745262019
77032,5863.832335724786
96993,19785.88009961511
95599,14556.792691940747
77651,32777.83191252178
99249,4119.52678584808
82347,29880.057587098956
83547,15232.881653109565
90793,6703.67825036397
94114,12755.015790520381
98376,19336.63248675305
88356,12786.229237835127
97473,8130.041732599901
84728,15906.217327912149
99765,10150.156948282922
95147,29414.28840131186
93220,23681.05092148963
91907,27251.340488164264
100215,8539.081429330574
93841,28492.85506471219
99392,11284.502112376882
100078,13088.21111170185
98334,41936.5803133688
97491,10335.051792292623
76179,14467.796064895534
96845,19297.918177421176
99295,15513.662147615309
101419,3759.144702200487
88658,14798.996116516937
82883,20325.084283344913
76475,12194.557368590351
99742,13937.28057594299
93385,29334.086131367963
96197,6105.4492291332135
103239,15132.083186014832
89746,14589.637139621977
84083,17484.27951427785
90921,24448.081680295523
81029,35278.64824587082
85735,14851.555749446212
100511,7715.100615982214
86938,9886.883081792534
106540,15736.122549186912
95088,29078.68494779512
106791,24845.78907050632
101353,5631.701543060364
90012,7496.172121504715
87810,9392.194430557021
78427,23852.635557507747
105147,22307.611872831767
99572,21142.919183511025
95461,32369.988952249943
91238,26285.636104809775
89040,21759.018460052088
106508,16967.830438732548
84365,8766.653627424093
98635,15557.53556801239
95456,27914.547095519098
82157,21992.325269415305
107710,14319.533195707205
102827,8612.56587146569
79534,21454.679918892492
81865,26786.16657913258
88639,12427.29168758425
106981,27245.72244020563
105063,8512.347441836842
89959,10952.917374201177
76364,25142.394371935938
82709,11851.95734134849
97975,6873.3639074851235
81231,27968.256689461967
91395,21386.545546064794
102044,10968.096041896293
78668,14649.089189746534
78000,19407.619361561054
105797,19303.775439520046
97820,18806.454801119195
78541,18865.349648621574
83979,24363.950433013466
92189,22134.868342091722
92421,26658.547315459262
104433,15266.40176773211
94419,23957.853871846703
81249,62432.64444589075
83181,14094.58211198682
101041,-211.10465708463016
84544,7820.561994191783
82304,26814.275190159184
97216,23590.222347423638
106909,25650.630198974555
88158,3039.599851128325
97244,18883.587823962225
85241,17177.943858154293
93235,25437.07205244107
84502,18183.745123619883
100273,8486.306305310645
99220,8738.602338900091
100249,7590.4852287531685
98796,9657.765943982726
100226,9062.295912647009
76989,50101.65213052991
101824,14224.201234381995
104347,19831.111461607594
83602,12538.589238257642
105100,27567.128033148867
87507,8212.96452755906
105460,21343.017788813304
106962,16787.021190978296
76968,20437.668527999223
102530,12297.248883232955
80270,25726.453073921337
76134,14065.339902777283
81648,26334.85095840352
82846,11308.8971192795
107094,27195.56809480468
88963,11717.179734395075
85665,15874.027738325909
83962,12496.48732952452
96200,14705.372388709657
89390,6818.406675827864
86778,9438.28828583425
87626,12408.588625886085
76994,16352.350967016406
95430,14243.765465843113
99912,9463.016560775752
79916,39634.70870183078
77558,36944.22121746333
102504,-364.5204288994428
79125,22348.946086568074
90514,16141.763827193325
84199,11801.384110088955
88179,13314.853184415173
93132,26765.32323260237
103105,16765.955528704042
91760,26757.85400329635
102027,13768.41295638014
99456,9843.368166233166
97843,8370.36148080934
98592,22193.457526763203
101912,6429.0289876172465
99398,8840.328126909386
78585,20711.968525111093
99870,16998.941838782426
86989,17602.993392030447
86206,9806.754656000558
84406,9155.862099084145
86226,6788.1123769367405
86528,13709.391662034439
84765,14262.717728297255
86600,10601.54655586573
97750,27420.275931833225
90475,9224.746866325499
103437,7072.570570465439
106713,16264.312751970487
84811,16228.578392399271
79863,24665.20968322312
79529,17486.42033570037
87367,11820.172290500472
93885,25933.13460250228
107524,12210.800745995584
77240,26574.744748686324
100091,10730.149629479478
77872,24865.4150718265
97015,26368.881145738735
78978,19410.72584844855
95091,25092.7569961595
107650,16453.90314439661
76162,29645.57875628509
102355,14752.980570360058
101524,11960.529611624632
78720,37290.51013605531
108192,27364.51869568313
94404,19012.767100495388
100206,11046.614246209705
94915,27998.8485641569
101631,7695.267514128442
84639,12411.743481354992
108277,21954.73744261889
103453,14656.047567814181
105392,20232.27169555903
82369,11471.27140771522
104666,10168.115421980896
95742,27013.340350282902
96912,13471.99143826263
93541,24572.495744384505
82393,19912.075957780005
81024,14246.361014463764
81284,21899.526638780386
78406,24984.038830627353
99306,11650.691709133098
108130,7307.231941412232
106160,19735.6104715369
102940,17020.397560829122
76742,22999.5568752627
108025,16047.46980180897
77658,26491.575876258226
84295,10545.874720796535
91996,16162.369610753944
103468,10321.136949775013
87336,10765.980619531038
103993,24579.073500595172
90396,7899.603041587368
97935,12609.669643212575
80399,27186.962391595007
105883,10621.334874032502
92823,25349.309887257987
82238,21435.308467823343
98091,19954.60891899778
87257,14741.731086015643
87937,12440.074944407068
97548,18327.703873824197
105775,17587.679105053598
81363,32011.578854929525
76833,33839.06909518718
91768,16346.729859532468
99627,12092.963321511532
